accuracy,precision,recall,f1,tn,fp,fn,tp
0.943519188993483,0.9441441441441442,0.9176882661996497,0.9307282415630551,779,31,47,524
