dataset,classifier,algorithm,cluster,topk_BD_Shap,topk_BD_Lime,topk_Lime_Shap,rank_BD_Shap,rank_BD_Lime,rank_Lime_Shap,sign_BD_Shap,sign_BD_Lime,sign_Lime_Shap,rank_sign_BD_Shap,rank_sign_BD_Lime,rank_sign_Lime_Shap,cluster_size
bank-marketing,rf,AP,cluster_0,0.6,0.3,0.3,0.2,0.0,0.0,0.6,0.3,0.3,0.2,0.0,0.0,4.0
bank-marketing,rf,AP,cluster_1,0.8,0.5,0.5,0.2,0.0,0.0,0.8,0.5,0.5,0.2,0.0,0.0,9.0
bank-marketing,rf,AP,cluster_2,0.7,0.2,0.2,0.1,0.1,0.1,0.5,0.1,0.1,0.1,0.1,0.1,34.0
bank-marketing,rf,AP,cluster_3,0.7,0.4,0.3,0.2,0.0,0.0,0.7,0.1,0.1,0.2,0.0,0.0,12.0
bank-marketing,rf,AP,cluster_4,0.8,0.3,0.3,0.2,0.0,0.0,0.8,0.2,0.2,0.2,0.0,0.0,5.0
bank-marketing,rf,AP,cluster_5,0.7,0.3,0.3,0.2,0.0,0.0,0.5,0.3,0.3,0.2,0.0,0.0,7.0
bank-marketing,rf,AP,cluster_6,0.7,0.1,0.2,0.2,0.1,0.1,0.7,0.1,0.2,0.2,0.1,0.1,21.0
bank-marketing,rf,AP,cluster_7,0.7,0.2,0.2,0.3,0.2,0.2,0.7,0.2,0.2,0.3,0.2,0.2,19.0
bank-marketing,rf,AP,cluster_8,0.8,0.3,0.4,0.2,0.0,0.1,0.8,0.3,0.4,0.2,0.0,0.1,7.0
bank-marketing,rf,AP,cluster_9,0.6,0.2,0.4,0.2,0.1,0.1,0.6,0.2,0.4,0.2,0.1,0.1,4.0
bank-marketing,rf,AP,cluster_10,0.8,0.3,0.3,0.1,0.0,0.0,0.8,0.2,0.2,0.1,0.0,0.0,5.0
bank-marketing,rf,AP,cluster_11,0.8,0.1,0.2,0.3,0.1,0.1,0.8,0.1,0.2,0.3,0.1,0.1,29.0
bank-marketing,rf,AP,cluster_12,0.9,0.5,0.5,0.0,0.2,0.0,0.9,0.5,0.5,0.0,0.2,0.0,7.0
bank-marketing,rf,AP,cluster_13,0.5,0.1,0.2,0.1,0.1,0.1,0.3,0.1,0.2,0.1,0.1,0.1,16.0
bank-marketing,rf,AP,cluster_14,0.7,0.1,0.1,0.1,0.1,0.1,0.7,0.1,0.1,0.1,0.1,0.1,2.0
bank-marketing,rf,AP,cluster_15,0.5,0.3,0.3,0.2,0.0,0.0,0.5,0.2,0.3,0.2,0.0,0.0,13.0
bank-marketing,rf,AP,cluster_16,0.8,0.4,0.4,0.2,0.0,0.1,0.8,0.3,0.3,0.2,0.0,0.1,4.0
bank-marketing,rf,AP,cluster_17,0.7,0.4,0.4,0.3,0.1,0.1,0.6,0.2,0.2,0.3,0.1,0.1,13.0
bank-marketing,rf,AP,cluster_18,0.8,0.1,0.1,0.3,0.1,0.1,0.7,0.1,0.1,0.2,0.1,0.1,8.0
bank-marketing,rf,AP,cluster_19,0.7,0.1,0.2,0.1,0.0,0.1,0.7,0.0,0.0,0.1,0.0,0.0,6.0
bank-marketing,rf,AP,cluster_20,0.6,0.3,0.3,0.1,0.0,0.0,0.5,0.2,0.2,0.1,0.0,0.0,7.0
bank-marketing,rf,AP,cluster_21,0.8,0.1,0.1,0.2,0.1,0.1,0.8,0.1,0.1,0.2,0.1,0.1,10.0
bank-marketing,rf,AP,cluster_22,0.7,0.3,0.2,0.2,0.2,0.2,0.7,0.2,0.2,0.2,0.2,0.2,14.0
bank-marketing,rf,AP,cluster_23,0.5,0.1,0.1,0.1,0.1,0.1,0.5,0.1,0.1,0.1,0.1,0.1,3.0
bank-marketing,rf,AP,cluster_24,0.5,0.3,0.3,0.2,0.0,0.0,0.5,0.2,0.3,0.2,0.0,0.0,9.0
bank-marketing,rf,AP,cluster_25,0.9,0.2,0.2,0.1,0.1,0.1,0.7,0.2,0.2,0.1,0.1,0.1,11.0
bank-marketing,rf,AP,cluster_26,0.8,0.5,0.5,0.3,0.0,0.0,0.8,0.5,0.5,0.3,0.0,0.0,8.0
bank-marketing,rf,AP,cluster_27,0.9,0.4,0.4,0.4,0.1,0.1,0.9,0.4,0.4,0.4,0.1,0.1,15.0
bank-marketing,rf,AP,cluster_28,0.6,0.4,0.3,0.1,0.1,0.1,0.6,0.2,0.2,0.1,0.1,0.1,4.0
bank-marketing,rf,AP,cluster_29,0.7,0.3,0.4,0.1,0.1,0.1,0.7,0.2,0.3,0.1,0.1,0.1,7.0
bank-marketing,rf,AP,cluster_30,0.8,0.4,0.3,0.2,0.0,0.0,0.8,0.2,0.2,0.2,0.0,0.0,22.0
bank-marketing,rf,AP,cluster_31,0.5,0.2,0.2,0.1,0.2,0.1,0.5,0.2,0.2,0.1,0.2,0.1,3.0
bank-marketing,rf,AP,cluster_32,0.7,0.2,0.3,0.4,0.1,0.1,0.7,0.2,0.3,0.4,0.1,0.1,10.0
bank-marketing,rf,AP,cluster_33,0.7,0.2,0.4,0.3,0.0,0.0,0.7,0.2,0.4,0.3,0.0,0.0,1.0
bank-marketing,rf,AP,cluster_34,0.7,0.4,0.3,0.1,0.2,0.1,0.7,0.4,0.3,0.1,0.2,0.1,11.0
bank-marketing,rf,AP,cluster_35,0.6,0.3,0.5,0.3,0.1,0.2,0.5,0.3,0.4,0.3,0.1,0.1,16.0
bank-marketing,rf,AP,cluster_36,0.7,0.3,0.2,0.0,0.0,0.1,0.7,0.3,0.2,0.0,0.0,0.1,15.0
bank-marketing,rf,AP,cluster_37,0.8,0.2,0.2,0.2,0.1,0.1,0.8,0.2,0.2,0.2,0.1,0.1,24.0
bank-marketing,rf,AP,cluster_38,0.7,0.2,0.3,0.1,0.2,0.1,0.7,0.2,0.3,0.1,0.2,0.1,10.0
bank-marketing,rf,AP,cluster_39,0.8,0.4,0.4,0.2,0.2,0.1,0.8,0.3,0.3,0.2,0.2,0.1,7.0
bank-marketing,rf,AP,cluster_40,0.9,0.3,0.4,0.2,0.0,0.1,0.9,0.2,0.3,0.2,0.0,0.1,2.0
bank-marketing,rf,AP,cluster_41,0.8,0.3,0.3,0.3,0.1,0.1,0.8,0.3,0.3,0.3,0.1,0.1,7.0
bank-marketing,rf,AP,cluster_42,0.9,0.1,0.1,0.1,0.0,0.1,0.9,0.1,0.1,0.1,0.0,0.1,4.0
bank-marketing,rf,AP,cluster_43,0.8,0.3,0.3,0.1,0.0,0.1,0.8,0.2,0.3,0.1,0.0,0.1,6.0
bank-marketing,rf,AP,cluster_44,0.9,0.3,0.4,0.2,0.1,0.1,0.9,0.3,0.4,0.2,0.1,0.1,10.0
bank-marketing,rf,AP,cluster_45,0.8,0.3,0.3,0.5,0.3,0.2,0.8,0.3,0.3,0.5,0.3,0.2,6.0
bank-marketing,rf,AP,cluster_46,0.6,0.2,0.2,0.1,0.1,0.1,0.6,0.2,0.2,0.1,0.1,0.1,11.0
bank-marketing,rf,AP,cluster_47,0.6,0.3,0.3,0.3,0.1,0.2,0.6,0.3,0.3,0.3,0.1,0.2,6.0
bank-marketing,rf,AP,cluster_48,0.5,0.1,0.4,0.2,0.1,0.1,0.4,0.1,0.4,0.2,0.1,0.1,9.0
bank-marketing,rf,AP,cluster_49,0.7,0.4,0.2,0.4,0.1,0.1,0.7,0.4,0.2,0.4,0.1,0.1,3.0
bank-marketing,rf,AP,cluster_50,0.5,0.2,0.2,0.1,0.1,0.1,0.5,0.2,0.2,0.1,0.1,0.1,8.0
bank-marketing,rf,AP,cluster_51,0.8,0.3,0.4,0.3,0.0,0.0,0.8,0.3,0.4,0.3,0.0,0.0,10.0
bank-marketing,rf,AP,cluster_52,0.8,0.3,0.2,0.1,0.0,0.0,0.8,0.2,0.2,0.1,0.0,0.0,6.0
bank-marketing,rf,AP,cluster_53,0.8,0.4,0.3,0.0,0.2,0.0,0.8,0.4,0.3,0.0,0.2,0.0,6.0
bank-marketing,rf,AP,cluster_54,0.8,0.2,0.2,0.3,0.1,0.1,0.8,0.1,0.1,0.3,0.1,0.1,6.0
bank-marketing,rf,AP,cluster_55,0.7,0.2,0.3,0.2,0.1,0.0,0.7,0.1,0.2,0.2,0.0,0.0,10.0
bank-marketing,rf,AP,cluster_56,0.8,0.2,0.1,0.2,0.0,0.0,0.8,0.1,0.1,0.2,0.0,0.0,8.0
bank-marketing,rf,AP,cluster_57,0.8,0.2,0.2,0.3,0.0,0.0,0.8,0.2,0.2,0.3,0.0,0.0,6.0
bank-marketing,rf,AP,cluster_58,0.9,0.2,0.2,0.3,0.1,0.1,0.8,0.2,0.2,0.3,0.1,0.1,21.0
bank-marketing,rf,AP,cluster_59,0.7,0.2,0.3,0.2,0.0,0.0,0.5,0.2,0.3,0.2,0.0,0.0,1.0
bank-marketing,rf,AP,cluster_60,0.8,0.2,0.2,0.4,0.0,0.0,0.8,0.2,0.2,0.4,0.0,0.0,13.0
bank-marketing,rf,AP,cluster_61,0.5,0.4,0.3,0.1,0.0,0.0,0.5,0.2,0.2,0.1,0.0,0.0,5.0
bank-marketing,rf,AP,cluster_62,0.8,0.3,0.3,0.2,0.0,0.0,0.8,0.2,0.2,0.2,0.0,0.0,9.0
bank-marketing,rf,AP,cluster_63,0.7,0.3,0.3,0.3,0.1,0.1,0.7,0.2,0.2,0.3,0.1,0.1,4.0
bank-marketing,rf,AP,cluster_64,0.8,0.2,0.2,0.1,0.1,0.2,0.8,0.2,0.2,0.1,0.1,0.2,11.0
bank-marketing,rf,AP,cluster_65,0.8,0.3,0.4,0.3,0.0,0.0,0.8,0.3,0.4,0.3,0.0,0.0,13.0
bank-marketing,rf,AP,cluster_66,0.7,0.3,0.3,0.3,0.1,0.0,0.7,0.3,0.3,0.3,0.1,0.0,5.0
bank-marketing,rf,AP,cluster_67,0.6,0.2,0.1,0.1,0.0,0.0,0.5,0.2,0.1,0.1,0.0,0.0,8.0
bank-marketing,rf,AP,cluster_68,0.8,0.3,0.4,0.4,0.1,0.2,0.8,0.3,0.4,0.4,0.1,0.2,12.0
bank-marketing,rf,AP,cluster_69,0.7,0.2,0.2,0.5,0.2,0.2,0.6,0.2,0.2,0.5,0.2,0.2,8.0
bank-marketing,rf,AP,cluster_70,0.8,0.2,0.2,0.1,0.0,0.0,0.8,0.1,0.2,0.1,0.0,0.0,5.0
bank-marketing,rf,AP,cluster_71,0.7,0.4,0.3,0.2,0.1,0.0,0.7,0.4,0.3,0.2,0.1,0.0,3.0
bank-marketing,rf,AP,cluster_72,0.5,0.2,0.2,0.2,0.1,0.1,0.5,0.1,0.2,0.2,0.1,0.1,5.0
bank-marketing,rf,AP,cluster_73,0.8,0.2,0.2,0.1,0.1,0.1,0.8,0.2,0.2,0.1,0.1,0.1,16.0
bank-marketing,rf,AP,cluster_74,0.8,0.4,0.5,0.3,0.0,0.0,0.8,0.4,0.5,0.3,0.0,0.0,5.0
bank-marketing,rf,AP,cluster_75,0.8,0.3,0.3,0.3,0.2,0.1,0.8,0.3,0.3,0.3,0.2,0.1,12.0
bank-marketing,rf,AP,cluster_76,0.8,0.3,0.3,0.3,0.1,0.1,0.8,0.3,0.3,0.3,0.1,0.1,11.0
bank-marketing,rf,AP,cluster_77,0.7,0.1,0.3,0.3,0.1,0.2,0.7,0.1,0.3,0.3,0.1,0.2,8.0
bank-marketing,rf,AP,cluster_78,0.6,0.2,0.3,0.2,0.1,0.1,0.6,0.2,0.3,0.2,0.1,0.1,7.0
bank-marketing,rf,AP,cluster_79,0.5,0.1,0.1,0.2,0.1,0.1,0.4,0.1,0.1,0.2,0.1,0.1,7.0
bank-marketing,rf,AP,cluster_80,0.6,0.5,0.4,0.0,0.0,0.1,0.5,0.5,0.4,0.0,0.0,0.1,16.0
bank-marketing,rf,AP,cluster_81,0.9,0.2,0.2,0.2,0.1,0.1,0.9,0.2,0.2,0.2,0.1,0.1,10.0
bank-marketing,rf,AP,cluster_82,0.6,0.2,0.2,0.3,0.1,0.1,0.5,0.2,0.2,0.3,0.1,0.1,5.0
bank-marketing,rf,AP,cluster_83,0.6,0.2,0.2,0.2,0.0,0.0,0.6,0.2,0.2,0.2,0.0,0.0,9.0
bank-marketing,rf,AP,cluster_84,0.7,0.1,0.2,0.1,0.1,0.1,0.7,0.1,0.2,0.1,0.1,0.1,10.0
bank-marketing,rf,AP,cluster_85,0.8,0.2,0.4,0.2,0.0,0.0,0.8,0.2,0.4,0.2,0.0,0.0,9.0
bank-marketing,rf,AP,cluster_86,0.7,0.1,0.3,0.2,0.1,0.2,0.6,0.1,0.3,0.2,0.1,0.2,6.0
bank-marketing,rf,AP,cluster_87,0.7,0.3,0.3,0.3,0.0,0.1,0.6,0.3,0.3,0.3,0.0,0.1,17.0
bank-marketing,rf,AP,cluster_88,0.8,0.2,0.2,0.2,0.0,0.1,0.8,0.2,0.2,0.2,0.0,0.1,10.0
bank-marketing,rf,AP,cluster_89,0.8,0.2,0.2,0.3,0.1,0.1,0.8,0.2,0.2,0.3,0.1,0.1,7.0
bank-marketing,rf,AP,cluster_90,0.8,0.3,0.4,0.0,0.0,0.1,0.7,0.2,0.4,0.0,0.0,0.1,16.0
bank-marketing,rf,AP,cluster_91,0.7,0.3,0.3,0.4,0.1,0.1,0.7,0.2,0.2,0.4,0.1,0.1,10.0
bank-marketing,rf,AP,cluster_92,1.0,0.3,0.3,0.3,0.1,0.1,1.0,0.3,0.3,0.3,0.1,0.1,3.0
bank-marketing,rf,AP,cluster_93,0.7,0.3,0.4,0.1,0.0,0.0,0.6,0.2,0.4,0.1,0.0,0.0,16.0
bank-marketing,rf,AP,cluster_94,0.7,0.1,0.1,0.2,0.1,0.1,0.6,0.1,0.1,0.2,0.1,0.1,6.0
bank-marketing,rf,AP,cluster_95,1.0,0.3,0.3,0.6,0.0,0.0,1.0,0.2,0.2,0.6,0.0,0.0,4.0
bank-marketing,rf,AP,cluster_96,0.9,0.1,0.1,0.1,0.1,0.0,0.9,0.1,0.1,0.1,0.1,0.0,7.0
bank-marketing,rf,AP,cluster_97,0.7,0.3,0.3,0.2,0.0,0.0,0.7,0.2,0.2,0.2,0.0,0.0,4.0
bank-marketing,rf,AP,cluster_98,0.8,0.2,0.2,0.2,0.1,0.1,0.8,0.2,0.2,0.2,0.1,0.1,4.0
bank-marketing,rf,AP,cluster_99,0.8,0.4,0.5,0.2,0.1,0.2,0.8,0.4,0.5,0.2,0.1,0.2,10.0
bank-marketing,rf,AP,cluster_100,0.7,0.4,0.4,0.2,0.1,0.1,0.6,0.2,0.3,0.2,0.1,0.1,1.0
bank-marketing,rf,AP,cluster_101,0.8,0.2,0.2,0.2,0.1,0.1,0.8,0.2,0.2,0.2,0.1,0.1,11.0
bank-marketing,rf,AP,cluster_102,0.8,0.2,0.2,0.1,0.2,0.1,0.8,0.2,0.2,0.1,0.2,0.1,15.0
bank-marketing,rf,AP,cluster_103,0.8,0.1,0.2,0.2,0.1,0.1,0.6,0.1,0.2,0.2,0.1,0.1,1.0
bank-marketing,rf,AP,cluster_104,0.8,0.2,0.2,0.3,0.0,0.0,0.8,0.2,0.2,0.3,0.0,0.0,7.0
bank-marketing,rf,AP,cluster_105,0.6,0.2,0.3,0.4,0.0,0.0,0.6,0.2,0.3,0.4,0.0,0.0,13.0
bank-marketing,rf,AP,cluster_106,0.9,0.5,0.4,0.5,0.1,0.0,0.9,0.4,0.4,0.5,0.0,0.0,13.0
bank-marketing,rf,AP,cluster_107,0.6,0.2,0.2,0.3,0.2,0.1,0.6,0.2,0.2,0.3,0.2,0.1,10.0
bank-marketing,rf,AP,cluster_108,0.7,0.1,0.1,0.2,0.1,0.1,0.7,0.1,0.1,0.2,0.1,0.1,16.0
bank-marketing,rf,AP,cluster_109,0.9,0.4,0.4,0.3,0.0,0.1,0.9,0.3,0.3,0.3,0.0,0.1,5.0
bank-marketing,rf,AP,cluster_110,0.8,0.4,0.3,0.1,0.0,0.0,0.8,0.3,0.2,0.1,0.0,0.0,3.0
bank-marketing,rf,AP,cluster_111,0.5,0.2,0.3,0.3,0.1,0.1,0.4,0.2,0.3,0.2,0.1,0.1,13.0
bank-marketing,rf,AP,cluster_112,0.6,0.2,0.2,0.1,0.1,0.1,0.6,0.2,0.2,0.1,0.1,0.1,9.0
bank-marketing,rf,AP,cluster_113,0.8,0.2,0.2,0.2,0.1,0.2,0.7,0.2,0.2,0.1,0.1,0.2,26.0
bank-marketing,rf,AP,cluster_114,0.7,0.3,0.4,0.2,0.0,0.0,0.7,0.3,0.4,0.2,0.0,0.0,15.0
bank-marketing,rf,AP,cluster_115,0.7,0.2,0.2,0.2,0.1,0.1,0.7,0.2,0.2,0.2,0.1,0.1,11.0
bank-marketing,rf,AP,cluster_116,0.7,0.2,0.1,0.1,0.0,0.0,0.7,0.1,0.1,0.1,0.0,0.0,11.0
bank-marketing,rf,AP,cluster_117,0.7,0.3,0.4,0.4,0.0,0.0,0.7,0.2,0.3,0.4,0.0,0.0,4.0
bank-marketing,rf,AP,cluster_118,0.9,0.3,0.4,0.2,0.0,0.0,0.9,0.3,0.4,0.2,0.0,0.0,11.0
bank-marketing,rf,AP,cluster_119,0.8,0.3,0.3,0.3,0.0,0.1,0.8,0.2,0.2,0.3,0.0,0.1,20.0
bank-marketing,rf,AP,cluster_120,0.6,0.2,0.1,0.0,0.1,0.0,0.6,0.2,0.1,0.0,0.1,0.0,7.0
bank-marketing,rf,AP,cluster_121,0.8,0.3,0.5,0.3,0.0,0.1,0.8,0.3,0.5,0.3,0.0,0.1,10.0
bank-marketing,rf,AP,cluster_122,0.7,0.2,0.2,0.1,0.1,0.1,0.7,0.1,0.1,0.1,0.1,0.1,1.0
bank-marketing,rf,AP,cluster_123,0.8,0.4,0.3,0.6,0.0,0.0,0.8,0.3,0.3,0.6,0.0,0.0,6.0
bank-marketing,rf,AP,cluster_124,0.7,0.2,0.3,0.2,0.1,0.1,0.6,0.2,0.3,0.1,0.1,0.1,8.0
bank-marketing,rf,AP,cluster_125,0.7,0.1,0.2,0.3,0.1,0.1,0.6,0.1,0.2,0.3,0.1,0.1,20.0
bank-marketing,rf,AP,cluster_126,0.8,0.3,0.3,0.2,0.0,0.0,0.8,0.3,0.3,0.2,0.0,0.0,8.0
bank-marketing,rf,AP,cluster_127,0.7,0.3,0.4,0.2,0.1,0.1,0.7,0.3,0.4,0.2,0.1,0.1,9.0
bank-marketing,rf,AP,cluster_128,0.8,0.2,0.2,0.2,0.2,0.1,0.7,0.2,0.2,0.2,0.2,0.1,19.0
bank-marketing,rf,AP,cluster_129,0.8,0.3,0.2,0.2,0.1,0.1,0.8,0.3,0.2,0.2,0.1,0.1,6.0
bank-marketing,rf,AP,cluster_130,0.7,0.3,0.2,0.3,0.0,0.0,0.7,0.2,0.2,0.3,0.0,0.0,11.0
bank-marketing,rf,AP,cluster_131,0.6,0.2,0.2,0.4,0.1,0.1,0.6,0.2,0.2,0.4,0.1,0.1,11.0
bank-marketing,rf,AP,cluster_132,0.7,0.2,0.2,0.2,0.0,0.0,0.7,0.2,0.2,0.2,0.0,0.0,3.0
bank-marketing,rf,AP,cluster_133,0.9,0.3,0.3,0.1,0.0,0.0,0.9,0.3,0.3,0.1,0.0,0.0,4.0
bank-marketing,rf,AP,cluster_134,0.8,0.4,0.3,0.2,0.0,0.0,0.8,0.3,0.3,0.2,0.0,0.0,18.0
bank-marketing,rf,AP,cluster_135,0.9,0.2,0.2,0.2,0.0,0.0,0.7,0.1,0.1,0.2,0.0,0.0,1.0
bank-marketing,rf,AP,cluster_136,0.9,0.3,0.3,0.1,0.0,0.0,0.9,0.1,0.1,0.1,0.0,0.0,8.0
bank-marketing,rf,AP,cluster_137,0.8,0.3,0.3,0.2,0.0,0.0,0.8,0.2,0.2,0.2,0.0,0.0,8.0
bank-marketing,rf,AP,cluster_138,0.8,0.3,0.2,0.4,0.1,0.1,0.8,0.3,0.2,0.4,0.1,0.1,12.0
bank-marketing,rf,AP,cluster_139,0.6,0.2,0.2,0.4,0.0,0.0,0.6,0.2,0.2,0.4,0.0,0.0,5.0
bank-marketing,rf,AP,cluster_140,0.8,0.3,0.3,0.2,0.1,0.2,0.8,0.3,0.3,0.2,0.1,0.2,8.0
bank-marketing,rf,AP,cluster_141,0.7,0.2,0.3,0.1,0.0,0.0,0.7,0.1,0.2,0.1,0.0,0.0,4.0
bank-marketing,rf,EvoCluster_PSO,cluster_0,0.7,0.4,0.4,0.2,0.1,0.1,0.6,0.2,0.3,0.2,0.1,0.1,4.0
bank-marketing,rf,EvoCluster_PSO,cluster_1,0.7,0.1,0.1,0.1,0.1,0.1,0.6,0.1,0.1,0.1,0.1,0.1,9.0
bank-marketing,rf,EvoCluster_PSO,cluster_2,0.7,0.4,0.4,0.2,0.1,0.1,0.6,0.2,0.3,0.2,0.1,0.1,34.0
bank-marketing,rf,EvoCluster_PSO,cluster_3,0.8,0.2,0.3,0.4,0.1,0.1,0.8,0.2,0.3,0.4,0.1,0.1,12.0
bank-marketing,rf,EvoCluster_PSO,cluster_4,0.8,0.4,0.4,0.2,0.0,0.0,0.8,0.4,0.4,0.2,0.0,0.0,5.0
bank-marketing,rf,EvoCluster_PSO,cluster_5,0.7,0.4,0.3,0.2,0.1,0.0,0.7,0.4,0.3,0.2,0.1,0.0,7.0
bank-marketing,rf,EvoCluster_PSO,cluster_6,0.7,0.1,0.3,0.2,0.1,0.2,0.6,0.1,0.3,0.2,0.1,0.2,21.0
bank-marketing,rf,EvoCluster_PSO,cluster_7,0.8,0.2,0.2,0.2,0.1,0.0,0.8,0.2,0.2,0.2,0.1,0.0,19.0
bank-marketing,rf,EvoCluster_PSO,cluster_8,0.7,0.2,0.2,0.1,0.1,0.1,0.7,0.2,0.2,0.1,0.1,0.1,7.0
bank-marketing,rf,EvoCluster_PSO,cluster_9,0.8,0.4,0.4,0.0,0.1,0.0,0.7,0.3,0.3,0.0,0.1,0.0,4.0
bank-marketing,rf,EvoCluster_PSO,cluster_10,0.8,0.2,0.2,0.1,0.1,0.1,0.7,0.2,0.2,0.1,0.1,0.1,5.0
bank-marketing,rf,EvoCluster_PSO,cluster_11,0.8,0.2,0.2,0.3,0.0,0.0,0.7,0.1,0.1,0.3,0.0,0.0,29.0
bank-marketing,rf,EvoCluster_PSO,cluster_12,0.5,0.1,0.2,0.3,0.1,0.1,0.4,0.1,0.2,0.3,0.1,0.1,7.0
bank-marketing,rf,EvoCluster_PSO,cluster_13,0.7,0.4,0.4,0.2,0.1,0.1,0.6,0.2,0.3,0.2,0.1,0.1,16.0
bank-marketing,rf,EvoCluster_PSO,cluster_14,0.8,0.3,0.2,0.0,0.1,0.0,0.8,0.3,0.2,0.0,0.1,0.0,2.0
bank-marketing,rf,EvoCluster_PSO,cluster_15,0.7,0.2,0.3,0.2,0.1,0.1,0.6,0.2,0.3,0.1,0.1,0.1,13.0
bank-marketing,rf,EvoCluster_PSO,cluster_16,0.7,0.2,0.3,0.1,0.1,0.3,0.6,0.2,0.3,0.1,0.1,0.3,4.0
bank-marketing,rf,EvoCluster_PSO,cluster_17,0.5,0.2,0.3,0.2,0.1,0.1,0.3,0.1,0.3,0.2,0.1,0.1,13.0
bank-marketing,rf,EvoCluster_PSO,cluster_18,0.6,0.2,0.5,0.2,0.0,0.0,0.6,0.2,0.5,0.2,0.0,0.0,8.0
bank-marketing,rf,EvoCluster_PSO,cluster_19,0.8,0.3,0.2,0.1,0.0,0.0,0.8,0.1,0.1,0.1,0.0,0.0,6.0
bank-marketing,rf,GWO,cluster_0,0.8,0.3,0.3,0.3,0.0,0.0,0.7,0.3,0.3,0.3,0.0,0.0,4.0
bank-marketing,rf,GWO,cluster_1,0.7,0.2,0.2,0.1,0.1,0.1,0.7,0.1,0.1,0.1,0.1,0.1,9.0
bank-marketing,rf,GWO,cluster_2,0.7,0.2,0.2,0.1,0.1,0.1,0.7,0.2,0.2,0.1,0.1,0.1,34.0
bank-marketing,rf,GWO,cluster_3,0.8,0.3,0.4,0.2,0.0,0.0,0.8,0.3,0.4,0.2,0.0,0.0,12.0
bank-marketing,rf,GWO,cluster_4,0.7,0.3,0.4,0.5,0.1,0.1,0.6,0.2,0.3,0.4,0.1,0.1,5.0
bank-marketing,rf,GWO,cluster_5,0.6,0.2,0.2,0.3,0.0,0.0,0.6,0.1,0.1,0.3,0.0,0.0,7.0
bank-marketing,rf,GWO,cluster_6,0.9,0.3,0.2,0.1,0.0,0.0,0.9,0.3,0.2,0.1,0.0,0.0,21.0
bank-marketing,rf,GWO,cluster_7,0.8,0.3,0.4,0.4,0.0,0.0,0.7,0.2,0.4,0.4,0.0,0.0,19.0
bank-marketing,rf,GWO,cluster_8,0.7,0.3,0.4,0.3,0.0,0.0,0.7,0.3,0.4,0.3,0.0,0.0,7.0
bank-marketing,rf,GWO,cluster_9,0.8,0.4,0.4,0.2,0.0,0.1,0.8,0.4,0.4,0.2,0.0,0.1,4.0
bank-marketing,rf,GWO,cluster_10,0.8,0.4,0.2,0.2,0.0,0.0,0.8,0.3,0.2,0.2,0.0,0.0,5.0
bank-marketing,rf,GWO,cluster_11,0.8,0.2,0.2,0.2,0.1,0.1,0.8,0.2,0.2,0.2,0.1,0.1,29.0
bank-marketing,rf,GWO,cluster_12,0.9,0.2,0.2,0.2,0.0,0.0,0.7,0.1,0.1,0.2,0.0,0.0,7.0
bank-marketing,rf,GWO,cluster_13,0.7,0.2,0.3,0.1,0.1,0.1,0.7,0.2,0.3,0.1,0.1,0.1,16.0
bank-marketing,rf,GWO,cluster_14,0.7,0.2,0.2,0.1,0.1,0.2,0.7,0.2,0.2,0.1,0.1,0.2,2.0
bank-marketing,rf,GWO,cluster_15,0.7,0.4,0.4,0.2,0.1,0.1,0.6,0.2,0.3,0.2,0.1,0.1,13.0
bank-marketing,rf,GWO,cluster_16,0.6,0.2,0.2,0.4,0.0,0.0,0.6,0.2,0.2,0.4,0.0,0.0,4.0
bank-marketing,rf,GWO,cluster_17,0.7,0.2,0.4,0.3,0.0,0.0,0.7,0.2,0.4,0.3,0.0,0.0,13.0
bank-marketing,rf,GWO,cluster_18,0.6,0.3,0.3,0.1,0.1,0.1,0.6,0.3,0.3,0.1,0.1,0.1,8.0
bank-marketing,rf,GWO,cluster_19,0.7,0.4,0.3,0.2,0.0,0.0,0.7,0.3,0.3,0.2,0.0,0.0,6.0
bank-marketing,rf,PSO,cluster_0,0.7,0.3,0.3,0.1,0.1,0.1,0.7,0.2,0.3,0.1,0.1,0.1,4.0
bank-marketing,rf,PSO,cluster_1,0.6,0.3,0.3,0.2,0.1,0.0,0.6,0.3,0.3,0.2,0.1,0.0,9.0
bank-marketing,rf,PSO,cluster_2,0.9,0.3,0.4,0.2,0.1,0.1,0.8,0.3,0.4,0.2,0.1,0.1,34.0
bank-marketing,rf,PSO,cluster_3,0.7,0.4,0.4,0.2,0.1,0.1,0.6,0.2,0.3,0.2,0.1,0.1,12.0
bank-marketing,rf,PSO,cluster_4,0.7,0.5,0.5,0.0,0.0,0.0,0.7,0.5,0.5,0.0,0.0,0.0,5.0
bank-marketing,rf,PSO,cluster_5,0.7,0.4,0.4,0.2,0.0,0.0,0.7,0.4,0.4,0.2,0.0,0.0,7.0
bank-marketing,rf,PSO,cluster_6,0.7,0.3,0.3,0.1,0.2,0.1,0.6,0.2,0.3,0.1,0.2,0.1,21.0
bank-marketing,rf,PSO,cluster_7,0.8,0.3,0.4,0.4,0.1,0.0,0.8,0.2,0.3,0.4,0.1,0.0,19.0
bank-marketing,rf,PSO,cluster_8,0.8,0.2,0.2,0.3,0.1,0.1,0.8,0.1,0.1,0.3,0.1,0.1,7.0
bank-marketing,rf,PSO,cluster_9,0.7,0.5,0.5,0.0,0.0,0.0,0.7,0.5,0.5,0.0,0.0,0.0,4.0
bank-marketing,rf,PSO,cluster_10,0.4,0.3,0.3,0.1,0.2,0.1,0.4,0.3,0.3,0.1,0.2,0.1,5.0
bank-marketing,rf,PSO,cluster_11,0.6,0.2,0.2,0.2,0.0,0.0,0.5,0.2,0.2,0.1,0.0,0.0,29.0
bank-marketing,rf,PSO,cluster_12,0.8,0.3,0.2,0.4,0.2,0.1,0.8,0.3,0.2,0.4,0.2,0.1,7.0
bank-marketing,rf,PSO,cluster_13,0.7,0.2,0.4,0.2,0.0,0.0,0.7,0.2,0.4,0.2,0.0,0.0,16.0
bank-marketing,rf,PSO,cluster_14,0.8,0.3,0.4,0.3,0.1,0.1,0.8,0.3,0.4,0.3,0.1,0.1,2.0
bank-marketing,rf,PSO,cluster_15,0.7,0.4,0.3,0.2,0.0,0.0,0.7,0.3,0.3,0.2,0.0,0.0,13.0
bank-marketing,rf,PSO,cluster_16,0.8,0.1,0.1,0.1,0.1,0.1,0.8,0.1,0.1,0.1,0.1,0.1,4.0
bank-marketing,rf,PSO,cluster_17,0.6,0.3,0.3,0.2,0.0,0.0,0.6,0.3,0.3,0.2,0.0,0.0,13.0
bank-marketing,rf,PSO,cluster_18,0.9,0.2,0.2,0.5,0.0,0.0,0.9,0.2,0.2,0.5,0.0,0.0,8.0
bank-marketing,rf,PSO,cluster_19,0.8,0.4,0.4,0.0,0.0,0.1,0.8,0.3,0.3,0.0,0.0,0.1,6.0
bank-marketing,rf,WOA,cluster_0,0.5,0.4,0.3,0.3,0.0,0.0,0.5,0.3,0.3,0.3,0.0,0.0,4.0
bank-marketing,rf,WOA,cluster_1,0.6,0.2,0.3,0.2,0.1,0.1,0.6,0.2,0.3,0.2,0.1,0.1,9.0
bank-marketing,rf,WOA,cluster_2,0.7,0.2,0.2,0.1,0.1,0.1,0.7,0.1,0.1,0.1,0.1,0.1,34.0
bank-marketing,rf,WOA,cluster_3,0.8,0.4,0.3,0.1,0.0,0.0,0.8,0.3,0.2,0.1,0.0,0.0,12.0
bank-marketing,rf,WOA,cluster_4,0.6,0.4,0.4,0.0,0.0,0.0,0.6,0.4,0.4,0.0,0.0,0.0,5.0
bank-marketing,rf,WOA,cluster_5,0.6,0.1,0.2,0.1,0.1,0.1,0.6,0.1,0.2,0.1,0.1,0.1,7.0
bank-marketing,rf,WOA,cluster_6,0.7,0.2,0.3,0.2,0.1,0.1,0.7,0.2,0.3,0.2,0.1,0.1,21.0
bank-marketing,rf,WOA,cluster_7,0.5,0.1,0.3,0.1,0.0,0.0,0.5,0.1,0.3,0.1,0.0,0.0,19.0
bank-marketing,rf,WOA,cluster_8,0.6,0.3,0.3,0.2,0.1,0.0,0.6,0.3,0.3,0.2,0.1,0.0,7.0
bank-marketing,rf,WOA,cluster_9,0.8,0.4,0.5,0.1,0.1,0.0,0.8,0.3,0.4,0.1,0.1,0.0,4.0
bank-marketing,rf,WOA,cluster_10,0.7,0.4,0.4,0.2,0.1,0.1,0.6,0.2,0.3,0.2,0.1,0.1,5.0
bank-marketing,rf,WOA,cluster_11,0.6,0.2,0.3,0.2,0.1,0.1,0.6,0.2,0.3,0.2,0.1,0.1,29.0
bank-marketing,rf,WOA,cluster_12,0.5,0.4,0.3,0.3,0.0,0.0,0.5,0.3,0.3,0.3,0.0,0.0,7.0
bank-marketing,rf,WOA,cluster_13,0.6,0.3,0.3,0.2,0.1,0.1,0.5,0.2,0.2,0.2,0.1,0.1,16.0
bank-marketing,rf,WOA,cluster_14,0.8,0.4,0.5,0.1,0.1,0.0,0.8,0.3,0.4,0.1,0.1,0.0,2.0
bank-marketing,rf,WOA,cluster_15,0.8,0.4,0.4,0.2,0.0,0.1,0.8,0.4,0.4,0.2,0.0,0.1,13.0
bank-marketing,rf,WOA,cluster_16,0.8,0.3,0.2,0.0,0.1,0.0,0.8,0.3,0.2,0.0,0.1,0.0,4.0
bank-marketing,rf,WOA,cluster_17,0.7,0.4,0.4,0.2,0.1,0.1,0.6,0.2,0.3,0.2,0.1,0.1,13.0
bank-marketing,rf,WOA,cluster_18,0.4,0.3,0.3,0.1,0.2,0.1,0.4,0.3,0.3,0.1,0.2,0.1,8.0
bank-marketing,rf,WOA,cluster_19,0.7,0.3,0.2,0.2,0.1,0.1,0.7,0.3,0.2,0.2,0.1,0.1,6.0
blood-transfusion,rf,AP,cluster_0,0.5,0.5,1.0,0.5,0.5,1.0,0.5,0.5,1.0,0.5,0.5,1.0,7.0
blood-transfusion,rf,AP,cluster_1,1.0,1.0,1.0,1.0,1.0,1.0,1.0,1.0,1.0,1.0,1.0,1.0,14.0
blood-transfusion,rf,AP,cluster_2,0.5,1.0,0.5,0.0,1.0,0.0,0.0,0.5,0.5,0.0,0.5,0.0,10.0
blood-transfusion,rf,AP,cluster_3,0.5,0.5,1.0,0.0,0.0,1.0,0.5,0.5,1.0,0.0,0.0,1.0,4.0
blood-transfusion,rf,AP,cluster_4,1.0,1.0,1.0,1.0,0.0,0.0,1.0,1.0,1.0,1.0,0.0,0.0,14.0
blood-transfusion,rf,AP,cluster_5,0.5,0.5,1.0,0.5,0.5,1.0,0.5,0.5,1.0,0.5,0.5,1.0,6.0
blood-transfusion,rf,AP,cluster_6,1.0,1.0,1.0,1.0,0.0,0.0,1.0,0.5,0.5,1.0,0.0,0.0,6.0
blood-transfusion,rf,EvoCluster_PSO,cluster_0,0.5,0.5,1.0,0.5,0.5,1.0,0.5,0.5,1.0,0.5,0.5,1.0,7.0
blood-transfusion,rf,EvoCluster_PSO,cluster_1,0.5,0.5,1.0,0.5,0.0,0.0,0.5,0.5,1.0,0.5,0.0,0.0,14.0
blood-transfusion,rf,EvoCluster_PSO,cluster_2,0.5,0.5,1.0,0.5,0.5,1.0,0.5,0.5,1.0,0.5,0.5,1.0,10.0
blood-transfusion,rf,EvoCluster_PSO,cluster_3,0.5,0.5,0.0,0.0,0.0,0.0,0.5,0.0,0.0,0.0,0.0,0.0,4.0
blood-transfusion,rf,EvoCluster_PSO,cluster_4,0.5,0.5,0.0,0.0,0.0,0.0,0.5,0.0,0.0,0.0,0.0,0.0,14.0
blood-transfusion,rf,EvoCluster_PSO,cluster_5,0.5,0.5,1.0,0.5,0.0,0.0,0.5,0.5,1.0,0.5,0.0,0.0,6.0
blood-transfusion,rf,EvoCluster_PSO,cluster_6,0.5,1.0,0.5,0.5,1.0,0.5,0.5,0.5,0.5,0.5,0.5,0.5,6.0
blood-transfusion,rf,GWO,cluster_0,0.5,1.0,0.5,0.5,1.0,0.5,0.5,0.5,0.5,0.5,0.5,0.5,7.0
blood-transfusion,rf,GWO,cluster_1,0.5,0.5,1.0,0.0,0.0,1.0,0.5,0.5,1.0,0.0,0.0,1.0,14.0
blood-transfusion,rf,GWO,cluster_2,0.5,0.5,1.0,0.5,0.0,0.0,0.5,0.5,1.0,0.5,0.0,0.0,10.0
blood-transfusion,rf,GWO,cluster_3,0.5,1.0,0.5,0.5,1.0,0.5,0.5,0.5,0.5,0.5,0.5,0.5,4.0
blood-transfusion,rf,GWO,cluster_4,0.5,0.5,0.0,0.0,0.0,0.0,0.5,0.0,0.0,0.0,0.0,0.0,14.0
blood-transfusion,rf,GWO,cluster_5,0.5,0.5,0.0,0.0,0.0,0.0,0.5,0.0,0.0,0.0,0.0,0.0,6.0
blood-transfusion,rf,GWO,cluster_6,0.5,0.5,1.0,0.5,0.5,1.0,0.5,0.5,1.0,0.5,0.5,1.0,6.0
blood-transfusion,rf,PSO,cluster_0,0.5,0.5,1.0,0.5,0.0,0.0,0.5,0.5,1.0,0.5,0.0,0.0,7.0
blood-transfusion,rf,PSO,cluster_1,0.5,1.0,0.5,0.5,1.0,0.5,0.5,0.5,0.5,0.5,0.5,0.5,14.0
blood-transfusion,rf,PSO,cluster_2,0.5,1.0,0.5,0.5,1.0,0.5,0.5,0.5,0.5,0.5,0.5,0.5,10.0
blood-transfusion,rf,PSO,cluster_3,0.5,1.0,0.5,0.5,1.0,0.5,0.5,0.5,0.5,0.5,0.5,0.5,4.0
blood-transfusion,rf,PSO,cluster_4,0.0,0.5,0.5,0.0,0.0,0.5,0.0,0.0,0.5,0.0,0.0,0.5,14.0
blood-transfusion,rf,PSO,cluster_5,0.5,0.5,1.0,0.0,0.0,1.0,0.5,0.5,1.0,0.0,0.0,1.0,6.0
blood-transfusion,rf,PSO,cluster_6,0.5,0.5,0.0,0.0,0.0,0.0,0.5,0.0,0.0,0.0,0.0,0.0,6.0
blood-transfusion,rf,WOA,cluster_0,0.5,1.0,0.5,0.5,1.0,0.5,0.5,0.5,0.5,0.5,0.5,0.5,7.0
blood-transfusion,rf,WOA,cluster_1,0.5,1.0,0.5,0.5,1.0,0.5,0.5,0.5,0.5,0.5,0.5,0.5,14.0
blood-transfusion,rf,WOA,cluster_2,0.5,1.0,0.5,0.5,1.0,0.5,0.5,0.5,0.5,0.5,0.5,0.5,10.0
blood-transfusion,rf,WOA,cluster_3,0.5,1.0,0.5,0.5,1.0,0.5,0.5,0.5,0.5,0.5,0.5,0.5,4.0
blood-transfusion,rf,WOA,cluster_4,0.5,1.0,0.5,0.5,1.0,0.5,0.5,0.5,0.5,0.5,0.5,0.5,14.0
blood-transfusion,rf,WOA,cluster_5,0.5,1.0,0.5,0.5,1.0,0.5,0.5,0.5,0.5,0.5,0.5,0.5,6.0
blood-transfusion,rf,WOA,cluster_6,0.5,1.0,0.5,0.5,1.0,0.5,0.5,0.5,0.5,0.5,0.5,0.5,6.0
blood-transfusion,svm,AP,cluster_0,1.0,1.0,1.0,1.0,1.0,1.0,1.0,1.0,1.0,1.0,1.0,1.0,3.0
blood-transfusion,svm,AP,cluster_1,1.0,1.0,1.0,1.0,1.0,1.0,1.0,1.0,1.0,1.0,1.0,1.0,12.0
blood-transfusion,svm,AP,cluster_2,1.0,1.0,1.0,1.0,1.0,1.0,1.0,1.0,1.0,1.0,1.0,1.0,5.0
blood-transfusion,svm,AP,cluster_3,1.0,1.0,1.0,1.0,1.0,1.0,1.0,1.0,1.0,1.0,1.0,1.0,1.0
blood-transfusion,svm,AP,cluster_4,0.5,0.0,0.5,0.5,0.0,0.5,0.5,0.0,0.5,0.5,0.0,0.5,6.0
blood-transfusion,svm,AP,cluster_5,1.0,1.0,1.0,0.0,1.0,0.0,1.0,1.0,1.0,0.0,1.0,0.0,3.0
blood-transfusion,svm,AP,cluster_6,1.0,1.0,1.0,1.0,1.0,1.0,1.0,1.0,1.0,1.0,1.0,1.0,8.0
blood-transfusion,svm,AP,cluster_7,1.0,0.5,0.5,1.0,0.5,0.5,1.0,0.5,0.5,1.0,0.5,0.5,7.0
blood-transfusion,svm,AP,cluster_8,1.0,1.0,1.0,1.0,1.0,1.0,1.0,1.0,1.0,1.0,1.0,1.0,9.0
blood-transfusion,svm,EvoCluster_PSO,cluster_0,1.0,1.0,1.0,0.0,0.0,1.0,1.0,1.0,1.0,0.0,0.0,1.0,3.0
blood-transfusion,svm,EvoCluster_PSO,cluster_1,1.0,1.0,1.0,1.0,0.0,0.0,1.0,1.0,1.0,1.0,0.0,0.0,12.0
blood-transfusion,svm,EvoCluster_PSO,cluster_2,1.0,0.5,0.5,1.0,0.5,0.5,1.0,0.5,0.5,1.0,0.5,0.5,5.0
blood-transfusion,svm,EvoCluster_PSO,cluster_3,1.0,1.0,1.0,1.0,1.0,1.0,1.0,1.0,1.0,1.0,1.0,1.0,1.0
blood-transfusion,svm,EvoCluster_PSO,cluster_4,1.0,1.0,1.0,0.0,0.0,1.0,1.0,1.0,1.0,0.0,0.0,1.0,6.0
blood-transfusion,svm,EvoCluster_PSO,cluster_5,1.0,0.5,0.5,0.0,0.0,0.5,1.0,0.5,0.5,0.0,0.0,0.5,3.0
blood-transfusion,svm,EvoCluster_PSO,cluster_6,1.0,1.0,1.0,1.0,1.0,1.0,1.0,1.0,1.0,1.0,1.0,1.0,8.0
blood-transfusion,svm,EvoCluster_PSO,cluster_7,1.0,1.0,1.0,1.0,1.0,1.0,1.0,1.0,1.0,1.0,1.0,1.0,7.0
blood-transfusion,svm,EvoCluster_PSO,cluster_8,1.0,1.0,1.0,0.0,0.0,1.0,1.0,1.0,1.0,0.0,0.0,1.0,9.0
blood-transfusion,svm,GWO,cluster_0,1.0,1.0,1.0,0.0,0.0,1.0,1.0,1.0,1.0,0.0,0.0,1.0,3.0
blood-transfusion,svm,GWO,cluster_1,1.0,0.5,0.5,1.0,0.5,0.5,1.0,0.5,0.5,1.0,0.5,0.5,12.0
blood-transfusion,svm,GWO,cluster_2,1.0,1.0,1.0,1.0,1.0,1.0,1.0,1.0,1.0,1.0,1.0,1.0,5.0
blood-transfusion,svm,GWO,cluster_3,1.0,1.0,1.0,0.0,1.0,0.0,1.0,1.0,1.0,0.0,1.0,0.0,1.0
blood-transfusion,svm,GWO,cluster_4,1.0,1.0,1.0,1.0,0.0,0.0,1.0,1.0,1.0,1.0,0.0,0.0,6.0
blood-transfusion,svm,GWO,cluster_5,1.0,1.0,1.0,1.0,1.0,1.0,1.0,1.0,1.0,1.0,1.0,1.0,3.0
blood-transfusion,svm,GWO,cluster_6,1.0,1.0,1.0,0.0,0.0,1.0,1.0,1.0,1.0,0.0,0.0,1.0,8.0
blood-transfusion,svm,GWO,cluster_7,1.0,1.0,1.0,0.0,1.0,0.0,1.0,1.0,1.0,0.0,1.0,0.0,7.0
blood-transfusion,svm,GWO,cluster_8,1.0,1.0,1.0,1.0,1.0,1.0,1.0,1.0,1.0,1.0,1.0,1.0,9.0
blood-transfusion,svm,PSO,cluster_0,1.0,1.0,1.0,0.0,0.0,1.0,1.0,1.0,1.0,0.0,0.0,1.0,3.0
blood-transfusion,svm,PSO,cluster_1,1.0,1.0,1.0,0.0,0.0,1.0,1.0,1.0,1.0,0.0,0.0,1.0,12.0
blood-transfusion,svm,PSO,cluster_2,1.0,1.0,1.0,1.0,1.0,1.0,1.0,1.0,1.0,1.0,1.0,1.0,5.0
blood-transfusion,svm,PSO,cluster_3,0.5,0.5,0.5,0.5,0.0,0.5,0.5,0.5,0.5,0.5,0.0,0.5,1.0
blood-transfusion,svm,PSO,cluster_4,1.0,0.5,0.5,1.0,0.5,0.5,1.0,0.5,0.5,1.0,0.5,0.5,6.0
blood-transfusion,svm,PSO,cluster_5,1.0,1.0,1.0,0.0,0.0,1.0,1.0,1.0,1.0,0.0,0.0,1.0,3.0
blood-transfusion,svm,PSO,cluster_6,1.0,1.0,1.0,0.0,1.0,0.0,1.0,1.0,1.0,0.0,1.0,0.0,8.0
blood-transfusion,svm,PSO,cluster_7,1.0,0.5,0.5,1.0,0.5,0.5,1.0,0.5,0.5,1.0,0.5,0.5,7.0
blood-transfusion,svm,PSO,cluster_8,1.0,1.0,1.0,1.0,1.0,1.0,1.0,1.0,1.0,1.0,1.0,1.0,9.0
blood-transfusion,svm,WOA,cluster_0,1.0,1.0,1.0,1.0,1.0,1.0,1.0,1.0,1.0,1.0,1.0,1.0,3.0
blood-transfusion,svm,WOA,cluster_1,1.0,1.0,1.0,0.0,0.0,1.0,1.0,1.0,1.0,0.0,0.0,1.0,12.0
blood-transfusion,svm,WOA,cluster_2,1.0,1.0,1.0,0.0,0.0,1.0,1.0,1.0,1.0,0.0,0.0,1.0,5.0
blood-transfusion,svm,WOA,cluster_3,1.0,0.5,0.5,1.0,0.5,0.5,1.0,0.5,0.5,1.0,0.5,0.5,1.0
blood-transfusion,svm,WOA,cluster_4,1.0,0.5,0.5,1.0,0.5,0.5,1.0,0.5,0.5,1.0,0.5,0.5,6.0
blood-transfusion,svm,WOA,cluster_5,1.0,1.0,1.0,0.0,1.0,0.0,1.0,1.0,1.0,0.0,1.0,0.0,3.0
blood-transfusion,svm,WOA,cluster_6,1.0,1.0,1.0,0.0,0.0,1.0,1.0,1.0,1.0,0.0,0.0,1.0,8.0
blood-transfusion,svm,WOA,cluster_7,1.0,1.0,1.0,0.0,1.0,0.0,1.0,1.0,1.0,0.0,1.0,0.0,7.0
blood-transfusion,svm,WOA,cluster_8,0.5,0.5,0.5,0.5,0.0,0.5,0.5,0.5,0.5,0.5,0.0,0.5,9.0
blood-transfusion,xgb,AP,cluster_0,0.5,1.0,0.5,0.5,1.0,0.5,0.5,1.0,0.5,0.5,1.0,0.5,13.0
blood-transfusion,xgb,AP,cluster_1,0.5,1.0,0.5,0.0,1.0,0.0,0.5,0.5,0.0,0.0,0.5,0.0,12.0
blood-transfusion,xgb,AP,cluster_2,1.0,0.5,0.5,0.0,0.0,0.5,1.0,0.5,0.5,0.0,0.0,0.5,4.0
blood-transfusion,xgb,AP,cluster_3,0.5,0.5,1.0,0.0,0.0,1.0,0.5,0.5,1.0,0.0,0.0,1.0,1.0
blood-transfusion,xgb,AP,cluster_4,0.5,0.5,0.5,0.5,0.0,0.5,0.5,0.5,0.5,0.5,0.0,0.5,4.0
blood-transfusion,xgb,AP,cluster_5,0.5,0.5,0.5,0.5,0.0,0.5,0.5,0.5,0.0,0.5,0.0,0.0,14.0
blood-transfusion,xgb,AP,cluster_6,0.5,0.5,0.5,0.5,0.5,0.0,0.5,0.5,0.5,0.5,0.5,0.0,8.0
blood-transfusion,xgb,AP,cluster_7,0.5,1.0,0.5,0.5,1.0,0.5,0.5,0.5,0.0,0.5,0.5,0.0,8.0
blood-transfusion,xgb,EvoCluster_PSO,cluster_0,0.5,0.5,0.5,0.5,0.5,0.0,0.5,0.5,0.5,0.5,0.5,0.0,13.0
blood-transfusion,xgb,EvoCluster_PSO,cluster_1,0.5,0.5,1.0,0.0,0.0,1.0,0.5,0.5,1.0,0.0,0.0,1.0,12.0
blood-transfusion,xgb,EvoCluster_PSO,cluster_2,0.5,0.5,1.0,0.0,0.0,1.0,0.5,0.5,1.0,0.0,0.0,1.0,4.0
blood-transfusion,xgb,EvoCluster_PSO,cluster_3,0.5,0.5,1.0,0.0,0.0,1.0,0.5,0.5,1.0,0.0,0.0,1.0,1.0
blood-transfusion,xgb,EvoCluster_PSO,cluster_4,0.5,0.5,1.0,0.5,0.5,1.0,0.5,0.5,1.0,0.5,0.5,1.0,4.0
blood-transfusion,xgb,EvoCluster_PSO,cluster_5,0.5,0.5,1.0,0.5,0.5,1.0,0.5,0.5,1.0,0.5,0.5,1.0,14.0
blood-transfusion,xgb,EvoCluster_PSO,cluster_6,1.0,1.0,1.0,1.0,0.0,0.0,1.0,0.5,0.5,1.0,0.0,0.0,8.0
blood-transfusion,xgb,EvoCluster_PSO,cluster_7,1.0,0.5,0.5,1.0,0.5,0.5,1.0,0.5,0.5,1.0,0.5,0.5,8.0
blood-transfusion,xgb,GWO,cluster_0,0.5,0.5,0.5,0.5,0.0,0.5,0.5,0.5,0.5,0.5,0.0,0.5,13.0
blood-transfusion,xgb,GWO,cluster_1,0.5,0.5,1.0,0.5,0.5,1.0,0.5,0.5,1.0,0.5,0.5,1.0,12.0
blood-transfusion,xgb,GWO,cluster_2,0.5,0.5,1.0,0.5,0.5,1.0,0.5,0.5,1.0,0.5,0.5,1.0,4.0
blood-transfusion,xgb,GWO,cluster_3,0.5,0.5,1.0,0.5,0.5,1.0,0.5,0.5,1.0,0.5,0.5,1.0,1.0
blood-transfusion,xgb,GWO,cluster_4,1.0,0.5,0.5,1.0,0.5,0.5,1.0,0.5,0.5,1.0,0.5,0.5,4.0
blood-transfusion,xgb,GWO,cluster_5,0.5,0.5,1.0,0.0,0.0,1.0,0.5,0.5,1.0,0.0,0.0,1.0,14.0
blood-transfusion,xgb,GWO,cluster_6,0.5,0.5,0.5,0.5,0.5,0.0,0.5,0.5,0.5,0.5,0.5,0.0,8.0
blood-transfusion,xgb,GWO,cluster_7,0.5,0.5,1.0,0.5,0.0,0.0,0.5,0.5,0.5,0.5,0.0,0.0,8.0
blood-transfusion,xgb,PSO,cluster_0,0.5,0.5,1.0,0.0,0.0,1.0,0.5,0.5,1.0,0.0,0.0,1.0,13.0
blood-transfusion,xgb,PSO,cluster_1,0.5,0.5,0.5,0.5,0.5,0.0,0.5,0.5,0.5,0.5,0.5,0.0,12.0
blood-transfusion,xgb,PSO,cluster_2,0.5,0.5,1.0,0.0,0.0,1.0,0.5,0.5,1.0,0.0,0.0,1.0,4.0
blood-transfusion,xgb,PSO,cluster_3,0.5,0.5,0.5,0.0,0.5,0.5,0.5,0.0,0.5,0.0,0.0,0.5,1.0
blood-transfusion,xgb,PSO,cluster_4,0.5,0.5,1.0,0.0,0.0,1.0,0.5,0.5,1.0,0.0,0.0,1.0,4.0
blood-transfusion,xgb,PSO,cluster_5,0.5,0.5,1.0,0.5,0.0,0.0,0.5,0.5,0.5,0.5,0.0,0.0,14.0
blood-transfusion,xgb,PSO,cluster_6,0.5,0.5,1.0,0.5,0.5,1.0,0.5,0.5,1.0,0.5,0.5,1.0,8.0
blood-transfusion,xgb,PSO,cluster_7,0.5,0.5,1.0,0.5,0.0,0.0,0.5,0.5,0.5,0.5,0.0,0.0,8.0
blood-transfusion,xgb,WOA,cluster_0,0.5,0.5,1.0,0.5,0.0,0.0,0.5,0.5,0.5,0.5,0.0,0.0,13.0
blood-transfusion,xgb,WOA,cluster_1,0.5,0.5,0.5,0.5,0.0,0.5,0.5,0.5,0.5,0.5,0.0,0.5,12.0
blood-transfusion,xgb,WOA,cluster_2,0.5,0.5,1.0,0.5,0.5,1.0,0.5,0.5,1.0,0.5,0.5,1.0,4.0
blood-transfusion,xgb,WOA,cluster_3,0.5,0.5,1.0,0.5,0.5,1.0,0.5,0.5,1.0,0.5,0.5,1.0,1.0
blood-transfusion,xgb,WOA,cluster_4,0.5,0.5,1.0,0.5,0.5,1.0,0.5,0.5,1.0,0.5,0.5,1.0,4.0
blood-transfusion,xgb,WOA,cluster_5,0.5,0.5,1.0,0.5,0.5,1.0,0.5,0.5,1.0,0.5,0.5,1.0,14.0
blood-transfusion,xgb,WOA,cluster_6,0.5,0.5,1.0,0.5,0.5,1.0,0.5,0.5,1.0,0.5,0.5,1.0,8.0
blood-transfusion,xgb,WOA,cluster_7,0.5,0.5,1.0,0.5,0.5,1.0,0.5,0.5,1.0,0.5,0.5,1.0,8.0
column,rf,AP,cluster_0,0.5,1.0,0.5,0.5,1.0,0.5,0.5,1.0,0.5,0.5,1.0,0.5,4.0
column,rf,AP,cluster_1,0.5,0.5,1.0,0.5,0.5,1.0,0.5,0.5,1.0,0.5,0.5,1.0,3.0
column,rf,AP,cluster_2,0.5,0.5,1.0,0.5,0.5,1.0,0.5,0.5,1.0,0.5,0.5,1.0,5.0
column,rf,AP,cluster_3,0.5,1.0,0.5,0.5,1.0,0.5,0.5,1.0,0.5,0.5,1.0,0.5,1.0
column,rf,EvoCluster_PSO,cluster_0,0.5,0.5,0.5,0.5,0.0,0.0,0.5,0.5,0.5,0.5,0.0,0.0,4.0
column,rf,EvoCluster_PSO,cluster_1,1.0,1.0,1.0,1.0,0.0,0.0,1.0,1.0,1.0,1.0,0.0,0.0,3.0
column,rf,EvoCluster_PSO,cluster_2,1.0,0.5,0.5,1.0,0.5,0.5,1.0,0.5,0.5,1.0,0.5,0.5,5.0
column,rf,EvoCluster_PSO,cluster_3,1.0,1.0,1.0,1.0,0.0,0.0,1.0,1.0,1.0,1.0,0.0,0.0,1.0
column,rf,GWO,cluster_0,0.5,1.0,0.5,0.0,0.0,0.5,0.5,0.5,0.5,0.0,0.0,0.5,4.0
column,rf,GWO,cluster_1,0.5,0.5,0.5,0.5,0.0,0.5,0.5,0.0,0.5,0.5,0.0,0.5,3.0
column,rf,GWO,cluster_2,0.5,0.5,0.5,0.5,0.0,0.5,0.5,0.0,0.5,0.5,0.0,0.5,5.0
column,rf,GWO,cluster_3,1.0,0.5,0.5,1.0,0.5,0.5,1.0,0.5,0.5,1.0,0.5,0.5,1.0
column,rf,PSO,cluster_0,1.0,0.5,0.5,1.0,0.5,0.5,1.0,0.5,0.5,1.0,0.5,0.5,4.0
column,rf,PSO,cluster_1,0.5,0.5,0.5,0.5,0.5,0.5,0.5,0.5,0.5,0.5,0.5,0.5,3.0
column,rf,PSO,cluster_2,0.5,0.5,0.5,0.5,0.5,0.5,0.5,0.5,0.5,0.5,0.5,0.5,5.0
column,rf,PSO,cluster_3,0.5,1.0,0.5,0.0,0.0,0.5,0.5,0.5,0.5,0.0,0.0,0.5,1.0
column,rf,WOA,cluster_0,0.5,0.5,1.0,0.5,0.5,1.0,0.5,0.5,1.0,0.5,0.5,1.0,4.0
column,rf,WOA,cluster_1,0.5,0.5,0.5,0.5,0.0,0.5,0.5,0.0,0.5,0.5,0.0,0.5,3.0
column,rf,WOA,cluster_2,0.5,0.5,0.5,0.5,0.0,0.5,0.5,0.0,0.5,0.5,0.0,0.5,5.0
column,rf,WOA,cluster_3,0.5,0.5,0.5,0.5,0.0,0.5,0.5,0.0,0.5,0.5,0.0,0.5,1.0
column,svm,AP,cluster_0,1.0,0.5,0.5,1.0,0.5,0.5,1.0,0.5,0.5,1.0,0.5,0.5,3.0
column,svm,AP,cluster_1,1.0,0.5,0.5,1.0,0.5,0.5,1.0,0.5,0.5,1.0,0.5,0.5,7.0
column,svm,AP,cluster_2,1.0,1.0,1.0,0.0,1.0,0.0,1.0,1.0,1.0,0.0,1.0,0.0,6.0
column,svm,AP,cluster_3,1.0,1.0,1.0,1.0,1.0,1.0,1.0,1.0,1.0,1.0,1.0,1.0,10.0
column,svm,AP,cluster_4,1.0,1.0,1.0,1.0,1.0,1.0,1.0,1.0,1.0,1.0,1.0,1.0,7.0
column,svm,AP,cluster_5,1.0,1.0,1.0,1.0,1.0,1.0,1.0,1.0,1.0,1.0,1.0,1.0,2.0
column,svm,EvoCluster_PSO,cluster_0,1.0,1.0,1.0,1.0,1.0,1.0,1.0,1.0,1.0,1.0,1.0,1.0,3.0
column,svm,EvoCluster_PSO,cluster_1,0.5,0.5,1.0,0.5,0.0,0.0,0.5,0.5,1.0,0.5,0.0,0.0,7.0
column,svm,EvoCluster_PSO,cluster_2,0.5,0.5,1.0,0.5,0.5,1.0,0.5,0.5,1.0,0.5,0.5,1.0,6.0
column,svm,EvoCluster_PSO,cluster_3,1.0,1.0,1.0,1.0,1.0,1.0,1.0,1.0,1.0,1.0,1.0,1.0,10.0
column,svm,EvoCluster_PSO,cluster_4,1.0,1.0,1.0,1.0,1.0,1.0,1.0,1.0,1.0,1.0,1.0,1.0,7.0
column,svm,EvoCluster_PSO,cluster_5,1.0,1.0,1.0,1.0,1.0,1.0,1.0,1.0,1.0,1.0,1.0,1.0,2.0
column,svm,GWO,cluster_0,1.0,1.0,1.0,1.0,1.0,1.0,1.0,1.0,1.0,1.0,1.0,1.0,3.0
column,svm,GWO,cluster_1,1.0,0.5,0.5,1.0,0.0,0.0,1.0,0.5,0.5,1.0,0.0,0.0,7.0
column,svm,GWO,cluster_2,1.0,1.0,1.0,1.0,1.0,1.0,1.0,1.0,1.0,1.0,1.0,1.0,6.0
column,svm,GWO,cluster_3,1.0,1.0,1.0,1.0,1.0,1.0,1.0,1.0,1.0,1.0,1.0,1.0,10.0
column,svm,GWO,cluster_4,1.0,1.0,1.0,1.0,1.0,1.0,1.0,1.0,1.0,1.0,1.0,1.0,7.0
column,svm,GWO,cluster_5,1.0,1.0,1.0,1.0,1.0,1.0,1.0,1.0,1.0,1.0,1.0,1.0,2.0
column,svm,PSO,cluster_0,1.0,1.0,1.0,1.0,1.0,1.0,1.0,1.0,1.0,1.0,1.0,1.0,3.0
column,svm,PSO,cluster_1,1.0,1.0,1.0,0.0,0.0,1.0,1.0,1.0,1.0,0.0,0.0,1.0,7.0
column,svm,PSO,cluster_2,1.0,1.0,1.0,1.0,1.0,1.0,1.0,1.0,1.0,1.0,1.0,1.0,6.0
column,svm,PSO,cluster_3,1.0,1.0,1.0,1.0,1.0,1.0,1.0,1.0,1.0,1.0,1.0,1.0,10.0
column,svm,PSO,cluster_4,1.0,0.5,0.5,1.0,0.0,0.0,1.0,0.5,0.5,1.0,0.0,0.0,7.0
column,svm,PSO,cluster_5,1.0,1.0,1.0,0.0,1.0,0.0,1.0,1.0,1.0,0.0,1.0,0.0,2.0
column,svm,WOA,cluster_0,1.0,1.0,1.0,1.0,0.0,0.0,1.0,1.0,1.0,1.0,0.0,0.0,3.0
column,svm,WOA,cluster_1,1.0,0.5,0.5,1.0,0.5,0.5,1.0,0.5,0.5,1.0,0.5,0.5,7.0
column,svm,WOA,cluster_2,1.0,1.0,1.0,1.0,1.0,1.0,1.0,1.0,1.0,1.0,1.0,1.0,6.0
column,svm,WOA,cluster_3,1.0,1.0,1.0,1.0,1.0,1.0,1.0,1.0,1.0,1.0,1.0,1.0,10.0
column,svm,WOA,cluster_4,1.0,1.0,1.0,1.0,1.0,1.0,1.0,1.0,1.0,1.0,1.0,1.0,7.0
column,svm,WOA,cluster_5,1.0,1.0,1.0,0.0,0.0,1.0,1.0,1.0,1.0,0.0,0.0,1.0,2.0
column,xgb,AP,cluster_0,0.5,0.5,1.0,0.5,0.5,1.0,0.5,0.0,0.5,0.5,0.0,0.5,3.0
column,xgb,AP,cluster_1,1.0,1.0,1.0,1.0,1.0,1.0,1.0,1.0,1.0,1.0,1.0,1.0,5.0
column,xgb,AP,cluster_2,1.0,0.5,0.5,1.0,0.5,0.5,1.0,0.5,0.5,1.0,0.5,0.5,5.0
column,xgb,AP,cluster_3,0.5,1.0,0.5,0.5,0.0,0.0,0.5,1.0,0.5,0.5,0.0,0.0,1.0
column,xgb,EvoCluster_PSO,cluster_0,0.5,0.5,1.0,0.0,0.0,1.0,0.5,0.5,1.0,0.0,0.0,1.0,3.0
column,xgb,EvoCluster_PSO,cluster_1,1.0,1.0,1.0,1.0,1.0,1.0,1.0,1.0,1.0,1.0,1.0,1.0,5.0
column,xgb,EvoCluster_PSO,cluster_2,1.0,1.0,1.0,1.0,1.0,1.0,1.0,1.0,1.0,1.0,1.0,1.0,5.0
column,xgb,EvoCluster_PSO,cluster_3,0.5,0.5,1.0,0.5,0.5,1.0,0.5,0.0,0.5,0.5,0.0,0.5,1.0
column,xgb,GWO,cluster_0,0.5,0.5,1.0,0.5,0.5,1.0,0.5,0.5,1.0,0.5,0.5,1.0,3.0
column,xgb,GWO,cluster_1,0.5,0.5,0.5,0.5,0.5,0.5,0.5,0.0,0.0,0.5,0.0,0.0,5.0
column,xgb,GWO,cluster_2,1.0,1.0,1.0,1.0,1.0,1.0,1.0,0.5,0.5,1.0,0.5,0.5,5.0
column,xgb,GWO,cluster_3,1.0,1.0,1.0,1.0,1.0,1.0,1.0,1.0,1.0,1.0,1.0,1.0,1.0
column,xgb,PSO,cluster_0,0.5,0.5,1.0,0.5,0.5,1.0,0.5,0.5,1.0,0.5,0.5,1.0,3.0
column,xgb,PSO,cluster_1,1.0,1.0,1.0,0.0,1.0,0.0,1.0,1.0,1.0,0.0,1.0,0.0,5.0
column,xgb,PSO,cluster_2,0.5,1.0,0.5,0.5,0.0,0.0,0.5,1.0,0.5,0.5,0.0,0.0,5.0
column,xgb,PSO,cluster_3,1.0,1.0,1.0,1.0,1.0,1.0,1.0,0.5,0.5,1.0,0.5,0.5,1.0
column,xgb,WOA,cluster_0,1.0,1.0,1.0,1.0,1.0,1.0,1.0,1.0,1.0,1.0,1.0,1.0,3.0
column,xgb,WOA,cluster_1,1.0,0.5,0.5,1.0,0.5,0.5,1.0,0.5,0.5,1.0,0.5,0.5,5.0
column,xgb,WOA,cluster_2,1.0,0.5,0.5,1.0,0.5,0.5,1.0,0.5,0.5,1.0,0.5,0.5,5.0
column,xgb,WOA,cluster_3,1.0,0.5,0.5,1.0,0.5,0.5,1.0,0.5,0.5,1.0,0.5,0.5,1.0
congressional-voting,rf,AP,cluster_0,0.5,0.2,0.4,0.4,0.1,0.2,0.5,0.2,0.4,0.4,0.1,0.2,2.0
congressional-voting,rf,AP,cluster_1,0.9,0.5,0.4,0.3,0.1,0.2,0.9,0.5,0.4,0.3,0.1,0.2,4.0
congressional-voting,rf,AP,cluster_2,0.5,0.2,0.4,0.3,0.1,0.1,0.5,0.2,0.4,0.3,0.1,0.1,1.0
congressional-voting,rf,EvoCluster_PSO,cluster_0,0.7,0.3,0.3,0.3,0.0,0.2,0.7,0.3,0.3,0.3,0.0,0.2,2.0
congressional-voting,rf,EvoCluster_PSO,cluster_1,0.9,0.5,0.4,0.3,0.1,0.2,0.9,0.5,0.4,0.3,0.1,0.2,4.0
congressional-voting,rf,EvoCluster_PSO,cluster_2,0.7,0.3,0.4,0.3,0.1,0.1,0.7,0.3,0.4,0.3,0.1,0.1,1.0
congressional-voting,rf,GWO,cluster_0,0.9,0.5,0.4,0.3,0.1,0.2,0.9,0.5,0.4,0.3,0.1,0.2,2.0
congressional-voting,rf,GWO,cluster_1,0.9,0.5,0.4,0.3,0.1,0.2,0.9,0.5,0.4,0.3,0.1,0.2,4.0
congressional-voting,rf,GWO,cluster_2,0.9,0.5,0.4,0.3,0.1,0.2,0.9,0.5,0.4,0.3,0.1,0.2,1.0
congressional-voting,rf,PSO,cluster_0,0.9,0.5,0.4,0.3,0.1,0.2,0.9,0.5,0.4,0.3,0.1,0.2,2.0
congressional-voting,rf,PSO,cluster_1,0.7,0.3,0.4,0.3,0.1,0.1,0.7,0.3,0.4,0.3,0.1,0.1,4.0
congressional-voting,rf,PSO,cluster_2,0.9,0.5,0.4,0.3,0.1,0.2,0.9,0.5,0.4,0.3,0.1,0.2,1.0
congressional-voting,rf,WOA,cluster_0,0.9,0.5,0.4,0.3,0.1,0.2,0.9,0.5,0.4,0.3,0.1,0.2,2.0
congressional-voting,rf,WOA,cluster_1,0.9,0.5,0.4,0.3,0.1,0.2,0.9,0.5,0.4,0.3,0.1,0.2,4.0
congressional-voting,rf,WOA,cluster_2,0.9,0.5,0.4,0.3,0.1,0.2,0.9,0.5,0.4,0.3,0.1,0.2,1.0
congressional-voting,svm,AP,cluster_0,0.9,0.4,0.5,0.1,0.0,0.2,0.9,0.4,0.5,0.1,0.0,0.2,1.0
congressional-voting,svm,AP,cluster_1,1.0,0.5,0.5,0.0,0.0,0.1,1.0,0.5,0.5,0.0,0.0,0.1,5.0
congressional-voting,svm,AP,cluster_2,0.4,0.1,0.4,0.2,0.0,0.0,0.4,0.1,0.4,0.2,0.0,0.0,1.0
congressional-voting,svm,EvoCluster_PSO,cluster_0,0.8,0.5,0.5,0.0,0.1,0.1,0.8,0.5,0.5,0.0,0.1,0.1,1.0
congressional-voting,svm,EvoCluster_PSO,cluster_1,0.4,0.1,0.4,0.2,0.0,0.0,0.4,0.1,0.4,0.2,0.0,0.0,5.0
congressional-voting,svm,EvoCluster_PSO,cluster_2,1.0,0.5,0.5,0.0,0.0,0.1,1.0,0.5,0.5,0.0,0.0,0.1,1.0
congressional-voting,svm,GWO,cluster_0,0.7,0.4,0.5,0.2,0.0,0.1,0.7,0.4,0.5,0.2,0.0,0.1,1.0
congressional-voting,svm,GWO,cluster_1,0.9,0.4,0.4,0.2,0.1,0.1,0.9,0.4,0.4,0.2,0.1,0.1,5.0
congressional-voting,svm,GWO,cluster_2,0.9,0.4,0.5,0.1,0.0,0.2,0.9,0.4,0.5,0.1,0.0,0.2,1.0
congressional-voting,svm,PSO,cluster_0,0.7,0.4,0.5,0.2,0.0,0.1,0.7,0.4,0.5,0.2,0.0,0.1,1.0
congressional-voting,svm,PSO,cluster_1,1.0,0.5,0.5,0.0,0.0,0.1,1.0,0.5,0.5,0.0,0.0,0.1,5.0
congressional-voting,svm,PSO,cluster_2,1.0,0.5,0.5,0.0,0.0,0.1,1.0,0.5,0.5,0.0,0.0,0.1,1.0
congressional-voting,svm,WOA,cluster_0,0.9,0.4,0.4,0.2,0.1,0.1,0.9,0.4,0.4,0.2,0.1,0.1,1.0
congressional-voting,svm,WOA,cluster_1,0.4,0.1,0.4,0.2,0.0,0.0,0.4,0.1,0.4,0.2,0.0,0.0,5.0
congressional-voting,svm,WOA,cluster_2,0.8,0.5,0.5,0.0,0.1,0.1,0.8,0.5,0.5,0.0,0.1,0.1,1.0
congressional-voting,xgb,AP,cluster_0,0.9,0.7,0.7,0.4,0.3,0.3,0.9,0.7,0.7,0.4,0.3,0.3,1.0
congressional-voting,xgb,AP,cluster_1,0.9,0.6,0.5,0.6,0.1,0.2,0.9,0.6,0.5,0.6,0.1,0.2,5.0
congressional-voting,xgb,AP,cluster_2,0.9,0.3,0.3,0.1,0.0,0.0,0.9,0.3,0.3,0.1,0.0,0.0,1.0
congressional-voting,xgb,AP,cluster_3,1.0,0.5,0.5,0.3,0.0,0.3,1.0,0.4,0.4,0.3,0.0,0.2,3.0
congressional-voting,xgb,EvoCluster_PSO,cluster_0,0.9,0.7,0.7,0.3,0.4,0.4,0.9,0.7,0.7,0.3,0.4,0.4,1.0
congressional-voting,xgb,EvoCluster_PSO,cluster_1,0.9,0.7,0.7,0.4,0.3,0.3,0.9,0.7,0.7,0.4,0.3,0.3,5.0
congressional-voting,xgb,EvoCluster_PSO,cluster_2,0.9,0.7,0.7,0.3,0.4,0.4,0.9,0.7,0.7,0.3,0.4,0.4,1.0
congressional-voting,xgb,EvoCluster_PSO,cluster_3,1.0,0.4,0.4,0.2,0.1,0.1,1.0,0.3,0.3,0.2,0.1,0.1,3.0
congressional-voting,xgb,GWO,cluster_0,0.9,0.3,0.4,0.4,0.0,0.2,0.9,0.3,0.4,0.4,0.0,0.2,1.0
congressional-voting,xgb,GWO,cluster_1,0.9,0.7,0.7,0.3,0.4,0.4,0.9,0.7,0.7,0.3,0.4,0.4,5.0
congressional-voting,xgb,GWO,cluster_2,1.0,0.5,0.5,0.3,0.0,0.3,1.0,0.4,0.4,0.3,0.0,0.2,1.0
congressional-voting,xgb,GWO,cluster_3,0.9,0.7,0.7,0.3,0.4,0.4,0.9,0.7,0.7,0.3,0.4,0.4,3.0
congressional-voting,xgb,PSO,cluster_0,0.9,0.6,0.5,0.6,0.1,0.2,0.9,0.6,0.5,0.6,0.1,0.2,1.0
congressional-voting,xgb,PSO,cluster_1,1.0,0.5,0.5,0.3,0.0,0.3,1.0,0.4,0.4,0.3,0.0,0.2,5.0
congressional-voting,xgb,PSO,cluster_2,0.9,0.5,0.4,0.2,0.1,0.3,0.9,0.5,0.4,0.2,0.1,0.3,1.0
congressional-voting,xgb,PSO,cluster_3,1.0,0.4,0.4,0.2,0.1,0.1,1.0,0.3,0.3,0.2,0.1,0.1,3.0
congressional-voting,xgb,WOA,cluster_0,0.9,0.5,0.4,0.2,0.1,0.3,0.9,0.5,0.4,0.2,0.1,0.3,1.0
congressional-voting,xgb,WOA,cluster_1,0.9,0.6,0.5,0.5,0.1,0.1,0.9,0.6,0.5,0.5,0.1,0.1,5.0
congressional-voting,xgb,WOA,cluster_2,0.9,0.6,0.5,0.6,0.1,0.2,0.9,0.6,0.5,0.6,0.1,0.2,1.0
congressional-voting,xgb,WOA,cluster_3,0.9,0.7,0.7,0.4,0.3,0.3,0.9,0.7,0.7,0.4,0.3,0.3,3.0
contraceptive-method-choice,rf,AP,cluster_0,1.0,0.6666666666666666,0.6666666666666666,0.0,0.3333333333333333,0.0,0.6666666666666666,0.3333333333333333,0.6666666666666666,0.0,0.0,0.0,7.0
contraceptive-method-choice,rf,AP,cluster_1,0.6666666666666666,0.6666666666666666,0.6666666666666666,0.0,0.6666666666666666,0.0,0.3333333333333333,0.3333333333333333,0.6666666666666666,0.0,0.3333333333333333,0.0,13.0
contraceptive-method-choice,rf,AP,cluster_2,1.0,0.6666666666666666,0.6666666666666666,0.0,0.0,0.3333333333333333,0.3333333333333333,0.3333333333333333,0.6666666666666666,0.0,0.0,0.3333333333333333,13.0
contraceptive-method-choice,rf,AP,cluster_3,1.0,0.6666666666666666,0.6666666666666666,1.0,0.0,0.0,1.0,0.3333333333333333,0.3333333333333333,1.0,0.0,0.0,9.0
contraceptive-method-choice,rf,AP,cluster_4,0.3333333333333333,0.3333333333333333,1.0,0.0,0.0,0.0,0.3333333333333333,0.3333333333333333,1.0,0.0,0.0,0.0,12.0
contraceptive-method-choice,rf,AP,cluster_5,0.3333333333333333,0.6666666666666666,0.3333333333333333,0.0,0.0,0.3333333333333333,0.3333333333333333,0.6666666666666666,0.3333333333333333,0.0,0.0,0.3333333333333333,6.0
contraceptive-method-choice,rf,AP,cluster_6,1.0,0.6666666666666666,0.6666666666666666,0.3333333333333333,0.0,0.0,1.0,0.6666666666666666,0.6666666666666666,0.3333333333333333,0.0,0.0,19.0
contraceptive-method-choice,rf,AP,cluster_7,0.6666666666666666,0.6666666666666666,0.6666666666666666,0.3333333333333333,0.3333333333333333,0.6666666666666666,0.3333333333333333,0.3333333333333333,0.6666666666666666,0.3333333333333333,0.3333333333333333,0.6666666666666666,3.0
contraceptive-method-choice,rf,AP,cluster_8,0.3333333333333333,0.3333333333333333,0.6666666666666666,0.0,0.0,0.6666666666666666,0.3333333333333333,0.3333333333333333,0.6666666666666666,0.0,0.0,0.6666666666666666,4.0
contraceptive-method-choice,rf,AP,cluster_9,0.6666666666666666,0.3333333333333333,0.3333333333333333,0.6666666666666666,0.0,0.0,0.6666666666666666,0.3333333333333333,0.3333333333333333,0.6666666666666666,0.0,0.0,13.0
contraceptive-method-choice,rf,AP,cluster_10,0.3333333333333333,0.3333333333333333,0.6666666666666666,0.0,0.0,0.3333333333333333,0.3333333333333333,0.0,0.3333333333333333,0.0,0.0,0.0,7.0
contraceptive-method-choice,rf,AP,cluster_11,1.0,0.3333333333333333,0.3333333333333333,0.0,0.3333333333333333,0.0,0.6666666666666666,0.0,0.0,0.0,0.0,0.0,14.0
contraceptive-method-choice,rf,AP,cluster_12,0.3333333333333333,0.6666666666666666,0.6666666666666666,0.3333333333333333,0.3333333333333333,0.3333333333333333,0.3333333333333333,0.6666666666666666,0.6666666666666666,0.3333333333333333,0.3333333333333333,0.3333333333333333,4.0
contraceptive-method-choice,rf,AP,cluster_13,0.6666666666666666,0.6666666666666666,0.6666666666666666,0.3333333333333333,0.6666666666666666,0.3333333333333333,0.6666666666666666,0.6666666666666666,0.6666666666666666,0.3333333333333333,0.6666666666666666,0.3333333333333333,7.0
contraceptive-method-choice,rf,AP,cluster_14,1.0,0.6666666666666666,0.6666666666666666,1.0,0.3333333333333333,0.3333333333333333,1.0,0.6666666666666666,0.6666666666666666,1.0,0.3333333333333333,0.3333333333333333,4.0
contraceptive-method-choice,rf,EvoCluster_PSO,cluster_0,1.0,1.0,1.0,1.0,1.0,1.0,1.0,1.0,1.0,1.0,1.0,1.0,7.0
contraceptive-method-choice,rf,EvoCluster_PSO,cluster_1,1.0,1.0,1.0,1.0,0.3333333333333333,0.3333333333333333,1.0,1.0,1.0,1.0,0.3333333333333333,0.3333333333333333,13.0
contraceptive-method-choice,rf,EvoCluster_PSO,cluster_2,0.6666666666666666,0.6666666666666666,1.0,0.0,0.0,0.3333333333333333,0.6666666666666666,0.6666666666666666,1.0,0.0,0.0,0.3333333333333333,13.0
contraceptive-method-choice,rf,EvoCluster_PSO,cluster_3,0.3333333333333333,0.6666666666666666,0.6666666666666666,0.3333333333333333,0.6666666666666666,0.3333333333333333,0.3333333333333333,0.6666666666666666,0.3333333333333333,0.3333333333333333,0.6666666666666666,0.3333333333333333,9.0
contraceptive-method-choice,rf,EvoCluster_PSO,cluster_4,0.6666666666666666,0.3333333333333333,0.6666666666666666,0.0,0.0,0.6666666666666666,0.6666666666666666,0.3333333333333333,0.6666666666666666,0.0,0.0,0.6666666666666666,12.0
contraceptive-method-choice,rf,EvoCluster_PSO,cluster_5,0.3333333333333333,0.3333333333333333,0.6666666666666666,0.0,0.0,0.3333333333333333,0.3333333333333333,0.3333333333333333,0.6666666666666666,0.0,0.0,0.3333333333333333,6.0
contraceptive-method-choice,rf,EvoCluster_PSO,cluster_6,0.6666666666666666,0.6666666666666666,0.6666666666666666,0.3333333333333333,0.0,0.3333333333333333,0.6666666666666666,0.6666666666666666,0.6666666666666666,0.3333333333333333,0.0,0.3333333333333333,19.0
contraceptive-method-choice,rf,EvoCluster_PSO,cluster_7,0.6666666666666666,0.6666666666666666,1.0,0.3333333333333333,0.3333333333333333,1.0,0.6666666666666666,0.6666666666666666,1.0,0.3333333333333333,0.3333333333333333,1.0,3.0
contraceptive-method-choice,rf,EvoCluster_PSO,cluster_8,0.6666666666666666,0.3333333333333333,0.3333333333333333,0.3333333333333333,0.0,0.0,0.6666666666666666,0.3333333333333333,0.3333333333333333,0.3333333333333333,0.0,0.0,4.0
contraceptive-method-choice,rf,EvoCluster_PSO,cluster_9,0.3333333333333333,0.6666666666666666,0.6666666666666666,0.3333333333333333,0.3333333333333333,0.3333333333333333,0.3333333333333333,0.3333333333333333,0.6666666666666666,0.3333333333333333,0.3333333333333333,0.3333333333333333,13.0
contraceptive-method-choice,rf,EvoCluster_PSO,cluster_10,1.0,0.6666666666666666,0.6666666666666666,0.3333333333333333,0.3333333333333333,0.6666666666666666,1.0,0.6666666666666666,0.6666666666666666,0.3333333333333333,0.3333333333333333,0.6666666666666666,7.0
contraceptive-method-choice,rf,EvoCluster_PSO,cluster_11,0.6666666666666666,0.3333333333333333,0.6666666666666666,0.3333333333333333,0.3333333333333333,0.0,0.6666666666666666,0.3333333333333333,0.6666666666666666,0.3333333333333333,0.3333333333333333,0.0,14.0
contraceptive-method-choice,rf,EvoCluster_PSO,cluster_12,0.6666666666666666,0.3333333333333333,0.6666666666666666,0.0,0.3333333333333333,0.0,0.6666666666666666,0.3333333333333333,0.6666666666666666,0.0,0.3333333333333333,0.0,4.0
contraceptive-method-choice,rf,EvoCluster_PSO,cluster_13,0.6666666666666666,0.6666666666666666,0.6666666666666666,0.6666666666666666,0.6666666666666666,0.6666666666666666,0.6666666666666666,0.6666666666666666,0.6666666666666666,0.6666666666666666,0.6666666666666666,0.6666666666666666,7.0
contraceptive-method-choice,rf,EvoCluster_PSO,cluster_14,0.6666666666666666,0.6666666666666666,1.0,0.0,0.0,0.3333333333333333,0.6666666666666666,0.6666666666666666,1.0,0.0,0.0,0.3333333333333333,4.0
contraceptive-method-choice,rf,GWO,cluster_0,0.3333333333333333,0.3333333333333333,0.6666666666666666,0.0,0.0,0.3333333333333333,0.3333333333333333,0.0,0.3333333333333333,0.0,0.0,0.0,7.0
contraceptive-method-choice,rf,GWO,cluster_1,1.0,0.3333333333333333,0.3333333333333333,0.0,0.0,0.3333333333333333,1.0,0.3333333333333333,0.3333333333333333,0.0,0.0,0.3333333333333333,13.0
contraceptive-method-choice,rf,GWO,cluster_2,0.6666666666666666,0.3333333333333333,0.6666666666666666,0.0,0.0,0.6666666666666666,0.6666666666666666,0.3333333333333333,0.6666666666666666,0.0,0.0,0.6666666666666666,13.0
contraceptive-method-choice,rf,GWO,cluster_3,1.0,1.0,1.0,0.3333333333333333,0.3333333333333333,1.0,1.0,1.0,1.0,0.3333333333333333,0.3333333333333333,1.0,9.0
contraceptive-method-choice,rf,GWO,cluster_4,0.6666666666666666,0.6666666666666666,0.6666666666666666,0.3333333333333333,0.0,0.0,0.6666666666666666,0.6666666666666666,0.6666666666666666,0.3333333333333333,0.0,0.0,12.0
contraceptive-method-choice,rf,GWO,cluster_5,0.6666666666666666,0.3333333333333333,0.6666666666666666,0.3333333333333333,0.3333333333333333,0.0,0.6666666666666666,0.3333333333333333,0.6666666666666666,0.3333333333333333,0.3333333333333333,0.0,6.0
contraceptive-method-choice,rf,GWO,cluster_6,1.0,1.0,1.0,1.0,1.0,1.0,1.0,1.0,1.0,1.0,1.0,1.0,19.0
contraceptive-method-choice,rf,GWO,cluster_7,0.6666666666666666,0.6666666666666666,1.0,0.0,0.3333333333333333,0.3333333333333333,0.6666666666666666,0.6666666666666666,1.0,0.0,0.3333333333333333,0.3333333333333333,3.0
contraceptive-method-choice,rf,GWO,cluster_8,0.6666666666666666,0.6666666666666666,0.6666666666666666,0.3333333333333333,0.6666666666666666,0.3333333333333333,0.6666666666666666,0.6666666666666666,0.6666666666666666,0.3333333333333333,0.6666666666666666,0.3333333333333333,4.0
contraceptive-method-choice,rf,GWO,cluster_9,0.6666666666666666,0.6666666666666666,1.0,0.3333333333333333,0.3333333333333333,1.0,0.6666666666666666,0.6666666666666666,1.0,0.3333333333333333,0.3333333333333333,1.0,13.0
contraceptive-method-choice,rf,GWO,cluster_10,0.6666666666666666,0.6666666666666666,0.6666666666666666,0.6666666666666666,0.6666666666666666,0.6666666666666666,0.6666666666666666,0.6666666666666666,0.6666666666666666,0.6666666666666666,0.6666666666666666,0.6666666666666666,7.0
contraceptive-method-choice,rf,GWO,cluster_11,0.3333333333333333,0.6666666666666666,0.3333333333333333,0.3333333333333333,0.6666666666666666,0.3333333333333333,0.3333333333333333,0.3333333333333333,0.3333333333333333,0.3333333333333333,0.3333333333333333,0.3333333333333333,14.0
contraceptive-method-choice,rf,GWO,cluster_12,1.0,1.0,1.0,1.0,1.0,1.0,1.0,1.0,1.0,1.0,1.0,1.0,4.0
contraceptive-method-choice,rf,GWO,cluster_13,0.6666666666666666,0.6666666666666666,0.3333333333333333,0.6666666666666666,0.6666666666666666,0.3333333333333333,0.6666666666666666,0.6666666666666666,0.3333333333333333,0.6666666666666666,0.6666666666666666,0.3333333333333333,7.0
contraceptive-method-choice,rf,GWO,cluster_14,0.6666666666666666,0.3333333333333333,0.6666666666666666,0.0,0.3333333333333333,0.3333333333333333,0.3333333333333333,0.0,0.6666666666666666,0.0,0.0,0.3333333333333333,4.0
contraceptive-method-choice,rf,PSO,cluster_0,0.6666666666666666,0.3333333333333333,0.3333333333333333,0.6666666666666666,0.3333333333333333,0.3333333333333333,0.6666666666666666,0.0,0.0,0.6666666666666666,0.0,0.0,7.0
contraceptive-method-choice,rf,PSO,cluster_1,1.0,1.0,1.0,0.3333333333333333,0.0,0.3333333333333333,1.0,1.0,1.0,0.3333333333333333,0.0,0.3333333333333333,13.0
contraceptive-method-choice,rf,PSO,cluster_2,0.3333333333333333,0.3333333333333333,0.3333333333333333,0.3333333333333333,0.3333333333333333,0.3333333333333333,0.3333333333333333,0.3333333333333333,0.3333333333333333,0.3333333333333333,0.3333333333333333,0.3333333333333333,13.0
contraceptive-method-choice,rf,PSO,cluster_3,1.0,1.0,1.0,1.0,0.3333333333333333,0.3333333333333333,1.0,1.0,1.0,1.0,0.3333333333333333,0.3333333333333333,9.0
contraceptive-method-choice,rf,PSO,cluster_4,1.0,1.0,1.0,1.0,0.3333333333333333,0.3333333333333333,1.0,1.0,1.0,1.0,0.3333333333333333,0.3333333333333333,12.0
contraceptive-method-choice,rf,PSO,cluster_5,1.0,1.0,1.0,1.0,0.0,0.0,1.0,1.0,1.0,1.0,0.0,0.0,6.0
contraceptive-method-choice,rf,PSO,cluster_6,0.6666666666666666,0.6666666666666666,0.6666666666666666,0.6666666666666666,0.0,0.3333333333333333,0.3333333333333333,0.6666666666666666,0.6666666666666666,0.3333333333333333,0.0,0.3333333333333333,19.0
contraceptive-method-choice,rf,PSO,cluster_7,0.6666666666666666,1.0,0.6666666666666666,0.6666666666666666,0.3333333333333333,0.0,0.6666666666666666,1.0,0.6666666666666666,0.6666666666666666,0.3333333333333333,0.0,3.0
contraceptive-method-choice,rf,PSO,cluster_8,0.6666666666666666,0.6666666666666666,1.0,0.0,0.3333333333333333,0.3333333333333333,0.6666666666666666,0.6666666666666666,1.0,0.0,0.3333333333333333,0.3333333333333333,4.0
contraceptive-method-choice,rf,PSO,cluster_9,0.6666666666666666,0.3333333333333333,0.6666666666666666,0.0,0.3333333333333333,0.0,0.6666666666666666,0.3333333333333333,0.6666666666666666,0.0,0.3333333333333333,0.0,13.0
contraceptive-method-choice,rf,PSO,cluster_10,1.0,1.0,1.0,1.0,1.0,1.0,1.0,1.0,1.0,1.0,1.0,1.0,7.0
contraceptive-method-choice,rf,PSO,cluster_11,0.6666666666666666,0.3333333333333333,0.6666666666666666,0.0,0.3333333333333333,0.0,0.6666666666666666,0.3333333333333333,0.6666666666666666,0.0,0.3333333333333333,0.0,14.0
contraceptive-method-choice,rf,PSO,cluster_12,0.6666666666666666,0.3333333333333333,0.6666666666666666,0.0,0.3333333333333333,0.0,0.6666666666666666,0.3333333333333333,0.6666666666666666,0.0,0.3333333333333333,0.0,4.0
contraceptive-method-choice,rf,PSO,cluster_13,0.6666666666666666,0.6666666666666666,0.6666666666666666,0.0,0.6666666666666666,0.0,0.3333333333333333,0.3333333333333333,0.6666666666666666,0.0,0.3333333333333333,0.0,7.0
contraceptive-method-choice,rf,PSO,cluster_14,0.6666666666666666,0.6666666666666666,0.6666666666666666,0.6666666666666666,0.6666666666666666,0.6666666666666666,0.6666666666666666,0.6666666666666666,0.6666666666666666,0.6666666666666666,0.6666666666666666,0.6666666666666666,4.0
contraceptive-method-choice,rf,WOA,cluster_0,0.6666666666666666,0.3333333333333333,0.6666666666666666,0.0,0.0,0.6666666666666666,0.6666666666666666,0.3333333333333333,0.6666666666666666,0.0,0.0,0.6666666666666666,7.0
contraceptive-method-choice,rf,WOA,cluster_1,0.6666666666666666,0.3333333333333333,0.6666666666666666,0.0,0.0,0.6666666666666666,0.6666666666666666,0.3333333333333333,0.6666666666666666,0.0,0.0,0.6666666666666666,13.0
contraceptive-method-choice,rf,WOA,cluster_2,0.6666666666666666,0.3333333333333333,0.6666666666666666,0.0,0.0,0.6666666666666666,0.6666666666666666,0.3333333333333333,0.6666666666666666,0.0,0.0,0.6666666666666666,13.0
contraceptive-method-choice,rf,WOA,cluster_3,1.0,1.0,1.0,1.0,1.0,1.0,1.0,1.0,1.0,1.0,1.0,1.0,9.0
contraceptive-method-choice,rf,WOA,cluster_4,0.6666666666666666,0.3333333333333333,0.6666666666666666,0.0,0.0,0.6666666666666666,0.6666666666666666,0.3333333333333333,0.6666666666666666,0.0,0.0,0.6666666666666666,12.0
contraceptive-method-choice,rf,WOA,cluster_5,0.6666666666666666,0.3333333333333333,0.6666666666666666,0.0,0.0,0.6666666666666666,0.6666666666666666,0.3333333333333333,0.6666666666666666,0.0,0.0,0.6666666666666666,6.0
contraceptive-method-choice,rf,WOA,cluster_6,1.0,0.6666666666666666,0.6666666666666666,0.3333333333333333,0.0,0.0,1.0,0.3333333333333333,0.3333333333333333,0.3333333333333333,0.0,0.0,19.0
contraceptive-method-choice,rf,WOA,cluster_7,0.6666666666666666,0.3333333333333333,0.6666666666666666,0.0,0.0,0.6666666666666666,0.6666666666666666,0.3333333333333333,0.6666666666666666,0.0,0.0,0.6666666666666666,3.0
contraceptive-method-choice,rf,WOA,cluster_8,0.6666666666666666,0.3333333333333333,0.6666666666666666,0.0,0.0,0.6666666666666666,0.6666666666666666,0.3333333333333333,0.6666666666666666,0.0,0.0,0.6666666666666666,4.0
contraceptive-method-choice,rf,WOA,cluster_9,0.6666666666666666,0.6666666666666666,1.0,0.0,0.3333333333333333,0.3333333333333333,0.6666666666666666,0.6666666666666666,1.0,0.0,0.3333333333333333,0.3333333333333333,13.0
contraceptive-method-choice,rf,WOA,cluster_10,0.6666666666666666,0.6666666666666666,1.0,0.0,0.3333333333333333,0.3333333333333333,0.6666666666666666,0.6666666666666666,1.0,0.0,0.3333333333333333,0.3333333333333333,7.0
contraceptive-method-choice,rf,WOA,cluster_11,0.6666666666666666,0.3333333333333333,0.6666666666666666,0.0,0.0,0.6666666666666666,0.6666666666666666,0.3333333333333333,0.6666666666666666,0.0,0.0,0.6666666666666666,14.0
contraceptive-method-choice,rf,WOA,cluster_12,0.6666666666666666,0.3333333333333333,0.6666666666666666,0.0,0.0,0.6666666666666666,0.6666666666666666,0.3333333333333333,0.6666666666666666,0.0,0.0,0.6666666666666666,4.0
contraceptive-method-choice,rf,WOA,cluster_13,0.6666666666666666,0.3333333333333333,0.6666666666666666,0.0,0.0,0.6666666666666666,0.6666666666666666,0.3333333333333333,0.6666666666666666,0.0,0.0,0.6666666666666666,7.0
contraceptive-method-choice,rf,WOA,cluster_14,0.6666666666666666,0.3333333333333333,0.6666666666666666,0.0,0.0,0.6666666666666666,0.6666666666666666,0.3333333333333333,0.6666666666666666,0.0,0.0,0.6666666666666666,4.0
contraceptive-method-choice,svm,AP,cluster_0,1.0,1.0,1.0,1.0,0.3333333333333333,0.3333333333333333,1.0,1.0,1.0,1.0,0.3333333333333333,0.3333333333333333,4.0
contraceptive-method-choice,svm,AP,cluster_1,1.0,0.3333333333333333,0.3333333333333333,1.0,0.3333333333333333,0.3333333333333333,1.0,0.3333333333333333,0.3333333333333333,1.0,0.3333333333333333,0.3333333333333333,10.0
contraceptive-method-choice,svm,AP,cluster_2,1.0,1.0,1.0,1.0,0.3333333333333333,0.3333333333333333,1.0,1.0,1.0,1.0,0.3333333333333333,0.3333333333333333,14.0
contraceptive-method-choice,svm,AP,cluster_3,1.0,0.6666666666666666,0.6666666666666666,1.0,0.6666666666666666,0.6666666666666666,1.0,0.6666666666666666,0.6666666666666666,1.0,0.6666666666666666,0.6666666666666666,15.0
contraceptive-method-choice,svm,AP,cluster_4,1.0,0.6666666666666666,0.6666666666666666,1.0,0.3333333333333333,0.3333333333333333,1.0,0.6666666666666666,0.6666666666666666,1.0,0.3333333333333333,0.3333333333333333,8.0
contraceptive-method-choice,svm,AP,cluster_5,1.0,1.0,1.0,1.0,1.0,1.0,1.0,1.0,1.0,1.0,1.0,1.0,6.0
contraceptive-method-choice,svm,AP,cluster_6,0.6666666666666666,0.6666666666666666,0.6666666666666666,0.6666666666666666,0.6666666666666666,0.6666666666666666,0.6666666666666666,0.6666666666666666,0.6666666666666666,0.6666666666666666,0.6666666666666666,0.6666666666666666,8.0
contraceptive-method-choice,svm,AP,cluster_7,1.0,0.6666666666666666,0.6666666666666666,1.0,0.3333333333333333,0.3333333333333333,1.0,0.6666666666666666,0.6666666666666666,1.0,0.3333333333333333,0.3333333333333333,13.0
contraceptive-method-choice,svm,AP,cluster_8,1.0,0.6666666666666666,0.6666666666666666,1.0,0.0,0.0,1.0,0.6666666666666666,0.6666666666666666,1.0,0.0,0.0,4.0
contraceptive-method-choice,svm,AP,cluster_9,1.0,1.0,1.0,1.0,1.0,1.0,1.0,1.0,1.0,1.0,1.0,1.0,6.0
contraceptive-method-choice,svm,AP,cluster_10,1.0,1.0,1.0,1.0,0.3333333333333333,0.3333333333333333,1.0,1.0,1.0,1.0,0.3333333333333333,0.3333333333333333,8.0
contraceptive-method-choice,svm,AP,cluster_11,1.0,0.3333333333333333,0.3333333333333333,1.0,0.3333333333333333,0.3333333333333333,1.0,0.3333333333333333,0.3333333333333333,1.0,0.3333333333333333,0.3333333333333333,25.0
contraceptive-method-choice,svm,AP,cluster_12,1.0,0.6666666666666666,0.6666666666666666,1.0,0.6666666666666666,0.6666666666666666,1.0,0.6666666666666666,0.6666666666666666,1.0,0.6666666666666666,0.6666666666666666,2.0
contraceptive-method-choice,svm,AP,cluster_13,1.0,0.6666666666666666,0.6666666666666666,1.0,0.3333333333333333,0.3333333333333333,1.0,0.6666666666666666,0.6666666666666666,1.0,0.3333333333333333,0.3333333333333333,5.0
contraceptive-method-choice,svm,AP,cluster_14,1.0,1.0,1.0,1.0,1.0,1.0,1.0,1.0,1.0,1.0,1.0,1.0,4.0
contraceptive-method-choice,svm,AP,cluster_15,1.0,0.6666666666666666,0.6666666666666666,1.0,0.6666666666666666,0.6666666666666666,1.0,0.6666666666666666,0.6666666666666666,1.0,0.6666666666666666,0.6666666666666666,2.0
contraceptive-method-choice,svm,EvoCluster_PSO,cluster_0,1.0,0.6666666666666666,0.6666666666666666,1.0,0.6666666666666666,0.6666666666666666,1.0,0.6666666666666666,0.6666666666666666,1.0,0.6666666666666666,0.6666666666666666,4.0
contraceptive-method-choice,svm,EvoCluster_PSO,cluster_1,1.0,0.6666666666666666,0.6666666666666666,1.0,0.6666666666666666,0.6666666666666666,1.0,0.6666666666666666,0.6666666666666666,1.0,0.6666666666666666,0.6666666666666666,10.0
contraceptive-method-choice,svm,EvoCluster_PSO,cluster_2,1.0,0.6666666666666666,0.6666666666666666,1.0,0.3333333333333333,0.3333333333333333,1.0,0.6666666666666666,0.6666666666666666,1.0,0.3333333333333333,0.3333333333333333,14.0
contraceptive-method-choice,svm,EvoCluster_PSO,cluster_3,1.0,0.6666666666666666,0.6666666666666666,1.0,0.6666666666666666,0.6666666666666666,1.0,0.6666666666666666,0.6666666666666666,1.0,0.6666666666666666,0.6666666666666666,15.0
contraceptive-method-choice,svm,EvoCluster_PSO,cluster_4,1.0,0.6666666666666666,0.6666666666666666,1.0,0.6666666666666666,0.6666666666666666,1.0,0.6666666666666666,0.6666666666666666,1.0,0.6666666666666666,0.6666666666666666,8.0
contraceptive-method-choice,svm,EvoCluster_PSO,cluster_5,1.0,0.3333333333333333,0.3333333333333333,1.0,0.3333333333333333,0.3333333333333333,1.0,0.3333333333333333,0.3333333333333333,1.0,0.3333333333333333,0.3333333333333333,6.0
contraceptive-method-choice,svm,EvoCluster_PSO,cluster_6,1.0,0.3333333333333333,0.3333333333333333,1.0,0.3333333333333333,0.3333333333333333,1.0,0.3333333333333333,0.3333333333333333,1.0,0.3333333333333333,0.3333333333333333,8.0
contraceptive-method-choice,svm,EvoCluster_PSO,cluster_7,1.0,0.6666666666666666,0.6666666666666666,1.0,0.6666666666666666,0.6666666666666666,1.0,0.6666666666666666,0.6666666666666666,1.0,0.6666666666666666,0.6666666666666666,13.0
contraceptive-method-choice,svm,EvoCluster_PSO,cluster_8,1.0,0.6666666666666666,0.6666666666666666,1.0,0.6666666666666666,0.6666666666666666,1.0,0.6666666666666666,0.6666666666666666,1.0,0.6666666666666666,0.6666666666666666,4.0
contraceptive-method-choice,svm,EvoCluster_PSO,cluster_9,1.0,0.6666666666666666,0.6666666666666666,1.0,0.6666666666666666,0.6666666666666666,1.0,0.6666666666666666,0.6666666666666666,1.0,0.6666666666666666,0.6666666666666666,6.0
contraceptive-method-choice,svm,EvoCluster_PSO,cluster_10,1.0,0.6666666666666666,0.6666666666666666,1.0,0.6666666666666666,0.6666666666666666,1.0,0.6666666666666666,0.6666666666666666,1.0,0.6666666666666666,0.6666666666666666,8.0
contraceptive-method-choice,svm,EvoCluster_PSO,cluster_11,1.0,1.0,1.0,1.0,1.0,1.0,1.0,1.0,1.0,1.0,1.0,1.0,25.0
contraceptive-method-choice,svm,EvoCluster_PSO,cluster_12,1.0,0.6666666666666666,0.6666666666666666,1.0,0.6666666666666666,0.6666666666666666,1.0,0.6666666666666666,0.6666666666666666,1.0,0.6666666666666666,0.6666666666666666,2.0
contraceptive-method-choice,svm,EvoCluster_PSO,cluster_13,1.0,0.6666666666666666,0.6666666666666666,1.0,0.0,0.0,1.0,0.6666666666666666,0.6666666666666666,1.0,0.0,0.0,5.0
contraceptive-method-choice,svm,EvoCluster_PSO,cluster_14,1.0,1.0,1.0,0.3333333333333333,1.0,0.3333333333333333,1.0,1.0,1.0,0.3333333333333333,1.0,0.3333333333333333,4.0
contraceptive-method-choice,svm,EvoCluster_PSO,cluster_15,1.0,1.0,1.0,1.0,1.0,1.0,1.0,1.0,1.0,1.0,1.0,1.0,2.0
contraceptive-method-choice,svm,GWO,cluster_0,1.0,0.6666666666666666,0.6666666666666666,1.0,0.0,0.0,1.0,0.6666666666666666,0.6666666666666666,1.0,0.0,0.0,4.0
contraceptive-method-choice,svm,GWO,cluster_1,1.0,0.6666666666666666,0.6666666666666666,1.0,0.3333333333333333,0.3333333333333333,1.0,0.6666666666666666,0.6666666666666666,1.0,0.3333333333333333,0.3333333333333333,10.0
contraceptive-method-choice,svm,GWO,cluster_2,1.0,0.6666666666666666,0.6666666666666666,1.0,0.6666666666666666,0.6666666666666666,1.0,0.6666666666666666,0.6666666666666666,1.0,0.6666666666666666,0.6666666666666666,14.0
contraceptive-method-choice,svm,GWO,cluster_3,1.0,0.6666666666666666,0.6666666666666666,1.0,0.6666666666666666,0.6666666666666666,1.0,0.6666666666666666,0.6666666666666666,1.0,0.6666666666666666,0.6666666666666666,15.0
contraceptive-method-choice,svm,GWO,cluster_4,1.0,0.6666666666666666,0.6666666666666666,1.0,0.0,0.0,1.0,0.6666666666666666,0.6666666666666666,1.0,0.0,0.0,8.0
contraceptive-method-choice,svm,GWO,cluster_5,1.0,0.6666666666666666,0.6666666666666666,1.0,0.6666666666666666,0.6666666666666666,1.0,0.6666666666666666,0.6666666666666666,1.0,0.6666666666666666,0.6666666666666666,6.0
contraceptive-method-choice,svm,GWO,cluster_6,1.0,1.0,1.0,1.0,1.0,1.0,1.0,1.0,1.0,1.0,1.0,1.0,8.0
contraceptive-method-choice,svm,GWO,cluster_7,1.0,1.0,1.0,1.0,1.0,1.0,1.0,1.0,1.0,1.0,1.0,1.0,13.0
contraceptive-method-choice,svm,GWO,cluster_8,1.0,1.0,1.0,0.3333333333333333,0.0,0.3333333333333333,1.0,1.0,1.0,0.3333333333333333,0.0,0.3333333333333333,4.0
contraceptive-method-choice,svm,GWO,cluster_9,1.0,0.6666666666666666,0.6666666666666666,1.0,0.0,0.0,1.0,0.6666666666666666,0.6666666666666666,1.0,0.0,0.0,6.0
contraceptive-method-choice,svm,GWO,cluster_10,1.0,0.6666666666666666,0.6666666666666666,1.0,0.6666666666666666,0.6666666666666666,1.0,0.6666666666666666,0.6666666666666666,1.0,0.6666666666666666,0.6666666666666666,8.0
contraceptive-method-choice,svm,GWO,cluster_11,0.6666666666666666,0.6666666666666666,0.6666666666666666,0.6666666666666666,0.6666666666666666,0.6666666666666666,0.6666666666666666,0.6666666666666666,0.6666666666666666,0.6666666666666666,0.6666666666666666,0.6666666666666666,25.0
contraceptive-method-choice,svm,GWO,cluster_12,1.0,0.6666666666666666,0.6666666666666666,1.0,0.6666666666666666,0.6666666666666666,1.0,0.6666666666666666,0.6666666666666666,1.0,0.6666666666666666,0.6666666666666666,2.0
contraceptive-method-choice,svm,GWO,cluster_13,1.0,0.3333333333333333,0.3333333333333333,1.0,0.3333333333333333,0.3333333333333333,1.0,0.3333333333333333,0.3333333333333333,1.0,0.3333333333333333,0.3333333333333333,5.0
contraceptive-method-choice,svm,GWO,cluster_14,1.0,0.6666666666666666,0.6666666666666666,1.0,0.6666666666666666,0.6666666666666666,1.0,0.6666666666666666,0.6666666666666666,1.0,0.6666666666666666,0.6666666666666666,4.0
contraceptive-method-choice,svm,GWO,cluster_15,1.0,0.6666666666666666,0.6666666666666666,1.0,0.0,0.0,1.0,0.6666666666666666,0.6666666666666666,1.0,0.0,0.0,2.0
contraceptive-method-choice,svm,PSO,cluster_0,1.0,1.0,1.0,1.0,0.3333333333333333,0.3333333333333333,1.0,1.0,1.0,1.0,0.3333333333333333,0.3333333333333333,4.0
contraceptive-method-choice,svm,PSO,cluster_1,1.0,0.6666666666666666,0.6666666666666666,1.0,0.6666666666666666,0.6666666666666666,1.0,0.6666666666666666,0.6666666666666666,1.0,0.6666666666666666,0.6666666666666666,10.0
contraceptive-method-choice,svm,PSO,cluster_2,1.0,0.6666666666666666,0.6666666666666666,1.0,0.3333333333333333,0.3333333333333333,1.0,0.6666666666666666,0.6666666666666666,1.0,0.3333333333333333,0.3333333333333333,14.0
contraceptive-method-choice,svm,PSO,cluster_3,1.0,0.6666666666666666,0.6666666666666666,1.0,0.3333333333333333,0.3333333333333333,1.0,0.6666666666666666,0.6666666666666666,1.0,0.3333333333333333,0.3333333333333333,15.0
contraceptive-method-choice,svm,PSO,cluster_4,1.0,0.6666666666666666,0.6666666666666666,1.0,0.0,0.0,1.0,0.6666666666666666,0.6666666666666666,1.0,0.0,0.0,8.0
contraceptive-method-choice,svm,PSO,cluster_5,1.0,1.0,1.0,1.0,0.3333333333333333,0.3333333333333333,1.0,1.0,1.0,1.0,0.3333333333333333,0.3333333333333333,6.0
contraceptive-method-choice,svm,PSO,cluster_6,1.0,0.3333333333333333,0.3333333333333333,1.0,0.0,0.0,1.0,0.3333333333333333,0.3333333333333333,1.0,0.0,0.0,8.0
contraceptive-method-choice,svm,PSO,cluster_7,1.0,0.3333333333333333,0.3333333333333333,1.0,0.0,0.0,1.0,0.3333333333333333,0.3333333333333333,1.0,0.0,0.0,13.0
contraceptive-method-choice,svm,PSO,cluster_8,1.0,1.0,1.0,0.3333333333333333,0.3333333333333333,0.0,1.0,1.0,1.0,0.3333333333333333,0.3333333333333333,0.0,4.0
contraceptive-method-choice,svm,PSO,cluster_9,1.0,0.3333333333333333,0.3333333333333333,1.0,0.3333333333333333,0.3333333333333333,1.0,0.3333333333333333,0.3333333333333333,1.0,0.3333333333333333,0.3333333333333333,6.0
contraceptive-method-choice,svm,PSO,cluster_10,1.0,0.3333333333333333,0.3333333333333333,1.0,0.3333333333333333,0.3333333333333333,1.0,0.3333333333333333,0.3333333333333333,1.0,0.3333333333333333,0.3333333333333333,8.0
contraceptive-method-choice,svm,PSO,cluster_11,1.0,0.6666666666666666,0.6666666666666666,1.0,0.6666666666666666,0.6666666666666666,1.0,0.6666666666666666,0.6666666666666666,1.0,0.6666666666666666,0.6666666666666666,25.0
contraceptive-method-choice,svm,PSO,cluster_12,1.0,1.0,1.0,1.0,0.3333333333333333,0.3333333333333333,1.0,1.0,1.0,1.0,0.3333333333333333,0.3333333333333333,2.0
contraceptive-method-choice,svm,PSO,cluster_13,1.0,1.0,1.0,0.3333333333333333,1.0,0.3333333333333333,1.0,1.0,1.0,0.3333333333333333,1.0,0.3333333333333333,5.0
contraceptive-method-choice,svm,PSO,cluster_14,1.0,0.6666666666666666,0.6666666666666666,1.0,0.6666666666666666,0.6666666666666666,1.0,0.6666666666666666,0.6666666666666666,1.0,0.6666666666666666,0.6666666666666666,4.0
contraceptive-method-choice,svm,PSO,cluster_15,1.0,1.0,1.0,1.0,1.0,1.0,1.0,1.0,1.0,1.0,1.0,1.0,2.0
contraceptive-method-choice,svm,WOA,cluster_0,1.0,0.6666666666666666,0.6666666666666666,1.0,0.0,0.0,1.0,0.6666666666666666,0.6666666666666666,1.0,0.0,0.0,4.0
contraceptive-method-choice,svm,WOA,cluster_1,1.0,0.6666666666666666,0.6666666666666666,1.0,0.0,0.0,1.0,0.6666666666666666,0.6666666666666666,1.0,0.0,0.0,10.0
contraceptive-method-choice,svm,WOA,cluster_2,0.6666666666666666,0.6666666666666666,0.6666666666666666,0.6666666666666666,0.6666666666666666,0.6666666666666666,0.6666666666666666,0.6666666666666666,0.6666666666666666,0.6666666666666666,0.6666666666666666,0.6666666666666666,14.0
contraceptive-method-choice,svm,WOA,cluster_3,1.0,0.6666666666666666,0.6666666666666666,1.0,0.0,0.0,1.0,0.6666666666666666,0.6666666666666666,1.0,0.0,0.0,15.0
contraceptive-method-choice,svm,WOA,cluster_4,0.6666666666666666,0.6666666666666666,0.6666666666666666,0.6666666666666666,0.6666666666666666,0.6666666666666666,0.6666666666666666,0.6666666666666666,0.6666666666666666,0.6666666666666666,0.6666666666666666,0.6666666666666666,8.0
contraceptive-method-choice,svm,WOA,cluster_5,0.6666666666666666,0.6666666666666666,0.6666666666666666,0.6666666666666666,0.6666666666666666,0.6666666666666666,0.6666666666666666,0.6666666666666666,0.6666666666666666,0.6666666666666666,0.6666666666666666,0.6666666666666666,6.0
contraceptive-method-choice,svm,WOA,cluster_6,1.0,0.6666666666666666,0.6666666666666666,1.0,0.0,0.0,1.0,0.6666666666666666,0.6666666666666666,1.0,0.0,0.0,8.0
contraceptive-method-choice,svm,WOA,cluster_7,1.0,1.0,1.0,1.0,1.0,1.0,1.0,1.0,1.0,1.0,1.0,1.0,13.0
contraceptive-method-choice,svm,WOA,cluster_8,1.0,0.6666666666666666,0.6666666666666666,1.0,0.0,0.0,1.0,0.6666666666666666,0.6666666666666666,1.0,0.0,0.0,4.0
contraceptive-method-choice,svm,WOA,cluster_9,1.0,0.6666666666666666,0.6666666666666666,1.0,0.0,0.0,1.0,0.6666666666666666,0.6666666666666666,1.0,0.0,0.0,6.0
contraceptive-method-choice,svm,WOA,cluster_10,1.0,0.6666666666666666,0.6666666666666666,1.0,0.6666666666666666,0.6666666666666666,1.0,0.6666666666666666,0.6666666666666666,1.0,0.6666666666666666,0.6666666666666666,8.0
contraceptive-method-choice,svm,WOA,cluster_11,1.0,0.6666666666666666,0.6666666666666666,1.0,0.0,0.0,1.0,0.6666666666666666,0.6666666666666666,1.0,0.0,0.0,25.0
contraceptive-method-choice,svm,WOA,cluster_12,1.0,1.0,1.0,1.0,1.0,1.0,1.0,1.0,1.0,1.0,1.0,1.0,2.0
contraceptive-method-choice,svm,WOA,cluster_13,1.0,0.6666666666666666,0.6666666666666666,1.0,0.6666666666666666,0.6666666666666666,1.0,0.6666666666666666,0.6666666666666666,1.0,0.6666666666666666,0.6666666666666666,5.0
contraceptive-method-choice,svm,WOA,cluster_14,1.0,0.6666666666666666,0.6666666666666666,1.0,0.0,0.0,1.0,0.6666666666666666,0.6666666666666666,1.0,0.0,0.0,4.0
contraceptive-method-choice,svm,WOA,cluster_15,1.0,0.6666666666666666,0.6666666666666666,1.0,0.0,0.0,1.0,0.6666666666666666,0.6666666666666666,1.0,0.0,0.0,2.0
contraceptive-method-choice,xgb,AP,cluster_0,0.6666666666666666,1.0,0.6666666666666666,0.0,1.0,0.0,0.3333333333333333,0.6666666666666666,0.6666666666666666,0.0,0.6666666666666666,0.0,10.0
contraceptive-method-choice,xgb,AP,cluster_1,0.6666666666666666,0.6666666666666666,0.6666666666666666,0.3333333333333333,0.3333333333333333,0.6666666666666666,0.6666666666666666,0.6666666666666666,0.6666666666666666,0.3333333333333333,0.3333333333333333,0.6666666666666666,13.0
contraceptive-method-choice,xgb,AP,cluster_2,0.3333333333333333,0.6666666666666666,0.6666666666666666,0.0,0.3333333333333333,0.0,0.3333333333333333,0.6666666666666666,0.6666666666666666,0.0,0.3333333333333333,0.0,9.0
contraceptive-method-choice,xgb,AP,cluster_3,0.6666666666666666,0.6666666666666666,0.6666666666666666,0.6666666666666666,0.3333333333333333,0.6666666666666666,0.6666666666666666,0.3333333333333333,0.6666666666666666,0.6666666666666666,0.3333333333333333,0.6666666666666666,3.0
contraceptive-method-choice,xgb,AP,cluster_4,0.6666666666666666,0.3333333333333333,0.3333333333333333,0.0,0.0,0.0,0.3333333333333333,0.3333333333333333,0.3333333333333333,0.0,0.0,0.0,11.0
contraceptive-method-choice,xgb,AP,cluster_5,0.6666666666666666,0.6666666666666666,0.3333333333333333,0.3333333333333333,0.3333333333333333,0.0,0.3333333333333333,0.6666666666666666,0.3333333333333333,0.0,0.3333333333333333,0.0,4.0
contraceptive-method-choice,xgb,AP,cluster_6,0.6666666666666666,0.6666666666666666,0.6666666666666666,0.6666666666666666,0.0,0.0,0.6666666666666666,0.6666666666666666,0.6666666666666666,0.6666666666666666,0.0,0.0,23.0
contraceptive-method-choice,xgb,AP,cluster_7,1.0,0.6666666666666666,0.6666666666666666,1.0,0.0,0.0,1.0,0.6666666666666666,0.6666666666666666,1.0,0.0,0.0,12.0
contraceptive-method-choice,xgb,AP,cluster_8,1.0,0.6666666666666666,0.6666666666666666,0.3333333333333333,0.6666666666666666,0.3333333333333333,1.0,0.6666666666666666,0.6666666666666666,0.3333333333333333,0.6666666666666666,0.3333333333333333,3.0
contraceptive-method-choice,xgb,AP,cluster_9,0.3333333333333333,0.3333333333333333,0.6666666666666666,0.3333333333333333,0.0,0.3333333333333333,0.3333333333333333,0.3333333333333333,0.6666666666666666,0.3333333333333333,0.0,0.3333333333333333,3.0
contraceptive-method-choice,xgb,AP,cluster_10,0.6666666666666666,1.0,0.6666666666666666,0.0,0.3333333333333333,0.0,0.6666666666666666,0.6666666666666666,0.3333333333333333,0.0,0.3333333333333333,0.0,8.0
contraceptive-method-choice,xgb,AP,cluster_11,0.6666666666666666,1.0,0.6666666666666666,0.0,0.3333333333333333,0.0,0.6666666666666666,1.0,0.6666666666666666,0.0,0.3333333333333333,0.0,7.0
contraceptive-method-choice,xgb,AP,cluster_12,0.6666666666666666,0.6666666666666666,0.6666666666666666,0.3333333333333333,0.0,0.0,0.6666666666666666,0.6666666666666666,0.6666666666666666,0.3333333333333333,0.0,0.0,5.0
contraceptive-method-choice,xgb,AP,cluster_13,0.6666666666666666,0.3333333333333333,0.3333333333333333,0.6666666666666666,0.0,0.0,0.6666666666666666,0.3333333333333333,0.3333333333333333,0.6666666666666666,0.0,0.0,7.0
contraceptive-method-choice,xgb,AP,cluster_14,0.6666666666666666,0.6666666666666666,0.3333333333333333,0.3333333333333333,0.3333333333333333,0.0,0.6666666666666666,0.6666666666666666,0.3333333333333333,0.3333333333333333,0.3333333333333333,0.0,2.0
contraceptive-method-choice,xgb,AP,cluster_15,0.3333333333333333,0.6666666666666666,0.6666666666666666,0.0,0.0,0.0,0.3333333333333333,0.3333333333333333,0.3333333333333333,0.0,0.0,0.0,3.0
contraceptive-method-choice,xgb,EvoCluster_PSO,cluster_0,0.3333333333333333,0.6666666666666666,0.6666666666666666,0.3333333333333333,0.3333333333333333,0.0,0.3333333333333333,0.6666666666666666,0.6666666666666666,0.3333333333333333,0.3333333333333333,0.0,10.0
contraceptive-method-choice,xgb,EvoCluster_PSO,cluster_1,0.6666666666666666,0.6666666666666666,0.3333333333333333,0.3333333333333333,0.3333333333333333,0.0,0.6666666666666666,0.6666666666666666,0.3333333333333333,0.3333333333333333,0.3333333333333333,0.0,13.0
contraceptive-method-choice,xgb,EvoCluster_PSO,cluster_2,0.6666666666666666,0.3333333333333333,0.6666666666666666,0.0,0.0,0.6666666666666666,0.3333333333333333,0.3333333333333333,0.6666666666666666,0.0,0.0,0.6666666666666666,9.0
contraceptive-method-choice,xgb,EvoCluster_PSO,cluster_3,1.0,0.3333333333333333,0.3333333333333333,0.3333333333333333,0.0,0.3333333333333333,1.0,0.3333333333333333,0.3333333333333333,0.3333333333333333,0.0,0.3333333333333333,3.0
contraceptive-method-choice,xgb,EvoCluster_PSO,cluster_4,0.0,0.6666666666666666,0.3333333333333333,0.0,0.6666666666666666,0.3333333333333333,0.0,0.6666666666666666,0.3333333333333333,0.0,0.6666666666666666,0.3333333333333333,11.0
contraceptive-method-choice,xgb,EvoCluster_PSO,cluster_5,1.0,0.3333333333333333,0.3333333333333333,1.0,0.3333333333333333,0.3333333333333333,0.6666666666666666,0.3333333333333333,0.3333333333333333,0.6666666666666666,0.3333333333333333,0.3333333333333333,4.0
contraceptive-method-choice,xgb,EvoCluster_PSO,cluster_6,1.0,0.6666666666666666,0.6666666666666666,1.0,0.3333333333333333,0.3333333333333333,1.0,0.6666666666666666,0.6666666666666666,1.0,0.3333333333333333,0.3333333333333333,23.0
contraceptive-method-choice,xgb,EvoCluster_PSO,cluster_7,0.6666666666666666,0.6666666666666666,0.6666666666666666,0.6666666666666666,0.0,0.0,0.6666666666666666,0.6666666666666666,0.6666666666666666,0.6666666666666666,0.0,0.0,12.0
contraceptive-method-choice,xgb,EvoCluster_PSO,cluster_8,0.6666666666666666,0.6666666666666666,0.6666666666666666,0.0,0.0,0.6666666666666666,0.6666666666666666,0.6666666666666666,0.6666666666666666,0.0,0.0,0.6666666666666666,3.0
contraceptive-method-choice,xgb,EvoCluster_PSO,cluster_9,1.0,0.3333333333333333,0.3333333333333333,0.3333333333333333,0.3333333333333333,0.0,1.0,0.3333333333333333,0.3333333333333333,0.3333333333333333,0.3333333333333333,0.0,3.0
contraceptive-method-choice,xgb,EvoCluster_PSO,cluster_10,0.0,0.6666666666666666,0.3333333333333333,0.0,0.3333333333333333,0.0,0.0,0.3333333333333333,0.3333333333333333,0.0,0.3333333333333333,0.0,8.0
contraceptive-method-choice,xgb,EvoCluster_PSO,cluster_11,0.6666666666666666,0.3333333333333333,0.6666666666666666,0.3333333333333333,0.3333333333333333,0.6666666666666666,0.6666666666666666,0.3333333333333333,0.6666666666666666,0.3333333333333333,0.3333333333333333,0.6666666666666666,7.0
contraceptive-method-choice,xgb,EvoCluster_PSO,cluster_12,0.6666666666666666,0.3333333333333333,0.3333333333333333,0.0,0.0,0.3333333333333333,0.6666666666666666,0.3333333333333333,0.3333333333333333,0.0,0.0,0.3333333333333333,5.0
contraceptive-method-choice,xgb,EvoCluster_PSO,cluster_13,0.6666666666666666,1.0,0.6666666666666666,0.3333333333333333,0.0,0.3333333333333333,0.6666666666666666,1.0,0.6666666666666666,0.3333333333333333,0.0,0.3333333333333333,7.0
contraceptive-method-choice,xgb,EvoCluster_PSO,cluster_14,0.6666666666666666,0.6666666666666666,0.3333333333333333,0.0,0.3333333333333333,0.3333333333333333,0.6666666666666666,0.3333333333333333,0.3333333333333333,0.0,0.0,0.3333333333333333,2.0
contraceptive-method-choice,xgb,EvoCluster_PSO,cluster_15,1.0,0.3333333333333333,0.3333333333333333,0.3333333333333333,0.0,0.3333333333333333,1.0,0.3333333333333333,0.3333333333333333,0.3333333333333333,0.0,0.3333333333333333,3.0
contraceptive-method-choice,xgb,GWO,cluster_0,0.6666666666666666,0.6666666666666666,1.0,0.0,0.0,0.3333333333333333,0.3333333333333333,0.3333333333333333,1.0,0.0,0.0,0.3333333333333333,10.0
contraceptive-method-choice,xgb,GWO,cluster_1,0.6666666666666666,0.6666666666666666,0.6666666666666666,0.0,0.0,0.6666666666666666,0.6666666666666666,0.6666666666666666,0.6666666666666666,0.0,0.0,0.6666666666666666,13.0
contraceptive-method-choice,xgb,GWO,cluster_2,0.6666666666666666,0.6666666666666666,1.0,0.0,0.0,0.3333333333333333,0.6666666666666666,0.6666666666666666,1.0,0.0,0.0,0.3333333333333333,9.0
contraceptive-method-choice,xgb,GWO,cluster_3,1.0,0.3333333333333333,0.3333333333333333,1.0,0.3333333333333333,0.3333333333333333,0.6666666666666666,0.3333333333333333,0.3333333333333333,0.6666666666666666,0.3333333333333333,0.3333333333333333,3.0
contraceptive-method-choice,xgb,GWO,cluster_4,0.6666666666666666,0.6666666666666666,1.0,0.0,0.0,0.3333333333333333,0.6666666666666666,0.6666666666666666,1.0,0.0,0.0,0.3333333333333333,11.0
contraceptive-method-choice,xgb,GWO,cluster_5,1.0,0.6666666666666666,0.6666666666666666,1.0,0.6666666666666666,0.6666666666666666,1.0,0.6666666666666666,0.6666666666666666,1.0,0.6666666666666666,0.6666666666666666,4.0
contraceptive-method-choice,xgb,GWO,cluster_6,1.0,0.6666666666666666,0.6666666666666666,0.3333333333333333,0.3333333333333333,0.6666666666666666,1.0,0.6666666666666666,0.6666666666666666,0.3333333333333333,0.3333333333333333,0.6666666666666666,23.0
contraceptive-method-choice,xgb,GWO,cluster_7,0.6666666666666666,0.6666666666666666,1.0,0.0,0.0,0.3333333333333333,0.6666666666666666,0.6666666666666666,1.0,0.0,0.0,0.3333333333333333,12.0
contraceptive-method-choice,xgb,GWO,cluster_8,0.6666666666666666,0.6666666666666666,1.0,0.0,0.0,0.3333333333333333,0.3333333333333333,0.3333333333333333,1.0,0.0,0.0,0.3333333333333333,3.0
contraceptive-method-choice,xgb,GWO,cluster_9,1.0,0.3333333333333333,0.3333333333333333,1.0,0.3333333333333333,0.3333333333333333,0.6666666666666666,0.3333333333333333,0.3333333333333333,0.6666666666666666,0.3333333333333333,0.3333333333333333,3.0
contraceptive-method-choice,xgb,GWO,cluster_10,0.6666666666666666,0.6666666666666666,1.0,0.0,0.0,0.3333333333333333,0.6666666666666666,0.6666666666666666,1.0,0.0,0.0,0.3333333333333333,8.0
contraceptive-method-choice,xgb,GWO,cluster_11,0.6666666666666666,0.3333333333333333,0.6666666666666666,0.6666666666666666,0.3333333333333333,0.3333333333333333,0.6666666666666666,0.3333333333333333,0.6666666666666666,0.6666666666666666,0.3333333333333333,0.3333333333333333,7.0
contraceptive-method-choice,xgb,GWO,cluster_12,0.3333333333333333,0.3333333333333333,0.6666666666666666,0.0,0.0,0.0,0.3333333333333333,0.0,0.6666666666666666,0.0,0.0,0.0,5.0
contraceptive-method-choice,xgb,GWO,cluster_13,0.6666666666666666,0.6666666666666666,0.6666666666666666,0.6666666666666666,0.0,0.0,0.6666666666666666,0.6666666666666666,0.6666666666666666,0.6666666666666666,0.0,0.0,7.0
contraceptive-method-choice,xgb,GWO,cluster_14,0.6666666666666666,0.6666666666666666,1.0,0.0,0.6666666666666666,0.0,0.6666666666666666,0.3333333333333333,0.6666666666666666,0.0,0.3333333333333333,0.0,2.0
contraceptive-method-choice,xgb,GWO,cluster_15,1.0,0.6666666666666666,0.6666666666666666,1.0,0.3333333333333333,0.3333333333333333,1.0,0.6666666666666666,0.6666666666666666,1.0,0.3333333333333333,0.3333333333333333,3.0
contraceptive-method-choice,xgb,PSO,cluster_0,0.3333333333333333,0.3333333333333333,0.6666666666666666,0.3333333333333333,0.0,0.3333333333333333,0.3333333333333333,0.3333333333333333,0.6666666666666666,0.3333333333333333,0.0,0.3333333333333333,10.0
contraceptive-method-choice,xgb,PSO,cluster_1,1.0,0.6666666666666666,0.6666666666666666,0.3333333333333333,0.3333333333333333,0.6666666666666666,1.0,0.6666666666666666,0.6666666666666666,0.3333333333333333,0.3333333333333333,0.6666666666666666,13.0
contraceptive-method-choice,xgb,PSO,cluster_2,0.6666666666666666,0.3333333333333333,0.3333333333333333,0.0,0.0,0.3333333333333333,0.6666666666666666,0.3333333333333333,0.3333333333333333,0.0,0.0,0.3333333333333333,9.0
contraceptive-method-choice,xgb,PSO,cluster_3,1.0,0.6666666666666666,0.6666666666666666,1.0,0.3333333333333333,0.3333333333333333,1.0,0.6666666666666666,0.6666666666666666,1.0,0.3333333333333333,0.3333333333333333,3.0
contraceptive-method-choice,xgb,PSO,cluster_4,0.6666666666666666,0.3333333333333333,0.6666666666666666,0.0,0.0,0.0,0.6666666666666666,0.3333333333333333,0.6666666666666666,0.0,0.0,0.0,11.0
contraceptive-method-choice,xgb,PSO,cluster_5,0.6666666666666666,0.6666666666666666,0.3333333333333333,0.0,0.0,0.0,0.3333333333333333,0.6666666666666666,0.3333333333333333,0.0,0.0,0.0,4.0
contraceptive-method-choice,xgb,PSO,cluster_6,1.0,0.6666666666666666,0.6666666666666666,0.3333333333333333,0.6666666666666666,0.3333333333333333,0.6666666666666666,0.3333333333333333,0.6666666666666666,0.0,0.3333333333333333,0.3333333333333333,23.0
contraceptive-method-choice,xgb,PSO,cluster_7,1.0,0.6666666666666666,0.6666666666666666,0.3333333333333333,0.0,0.0,1.0,0.6666666666666666,0.6666666666666666,0.3333333333333333,0.0,0.0,12.0
contraceptive-method-choice,xgb,PSO,cluster_8,0.6666666666666666,0.6666666666666666,0.3333333333333333,0.0,0.0,0.0,0.6666666666666666,0.6666666666666666,0.3333333333333333,0.0,0.0,0.0,3.0
contraceptive-method-choice,xgb,PSO,cluster_9,1.0,0.6666666666666666,0.6666666666666666,0.0,0.0,0.0,1.0,0.6666666666666666,0.6666666666666666,0.0,0.0,0.0,3.0
contraceptive-method-choice,xgb,PSO,cluster_10,0.6666666666666666,0.3333333333333333,0.3333333333333333,0.3333333333333333,0.0,0.0,0.3333333333333333,0.0,0.3333333333333333,0.0,0.0,0.0,8.0
contraceptive-method-choice,xgb,PSO,cluster_11,1.0,0.6666666666666666,0.6666666666666666,0.3333333333333333,0.0,0.3333333333333333,1.0,0.6666666666666666,0.6666666666666666,0.3333333333333333,0.0,0.3333333333333333,7.0
contraceptive-method-choice,xgb,PSO,cluster_12,1.0,0.6666666666666666,0.6666666666666666,0.3333333333333333,0.0,0.3333333333333333,1.0,0.6666666666666666,0.6666666666666666,0.3333333333333333,0.0,0.3333333333333333,5.0
contraceptive-method-choice,xgb,PSO,cluster_13,0.6666666666666666,0.6666666666666666,1.0,0.0,0.0,0.3333333333333333,0.3333333333333333,0.3333333333333333,1.0,0.0,0.0,0.3333333333333333,7.0
contraceptive-method-choice,xgb,PSO,cluster_14,0.6666666666666666,0.6666666666666666,0.3333333333333333,0.3333333333333333,0.3333333333333333,0.0,0.6666666666666666,0.6666666666666666,0.3333333333333333,0.3333333333333333,0.3333333333333333,0.0,2.0
contraceptive-method-choice,xgb,PSO,cluster_15,0.3333333333333333,0.6666666666666666,0.6666666666666666,0.3333333333333333,0.3333333333333333,0.0,0.3333333333333333,0.6666666666666666,0.6666666666666666,0.3333333333333333,0.3333333333333333,0.0,3.0
contraceptive-method-choice,xgb,WOA,cluster_0,0.6666666666666666,1.0,0.6666666666666666,0.0,0.3333333333333333,0.6666666666666666,0.6666666666666666,1.0,0.6666666666666666,0.0,0.3333333333333333,0.6666666666666666,10.0
contraceptive-method-choice,xgb,WOA,cluster_1,0.6666666666666666,0.6666666666666666,0.3333333333333333,0.0,0.3333333333333333,0.0,0.6666666666666666,0.6666666666666666,0.3333333333333333,0.0,0.3333333333333333,0.0,13.0
contraceptive-method-choice,xgb,WOA,cluster_2,0.6666666666666666,1.0,0.6666666666666666,0.0,0.3333333333333333,0.6666666666666666,0.6666666666666666,1.0,0.6666666666666666,0.0,0.3333333333333333,0.6666666666666666,9.0
contraceptive-method-choice,xgb,WOA,cluster_3,0.6666666666666666,0.6666666666666666,0.3333333333333333,0.0,0.3333333333333333,0.0,0.6666666666666666,0.6666666666666666,0.3333333333333333,0.0,0.3333333333333333,0.0,3.0
contraceptive-method-choice,xgb,WOA,cluster_4,0.3333333333333333,0.6666666666666666,0.6666666666666666,0.0,0.0,0.0,0.3333333333333333,0.3333333333333333,0.3333333333333333,0.0,0.0,0.0,11.0
contraceptive-method-choice,xgb,WOA,cluster_5,0.6666666666666666,1.0,0.6666666666666666,0.0,0.3333333333333333,0.6666666666666666,0.6666666666666666,1.0,0.6666666666666666,0.0,0.3333333333333333,0.6666666666666666,4.0
contraceptive-method-choice,xgb,WOA,cluster_6,0.6666666666666666,1.0,0.6666666666666666,0.0,0.3333333333333333,0.6666666666666666,0.6666666666666666,1.0,0.6666666666666666,0.0,0.3333333333333333,0.6666666666666666,23.0
contraceptive-method-choice,xgb,WOA,cluster_7,0.6666666666666666,1.0,0.6666666666666666,0.0,0.3333333333333333,0.6666666666666666,0.6666666666666666,1.0,0.6666666666666666,0.0,0.3333333333333333,0.6666666666666666,12.0
contraceptive-method-choice,xgb,WOA,cluster_8,0.6666666666666666,1.0,0.6666666666666666,0.0,0.3333333333333333,0.6666666666666666,0.6666666666666666,1.0,0.6666666666666666,0.0,0.3333333333333333,0.6666666666666666,3.0
contraceptive-method-choice,xgb,WOA,cluster_9,0.6666666666666666,1.0,0.6666666666666666,0.0,0.3333333333333333,0.6666666666666666,0.6666666666666666,1.0,0.6666666666666666,0.0,0.3333333333333333,0.6666666666666666,3.0
contraceptive-method-choice,xgb,WOA,cluster_10,0.6666666666666666,1.0,0.6666666666666666,0.0,0.3333333333333333,0.6666666666666666,0.6666666666666666,1.0,0.6666666666666666,0.0,0.3333333333333333,0.6666666666666666,8.0
contraceptive-method-choice,xgb,WOA,cluster_11,0.6666666666666666,1.0,0.6666666666666666,0.0,0.3333333333333333,0.6666666666666666,0.6666666666666666,1.0,0.6666666666666666,0.0,0.3333333333333333,0.6666666666666666,7.0
contraceptive-method-choice,xgb,WOA,cluster_12,0.6666666666666666,1.0,0.6666666666666666,0.0,0.3333333333333333,0.6666666666666666,0.6666666666666666,1.0,0.6666666666666666,0.0,0.3333333333333333,0.6666666666666666,5.0
contraceptive-method-choice,xgb,WOA,cluster_13,0.6666666666666666,0.6666666666666666,0.3333333333333333,0.0,0.3333333333333333,0.0,0.6666666666666666,0.6666666666666666,0.3333333333333333,0.0,0.3333333333333333,0.0,7.0
contraceptive-method-choice,xgb,WOA,cluster_14,0.0,0.6666666666666666,0.3333333333333333,0.0,0.3333333333333333,0.0,0.0,0.3333333333333333,0.3333333333333333,0.0,0.3333333333333333,0.0,2.0
contraceptive-method-choice,xgb,WOA,cluster_15,0.6666666666666666,1.0,0.6666666666666666,0.0,0.3333333333333333,0.6666666666666666,0.6666666666666666,1.0,0.6666666666666666,0.0,0.3333333333333333,0.6666666666666666,3.0
credit-approval,rf,AP,cluster_0,0.8,0.5,0.6,0.2,0.0,0.0,0.8,0.5,0.6,0.2,0.0,0.0,5.0
credit-approval,rf,AP,cluster_1,0.9,0.5,0.4,0.5,0.2,0.2,0.9,0.5,0.4,0.5,0.2,0.2,1.0
credit-approval,rf,AP,cluster_2,0.8,0.5,0.4,0.2,0.3,0.1,0.8,0.5,0.4,0.2,0.3,0.1,1.0
credit-approval,rf,AP,cluster_3,0.8,0.5,0.6,0.2,0.3,0.2,0.8,0.5,0.6,0.2,0.3,0.2,3.0
credit-approval,rf,AP,cluster_4,0.9,0.7,0.7,0.4,0.3,0.2,0.9,0.7,0.7,0.4,0.3,0.2,3.0
credit-approval,rf,AP,cluster_5,0.9,0.4,0.5,0.1,0.3,0.1,0.9,0.4,0.5,0.1,0.3,0.1,1.0
credit-approval,rf,AP,cluster_6,0.9,0.6,0.6,0.0,0.1,0.2,0.9,0.6,0.6,0.0,0.1,0.2,11.0
credit-approval,rf,EvoCluster_PSO,cluster_0,0.9,0.4,0.5,0.1,0.3,0.1,0.9,0.4,0.5,0.1,0.3,0.1,5.0
credit-approval,rf,EvoCluster_PSO,cluster_1,0.8,0.6,0.6,0.4,0.5,0.3,0.8,0.6,0.6,0.4,0.5,0.3,1.0
credit-approval,rf,EvoCluster_PSO,cluster_2,0.8,0.5,0.4,0.2,0.3,0.1,0.8,0.5,0.4,0.2,0.3,0.1,1.0
credit-approval,rf,EvoCluster_PSO,cluster_3,0.9,0.6,0.5,0.6,0.0,0.0,0.9,0.6,0.5,0.6,0.0,0.0,3.0
credit-approval,rf,EvoCluster_PSO,cluster_4,0.8,0.5,0.4,0.2,0.3,0.1,0.8,0.5,0.4,0.2,0.3,0.1,3.0
credit-approval,rf,EvoCluster_PSO,cluster_5,0.9,0.7,0.6,0.5,0.2,0.4,0.9,0.7,0.6,0.5,0.2,0.4,1.0
credit-approval,rf,EvoCluster_PSO,cluster_6,0.8,0.5,0.4,0.5,0.3,0.2,0.8,0.5,0.4,0.5,0.3,0.2,11.0
credit-approval,rf,GWO,cluster_0,1.0,0.7,0.7,0.3,0.1,0.3,1.0,0.7,0.7,0.3,0.1,0.3,5.0
credit-approval,rf,GWO,cluster_1,0.9,0.6,0.5,0.6,0.0,0.0,0.9,0.6,0.5,0.6,0.0,0.0,1.0
credit-approval,rf,GWO,cluster_2,0.7,0.6,0.4,0.3,0.0,0.0,0.7,0.6,0.4,0.3,0.0,0.0,1.0
credit-approval,rf,GWO,cluster_3,0.9,0.7,0.8,0.4,0.2,0.4,0.9,0.7,0.8,0.4,0.2,0.4,3.0
credit-approval,rf,GWO,cluster_4,0.9,0.7,0.8,0.4,0.2,0.4,0.9,0.7,0.8,0.4,0.2,0.4,3.0
credit-approval,rf,GWO,cluster_5,0.7,0.5,0.5,0.2,0.0,0.0,0.7,0.5,0.5,0.2,0.0,0.0,1.0
credit-approval,rf,GWO,cluster_6,0.9,0.5,0.5,0.4,0.4,0.3,0.9,0.5,0.5,0.4,0.4,0.3,11.0
credit-approval,rf,PSO,cluster_0,0.9,0.6,0.6,0.2,0.1,0.1,0.9,0.6,0.6,0.2,0.1,0.1,5.0
credit-approval,rf,PSO,cluster_1,0.8,0.6,0.6,0.5,0.5,0.3,0.8,0.6,0.6,0.5,0.5,0.3,1.0
credit-approval,rf,PSO,cluster_2,0.9,0.7,0.6,0.5,0.2,0.4,0.9,0.7,0.6,0.5,0.2,0.4,1.0
credit-approval,rf,PSO,cluster_3,0.9,0.6,0.6,0.2,0.1,0.1,0.9,0.6,0.6,0.2,0.1,0.1,3.0
credit-approval,rf,PSO,cluster_4,1.0,0.6,0.6,0.3,0.0,0.3,1.0,0.6,0.6,0.3,0.0,0.3,3.0
credit-approval,rf,PSO,cluster_5,0.9,0.6,0.6,0.0,0.1,0.2,0.9,0.6,0.6,0.0,0.1,0.2,1.0
credit-approval,rf,PSO,cluster_6,1.0,0.7,0.7,0.3,0.1,0.3,1.0,0.7,0.7,0.3,0.1,0.3,11.0
credit-approval,rf,WOA,cluster_0,0.9,0.5,0.6,0.3,0.2,0.0,0.9,0.5,0.6,0.3,0.2,0.0,5.0
credit-approval,rf,WOA,cluster_1,0.7,0.6,0.4,0.3,0.0,0.0,0.7,0.6,0.4,0.3,0.0,0.0,1.0
credit-approval,rf,WOA,cluster_2,1.0,0.7,0.7,0.3,0.1,0.3,1.0,0.7,0.7,0.3,0.1,0.3,1.0
credit-approval,rf,WOA,cluster_3,0.9,0.7,0.7,0.4,0.3,0.2,0.9,0.7,0.7,0.4,0.3,0.2,3.0
credit-approval,rf,WOA,cluster_4,0.8,0.5,0.4,0.2,0.3,0.1,0.8,0.5,0.4,0.2,0.3,0.1,3.0
credit-approval,rf,WOA,cluster_5,0.8,0.6,0.6,0.5,0.5,0.3,0.8,0.6,0.6,0.5,0.5,0.3,1.0
credit-approval,rf,WOA,cluster_6,0.9,0.6,0.6,0.5,0.2,0.2,0.9,0.6,0.6,0.5,0.2,0.2,11.0
credit-approval,svm,AP,cluster_0,1.0,0.6,0.6,0.8,0.2,0.2,1.0,0.6,0.6,0.8,0.2,0.2,1.0
credit-approval,svm,AP,cluster_1,1.0,0.8,0.8,0.6,0.3,0.1,1.0,0.8,0.8,0.6,0.3,0.1,12.0
credit-approval,svm,AP,cluster_2,0.9,0.8,0.7,0.3,0.2,0.1,0.9,0.8,0.7,0.3,0.2,0.1,4.0
credit-approval,svm,AP,cluster_3,1.0,0.7,0.7,0.4,0.3,0.1,1.0,0.7,0.7,0.4,0.3,0.1,2.0
credit-approval,svm,AP,cluster_4,1.0,0.6,0.6,0.6,0.1,0.0,1.0,0.6,0.6,0.6,0.1,0.0,1.0
credit-approval,svm,AP,cluster_5,1.0,0.8,0.8,0.8,0.1,0.0,1.0,0.8,0.8,0.8,0.1,0.0,12.0
credit-approval,svm,EvoCluster_PSO,cluster_0,1.0,0.8,0.8,0.6,0.3,0.1,1.0,0.8,0.8,0.6,0.3,0.1,1.0
credit-approval,svm,EvoCluster_PSO,cluster_1,1.0,0.7,0.7,0.4,0.3,0.1,1.0,0.7,0.7,0.4,0.3,0.1,12.0
credit-approval,svm,EvoCluster_PSO,cluster_2,1.0,0.7,0.7,0.2,0.2,0.1,1.0,0.7,0.7,0.2,0.2,0.1,4.0
credit-approval,svm,EvoCluster_PSO,cluster_3,0.9,0.7,0.8,0.6,0.1,0.1,0.9,0.7,0.8,0.6,0.1,0.1,2.0
credit-approval,svm,EvoCluster_PSO,cluster_4,0.9,0.7,0.8,0.6,0.1,0.1,0.9,0.7,0.8,0.6,0.1,0.1,1.0
credit-approval,svm,EvoCluster_PSO,cluster_5,0.9,0.7,0.6,0.5,0.2,0.2,0.9,0.7,0.6,0.5,0.2,0.2,12.0
credit-approval,svm,GWO,cluster_0,0.9,0.7,0.8,0.4,0.0,0.0,0.9,0.7,0.8,0.4,0.0,0.0,1.0
credit-approval,svm,GWO,cluster_1,1.0,0.8,0.8,0.6,0.1,0.2,1.0,0.8,0.8,0.6,0.1,0.2,12.0
credit-approval,svm,GWO,cluster_2,1.0,0.7,0.7,0.2,0.2,0.1,1.0,0.7,0.7,0.2,0.2,0.1,4.0
credit-approval,svm,GWO,cluster_3,1.0,0.7,0.7,0.4,0.3,0.1,1.0,0.7,0.7,0.4,0.3,0.1,2.0
credit-approval,svm,GWO,cluster_4,1.0,0.7,0.7,0.6,0.1,0.0,1.0,0.7,0.7,0.6,0.1,0.0,1.0
credit-approval,svm,GWO,cluster_5,1.0,0.8,0.8,0.8,0.1,0.0,1.0,0.8,0.8,0.8,0.1,0.0,12.0
credit-approval,svm,PSO,cluster_0,1.0,0.7,0.7,0.6,0.1,0.0,1.0,0.7,0.7,0.6,0.1,0.0,1.0
credit-approval,svm,PSO,cluster_1,1.0,0.6,0.6,0.6,0.1,0.0,1.0,0.6,0.6,0.6,0.1,0.0,12.0
credit-approval,svm,PSO,cluster_2,1.0,0.8,0.8,0.5,0.0,0.2,1.0,0.8,0.8,0.5,0.0,0.2,4.0
credit-approval,svm,PSO,cluster_3,1.0,0.7,0.7,0.3,0.0,0.1,1.0,0.7,0.7,0.3,0.0,0.1,2.0
credit-approval,svm,PSO,cluster_4,1.0,0.7,0.7,0.4,0.3,0.1,1.0,0.7,0.7,0.4,0.3,0.1,1.0
credit-approval,svm,PSO,cluster_5,1.0,0.6,0.6,0.6,0.1,0.0,1.0,0.6,0.6,0.6,0.1,0.0,12.0
credit-approval,svm,WOA,cluster_0,1.0,0.7,0.7,0.2,0.2,0.1,1.0,0.7,0.7,0.2,0.2,0.1,1.0
credit-approval,svm,WOA,cluster_1,0.9,0.8,0.7,0.3,0.2,0.1,0.9,0.8,0.7,0.3,0.2,0.1,12.0
credit-approval,svm,WOA,cluster_2,0.9,0.8,0.7,0.3,0.2,0.1,0.9,0.8,0.7,0.3,0.2,0.1,4.0
credit-approval,svm,WOA,cluster_3,1.0,0.7,0.7,0.2,0.2,0.1,1.0,0.7,0.7,0.2,0.2,0.1,2.0
credit-approval,svm,WOA,cluster_4,0.9,0.8,0.7,0.3,0.2,0.1,0.9,0.8,0.7,0.3,0.2,0.1,1.0
credit-approval,svm,WOA,cluster_5,1.0,0.7,0.7,0.6,0.1,0.0,1.0,0.7,0.7,0.6,0.1,0.0,12.0
credit-approval,xgb,AP,cluster_0,0.8,0.4,0.5,0.2,0.2,0.3,0.7,0.4,0.4,0.2,0.2,0.3,1.0
credit-approval,xgb,AP,cluster_1,0.9,0.4,0.5,0.2,0.1,0.2,0.9,0.4,0.5,0.2,0.1,0.2,1.0
credit-approval,xgb,AP,cluster_2,0.9,0.5,0.5,0.2,0.1,0.1,0.9,0.5,0.5,0.2,0.1,0.1,1.0
credit-approval,xgb,AP,cluster_3,0.9,0.5,0.5,0.1,0.0,0.1,0.9,0.4,0.4,0.1,0.0,0.1,7.0
credit-approval,xgb,AP,cluster_4,1.0,0.5,0.5,0.2,0.1,0.1,0.9,0.4,0.5,0.2,0.1,0.1,3.0
credit-approval,xgb,AP,cluster_5,0.7,0.4,0.4,0.4,0.1,0.1,0.6,0.3,0.4,0.4,0.1,0.1,7.0
credit-approval,xgb,AP,cluster_6,0.8,0.4,0.5,0.4,0.3,0.4,0.8,0.4,0.5,0.4,0.3,0.4,1.0
credit-approval,xgb,AP,cluster_7,0.8,0.5,0.5,0.5,0.1,0.2,0.8,0.5,0.5,0.5,0.1,0.2,11.0
credit-approval,xgb,EvoCluster_PSO,cluster_0,0.9,0.4,0.5,0.5,0.2,0.2,0.8,0.3,0.4,0.5,0.2,0.2,1.0
credit-approval,xgb,EvoCluster_PSO,cluster_1,0.9,0.3,0.3,0.1,0.2,0.1,0.8,0.3,0.3,0.1,0.2,0.1,1.0
credit-approval,xgb,EvoCluster_PSO,cluster_2,0.9,0.4,0.4,0.2,0.1,0.1,0.9,0.4,0.4,0.2,0.1,0.1,1.0
credit-approval,xgb,EvoCluster_PSO,cluster_3,0.8,0.5,0.4,0.2,0.1,0.1,0.8,0.4,0.3,0.2,0.1,0.1,7.0
credit-approval,xgb,EvoCluster_PSO,cluster_4,0.8,0.6,0.4,0.1,0.2,0.1,0.7,0.6,0.4,0.1,0.2,0.1,3.0
credit-approval,xgb,EvoCluster_PSO,cluster_5,0.9,0.4,0.5,0.5,0.2,0.2,0.8,0.3,0.4,0.5,0.2,0.2,7.0
credit-approval,xgb,EvoCluster_PSO,cluster_6,0.9,0.5,0.5,0.1,0.0,0.1,0.9,0.4,0.4,0.1,0.0,0.1,1.0
credit-approval,xgb,EvoCluster_PSO,cluster_7,0.9,0.6,0.5,0.3,0.0,0.1,0.8,0.5,0.5,0.3,0.0,0.1,11.0
credit-approval,xgb,GWO,cluster_0,0.9,0.5,0.5,0.2,0.1,0.1,0.9,0.5,0.5,0.2,0.1,0.1,1.0
credit-approval,xgb,GWO,cluster_1,0.9,0.4,0.4,0.3,0.2,0.2,0.9,0.4,0.4,0.3,0.2,0.2,1.0
credit-approval,xgb,GWO,cluster_2,0.8,0.5,0.4,0.3,0.0,0.1,0.8,0.4,0.3,0.3,0.0,0.0,1.0
credit-approval,xgb,GWO,cluster_3,0.9,0.5,0.5,0.2,0.1,0.1,0.9,0.5,0.5,0.2,0.1,0.1,7.0
credit-approval,xgb,GWO,cluster_4,0.9,0.4,0.4,0.2,0.1,0.1,0.9,0.4,0.4,0.2,0.1,0.1,3.0
credit-approval,xgb,GWO,cluster_5,0.8,0.5,0.5,0.3,0.1,0.1,0.8,0.4,0.4,0.3,0.1,0.1,7.0
credit-approval,xgb,GWO,cluster_6,1.0,0.6,0.6,0.0,0.0,0.1,1.0,0.6,0.6,0.0,0.0,0.1,1.0
credit-approval,xgb,GWO,cluster_7,0.9,0.4,0.4,0.2,0.1,0.1,0.9,0.4,0.4,0.2,0.1,0.1,11.0
credit-approval,xgb,PSO,cluster_0,0.9,0.4,0.5,0.5,0.2,0.2,0.8,0.3,0.4,0.5,0.2,0.2,1.0
credit-approval,xgb,PSO,cluster_1,0.8,0.5,0.4,0.2,0.1,0.1,0.8,0.4,0.3,0.2,0.1,0.1,1.0
credit-approval,xgb,PSO,cluster_2,0.9,0.4,0.5,0.5,0.2,0.2,0.8,0.3,0.4,0.5,0.2,0.2,1.0
credit-approval,xgb,PSO,cluster_3,0.8,0.4,0.5,0.4,0.3,0.4,0.8,0.4,0.5,0.4,0.3,0.4,7.0
credit-approval,xgb,PSO,cluster_4,0.7,0.4,0.4,0.4,0.1,0.1,0.6,0.3,0.4,0.4,0.1,0.1,3.0
credit-approval,xgb,PSO,cluster_5,0.9,0.4,0.4,0.4,0.1,0.2,0.8,0.4,0.4,0.4,0.1,0.2,7.0
credit-approval,xgb,PSO,cluster_6,0.9,0.6,0.5,0.3,0.0,0.1,0.8,0.5,0.5,0.3,0.0,0.1,1.0
credit-approval,xgb,PSO,cluster_7,0.8,0.6,0.4,0.1,0.2,0.1,0.7,0.6,0.4,0.1,0.2,0.1,11.0
credit-approval,xgb,WOA,cluster_0,0.9,0.4,0.4,0.1,0.2,0.0,0.9,0.4,0.4,0.1,0.2,0.0,1.0
credit-approval,xgb,WOA,cluster_1,0.8,0.4,0.5,0.2,0.2,0.3,0.7,0.4,0.4,0.2,0.2,0.3,1.0
credit-approval,xgb,WOA,cluster_2,0.8,0.4,0.5,0.4,0.3,0.4,0.8,0.4,0.5,0.4,0.3,0.4,1.0
credit-approval,xgb,WOA,cluster_3,0.9,0.5,0.5,0.1,0.0,0.1,0.9,0.4,0.4,0.1,0.0,0.1,7.0
credit-approval,xgb,WOA,cluster_4,0.9,0.5,0.5,0.2,0.1,0.1,0.9,0.5,0.5,0.2,0.1,0.1,3.0
credit-approval,xgb,WOA,cluster_5,0.9,0.5,0.5,0.2,0.1,0.1,0.9,0.5,0.5,0.2,0.1,0.1,7.0
credit-approval,xgb,WOA,cluster_6,0.9,0.5,0.5,0.2,0.1,0.1,0.9,0.5,0.5,0.2,0.1,0.1,1.0
credit-approval,xgb,WOA,cluster_7,0.9,0.4,0.5,0.2,0.1,0.2,0.9,0.4,0.5,0.2,0.1,0.2,11.0
cylinder-bands,rf,AP,cluster_0,0.6,0.0,0.0,0.1,0.0,0.0,0.6,0.0,0.0,0.1,0.0,0.0,8.0
cylinder-bands,rf,AP,cluster_1,0.8,0.0,0.0,0.2,0.0,0.0,0.8,0.0,0.0,0.2,0.0,0.0,4.0
cylinder-bands,rf,AP,cluster_2,0.5,0.0,0.0,0.3,0.0,0.0,0.5,0.0,0.0,0.3,0.0,0.0,6.0
cylinder-bands,rf,AP,cluster_3,0.7,0.0,0.0,0.2,0.0,0.0,0.7,0.0,0.0,0.2,0.0,0.0,6.0
cylinder-bands,rf,AP,cluster_4,0.7,0.0,0.0,0.1,0.0,0.0,0.7,0.0,0.0,0.1,0.0,0.0,3.0
cylinder-bands,rf,AP,cluster_5,0.8,0.0,0.0,0.4,0.0,0.0,0.8,0.0,0.0,0.4,0.0,0.0,1.0
cylinder-bands,rf,EvoCluster_PSO,cluster_0,0.7,0.0,0.0,0.0,0.0,0.0,0.7,0.0,0.0,0.0,0.0,0.0,8.0
cylinder-bands,rf,EvoCluster_PSO,cluster_1,0.7,0.0,0.0,0.2,0.0,0.0,0.7,0.0,0.0,0.2,0.0,0.0,4.0
cylinder-bands,rf,EvoCluster_PSO,cluster_2,0.7,0.0,0.0,0.0,0.0,0.0,0.7,0.0,0.0,0.0,0.0,0.0,6.0
cylinder-bands,rf,EvoCluster_PSO,cluster_3,0.6,0.0,0.0,0.1,0.0,0.0,0.6,0.0,0.0,0.1,0.0,0.0,6.0
cylinder-bands,rf,EvoCluster_PSO,cluster_4,0.7,0.0,0.0,0.0,0.0,0.0,0.7,0.0,0.0,0.0,0.0,0.0,3.0
cylinder-bands,rf,EvoCluster_PSO,cluster_5,0.7,0.0,0.0,0.1,0.0,0.0,0.7,0.0,0.0,0.1,0.0,0.0,1.0
cylinder-bands,rf,GWO,cluster_0,0.7,0.0,0.0,0.1,0.0,0.0,0.7,0.0,0.0,0.1,0.0,0.0,8.0
cylinder-bands,rf,GWO,cluster_1,0.7,0.0,0.0,0.2,0.0,0.0,0.7,0.0,0.0,0.2,0.0,0.0,4.0
cylinder-bands,rf,GWO,cluster_2,0.6,0.0,0.0,0.1,0.0,0.0,0.6,0.0,0.0,0.1,0.0,0.0,6.0
cylinder-bands,rf,GWO,cluster_3,0.6,0.0,0.0,0.0,0.0,0.0,0.6,0.0,0.0,0.0,0.0,0.0,6.0
cylinder-bands,rf,GWO,cluster_4,0.5,0.0,0.0,0.1,0.0,0.0,0.5,0.0,0.0,0.1,0.0,0.0,3.0
cylinder-bands,rf,GWO,cluster_5,0.8,0.0,0.0,0.3,0.0,0.0,0.8,0.0,0.0,0.3,0.0,0.0,1.0
cylinder-bands,rf,PSO,cluster_0,0.8,0.0,0.0,0.1,0.0,0.0,0.7,0.0,0.0,0.1,0.0,0.0,8.0
cylinder-bands,rf,PSO,cluster_1,0.8,0.0,0.0,0.4,0.0,0.0,0.8,0.0,0.0,0.4,0.0,0.0,4.0
cylinder-bands,rf,PSO,cluster_2,0.7,0.0,0.0,0.2,0.0,0.0,0.7,0.0,0.0,0.2,0.0,0.0,6.0
cylinder-bands,rf,PSO,cluster_3,0.5,0.0,0.0,0.3,0.0,0.0,0.5,0.0,0.0,0.3,0.0,0.0,6.0
cylinder-bands,rf,PSO,cluster_4,0.7,0.0,0.0,0.1,0.0,0.0,0.7,0.0,0.0,0.1,0.0,0.0,3.0
cylinder-bands,rf,PSO,cluster_5,0.8,0.0,0.0,0.1,0.0,0.0,0.7,0.0,0.0,0.1,0.0,0.0,1.0
cylinder-bands,rf,WOA,cluster_0,0.8,0.0,0.0,0.3,0.0,0.0,0.8,0.0,0.0,0.3,0.0,0.0,8.0
cylinder-bands,rf,WOA,cluster_1,0.8,0.0,0.0,0.3,0.0,0.0,0.8,0.0,0.0,0.3,0.0,0.0,4.0
cylinder-bands,rf,WOA,cluster_2,0.5,0.0,0.1,0.0,0.0,0.0,0.5,0.0,0.0,0.0,0.0,0.0,6.0
cylinder-bands,rf,WOA,cluster_3,0.7,0.0,0.0,0.1,0.0,0.0,0.7,0.0,0.0,0.1,0.0,0.0,6.0
cylinder-bands,rf,WOA,cluster_4,0.7,0.0,0.0,0.2,0.0,0.0,0.7,0.0,0.0,0.2,0.0,0.0,3.0
cylinder-bands,rf,WOA,cluster_5,0.8,0.0,0.0,0.4,0.0,0.0,0.8,0.0,0.0,0.4,0.0,0.0,1.0
cylinder-bands,svm,AP,cluster_0,1.0,0.0,0.0,0.1,0.0,0.0,1.0,0.0,0.0,0.1,0.0,0.0,3.0
cylinder-bands,svm,AP,cluster_1,1.0,0.0,0.0,0.1,0.0,0.0,1.0,0.0,0.0,0.1,0.0,0.0,1.0
cylinder-bands,svm,AP,cluster_2,0.9,0.0,0.0,0.7,0.0,0.0,0.9,0.0,0.0,0.7,0.0,0.0,3.0
cylinder-bands,svm,AP,cluster_3,1.0,0.0,0.0,0.2,0.0,0.0,1.0,0.0,0.0,0.2,0.0,0.0,4.0
cylinder-bands,svm,AP,cluster_4,0.8,0.0,0.0,0.1,0.0,0.0,0.8,0.0,0.0,0.1,0.0,0.0,1.0
cylinder-bands,svm,AP,cluster_5,0.8,0.0,0.0,0.2,0.0,0.0,0.8,0.0,0.0,0.2,0.0,0.0,4.0
cylinder-bands,svm,AP,cluster_6,1.0,0.0,0.0,0.7,0.0,0.0,1.0,0.0,0.0,0.7,0.0,0.0,7.0
cylinder-bands,svm,AP,cluster_7,0.8,0.0,0.0,0.2,0.0,0.0,0.8,0.0,0.0,0.2,0.0,0.0,3.0
cylinder-bands,svm,AP,cluster_8,1.0,0.0,0.0,0.2,0.0,0.0,1.0,0.0,0.0,0.2,0.0,0.0,3.0
cylinder-bands,svm,AP,cluster_9,1.0,0.0,0.0,0.0,0.0,0.0,1.0,0.0,0.0,0.0,0.0,0.0,8.0
cylinder-bands,svm,EvoCluster_PSO,cluster_0,0.9,0.0,0.0,0.6,0.0,0.0,0.9,0.0,0.0,0.6,0.0,0.0,3.0
cylinder-bands,svm,EvoCluster_PSO,cluster_1,1.0,0.0,0.0,0.2,0.0,0.0,1.0,0.0,0.0,0.2,0.0,0.0,1.0
cylinder-bands,svm,EvoCluster_PSO,cluster_2,0.9,0.0,0.0,0.0,0.0,0.0,0.9,0.0,0.0,0.0,0.0,0.0,3.0
cylinder-bands,svm,EvoCluster_PSO,cluster_3,0.8,0.0,0.0,0.1,0.0,0.0,0.8,0.0,0.0,0.1,0.0,0.0,4.0
cylinder-bands,svm,EvoCluster_PSO,cluster_4,0.9,0.0,0.0,0.5,0.0,0.0,0.9,0.0,0.0,0.5,0.0,0.0,1.0
cylinder-bands,svm,EvoCluster_PSO,cluster_5,0.9,0.0,0.0,0.5,0.0,0.0,0.9,0.0,0.0,0.5,0.0,0.0,4.0
cylinder-bands,svm,EvoCluster_PSO,cluster_6,1.0,0.0,0.0,0.2,0.0,0.0,1.0,0.0,0.0,0.2,0.0,0.0,7.0
cylinder-bands,svm,EvoCluster_PSO,cluster_7,0.9,0.0,0.0,0.0,0.0,0.0,0.9,0.0,0.0,0.0,0.0,0.0,3.0
cylinder-bands,svm,EvoCluster_PSO,cluster_8,1.0,0.0,0.0,0.0,0.0,0.0,1.0,0.0,0.0,0.0,0.0,0.0,3.0
cylinder-bands,svm,EvoCluster_PSO,cluster_9,0.9,0.0,0.0,0.0,0.0,0.0,0.9,0.0,0.0,0.0,0.0,0.0,8.0
cylinder-bands,svm,GWO,cluster_0,1.0,0.0,0.0,0.1,0.0,0.0,1.0,0.0,0.0,0.1,0.0,0.0,3.0
cylinder-bands,svm,GWO,cluster_1,1.0,0.0,0.0,0.2,0.0,0.0,1.0,0.0,0.0,0.2,0.0,0.0,1.0
cylinder-bands,svm,GWO,cluster_2,0.9,0.0,0.0,0.0,0.0,0.0,0.9,0.0,0.0,0.0,0.0,0.0,3.0
cylinder-bands,svm,GWO,cluster_3,0.9,0.0,0.0,0.0,0.0,0.0,0.9,0.0,0.0,0.0,0.0,0.0,4.0
cylinder-bands,svm,GWO,cluster_4,0.9,0.0,0.0,0.1,0.0,0.0,0.9,0.0,0.0,0.1,0.0,0.0,1.0
cylinder-bands,svm,GWO,cluster_5,0.9,0.0,0.0,0.0,0.0,0.0,0.9,0.0,0.0,0.0,0.0,0.0,4.0
cylinder-bands,svm,GWO,cluster_6,0.8,0.0,0.0,0.2,0.0,0.0,0.8,0.0,0.0,0.2,0.0,0.0,7.0
cylinder-bands,svm,GWO,cluster_7,1.0,0.0,0.0,0.2,0.0,0.0,1.0,0.0,0.0,0.2,0.0,0.0,3.0
cylinder-bands,svm,GWO,cluster_8,1.0,0.0,0.0,0.1,0.0,0.0,1.0,0.0,0.0,0.1,0.0,0.0,3.0
cylinder-bands,svm,GWO,cluster_9,0.9,0.0,0.0,0.5,0.0,0.0,0.9,0.0,0.0,0.5,0.0,0.0,8.0
cylinder-bands,svm,PSO,cluster_0,1.0,0.0,0.0,0.4,0.0,0.0,1.0,0.0,0.0,0.4,0.0,0.0,3.0
cylinder-bands,svm,PSO,cluster_1,1.0,0.0,0.0,0.7,0.0,0.0,1.0,0.0,0.0,0.7,0.0,0.0,1.0
cylinder-bands,svm,PSO,cluster_2,1.0,0.0,0.0,0.2,0.0,0.0,1.0,0.0,0.0,0.2,0.0,0.0,3.0
cylinder-bands,svm,PSO,cluster_3,0.9,0.0,0.0,0.6,0.0,0.0,0.9,0.0,0.0,0.6,0.0,0.0,4.0
cylinder-bands,svm,PSO,cluster_4,1.0,0.0,0.0,0.4,0.0,0.0,1.0,0.0,0.0,0.4,0.0,0.0,1.0
cylinder-bands,svm,PSO,cluster_5,0.9,0.0,0.0,0.1,0.0,0.0,0.9,0.0,0.0,0.1,0.0,0.0,4.0
cylinder-bands,svm,PSO,cluster_6,0.9,0.0,0.0,0.6,0.0,0.0,0.9,0.0,0.0,0.6,0.0,0.0,7.0
cylinder-bands,svm,PSO,cluster_7,1.0,0.0,0.0,0.7,0.0,0.0,1.0,0.0,0.0,0.7,0.0,0.0,3.0
cylinder-bands,svm,PSO,cluster_8,0.9,0.0,0.0,0.3,0.0,0.0,0.9,0.0,0.0,0.3,0.0,0.0,3.0
cylinder-bands,svm,PSO,cluster_9,0.9,0.0,0.0,0.2,0.0,0.0,0.9,0.0,0.0,0.2,0.0,0.0,8.0
cylinder-bands,svm,WOA,cluster_0,1.0,0.0,0.0,0.6,0.0,0.0,1.0,0.0,0.0,0.6,0.0,0.0,3.0
cylinder-bands,svm,WOA,cluster_1,0.9,0.0,0.0,0.5,0.0,0.0,0.9,0.0,0.0,0.5,0.0,0.0,1.0
cylinder-bands,svm,WOA,cluster_2,0.9,0.0,0.0,0.2,0.0,0.0,0.9,0.0,0.0,0.2,0.0,0.0,3.0
cylinder-bands,svm,WOA,cluster_3,0.9,0.0,0.0,0.1,0.0,0.0,0.9,0.0,0.0,0.1,0.0,0.0,4.0
cylinder-bands,svm,WOA,cluster_4,0.9,0.0,0.0,0.5,0.0,0.0,0.9,0.0,0.0,0.5,0.0,0.0,1.0
cylinder-bands,svm,WOA,cluster_5,1.0,0.0,0.0,0.5,0.0,0.0,1.0,0.0,0.0,0.5,0.0,0.0,4.0
cylinder-bands,svm,WOA,cluster_6,1.0,0.0,0.0,0.1,0.0,0.0,1.0,0.0,0.0,0.1,0.0,0.0,7.0
cylinder-bands,svm,WOA,cluster_7,1.0,0.0,0.0,0.2,0.0,0.0,1.0,0.0,0.0,0.2,0.0,0.0,3.0
cylinder-bands,svm,WOA,cluster_8,1.0,0.0,0.0,0.7,0.0,0.0,1.0,0.0,0.0,0.7,0.0,0.0,3.0
cylinder-bands,svm,WOA,cluster_9,1.0,0.0,0.0,0.5,0.0,0.0,1.0,0.0,0.0,0.5,0.0,0.0,8.0
cylinder-bands,xgb,AP,cluster_0,0.6,0.0,0.0,0.2,0.0,0.0,0.6,0.0,0.0,0.2,0.0,0.0,3.0
cylinder-bands,xgb,AP,cluster_1,0.8,0.0,0.0,0.1,0.0,0.0,0.8,0.0,0.0,0.1,0.0,0.0,2.0
cylinder-bands,xgb,AP,cluster_2,0.8,0.1,0.1,0.0,0.1,0.0,0.8,0.0,0.0,0.0,0.0,0.0,9.0
cylinder-bands,xgb,AP,cluster_3,0.8,0.0,0.0,0.1,0.0,0.0,0.8,0.0,0.0,0.1,0.0,0.0,4.0
cylinder-bands,xgb,AP,cluster_4,0.7,0.0,0.0,0.1,0.0,0.0,0.7,0.0,0.0,0.1,0.0,0.0,10.0
cylinder-bands,xgb,EvoCluster_PSO,cluster_0,0.9,0.1,0.1,0.0,0.0,0.0,0.9,0.0,0.0,0.0,0.0,0.0,3.0
cylinder-bands,xgb,EvoCluster_PSO,cluster_1,0.7,0.0,0.0,0.3,0.0,0.0,0.7,0.0,0.0,0.3,0.0,0.0,2.0
cylinder-bands,xgb,EvoCluster_PSO,cluster_2,0.7,0.0,0.0,0.0,0.0,0.0,0.7,0.0,0.0,0.0,0.0,0.0,9.0
cylinder-bands,xgb,EvoCluster_PSO,cluster_3,0.8,0.0,0.0,0.4,0.0,0.0,0.8,0.0,0.0,0.4,0.0,0.0,4.0
cylinder-bands,xgb,EvoCluster_PSO,cluster_4,0.7,0.0,0.0,0.0,0.0,0.0,0.6,0.0,0.0,0.0,0.0,0.0,10.0
cylinder-bands,xgb,GWO,cluster_0,0.9,0.0,0.0,0.1,0.0,0.0,0.9,0.0,0.0,0.1,0.0,0.0,3.0
cylinder-bands,xgb,GWO,cluster_1,0.8,0.0,0.0,0.1,0.0,0.0,0.8,0.0,0.0,0.1,0.0,0.0,2.0
cylinder-bands,xgb,GWO,cluster_2,0.8,0.1,0.1,0.0,0.0,0.1,0.8,0.1,0.1,0.0,0.0,0.1,9.0
cylinder-bands,xgb,GWO,cluster_3,0.8,0.0,0.0,0.0,0.0,0.0,0.8,0.0,0.0,0.0,0.0,0.0,4.0
cylinder-bands,xgb,GWO,cluster_4,0.9,0.1,0.1,0.0,0.0,0.1,0.9,0.1,0.1,0.0,0.0,0.1,10.0
cylinder-bands,xgb,PSO,cluster_0,0.7,0.0,0.0,0.0,0.0,0.0,0.7,0.0,0.0,0.0,0.0,0.0,3.0
cylinder-bands,xgb,PSO,cluster_1,0.7,0.0,0.0,0.0,0.0,0.0,0.6,0.0,0.0,0.0,0.0,0.0,2.0
cylinder-bands,xgb,PSO,cluster_2,0.9,0.0,0.0,0.1,0.0,0.0,0.9,0.0,0.0,0.1,0.0,0.0,9.0
cylinder-bands,xgb,PSO,cluster_3,0.9,0.0,0.0,0.1,0.0,0.0,0.9,0.0,0.0,0.1,0.0,0.0,4.0
cylinder-bands,xgb,PSO,cluster_4,0.8,0.1,0.1,0.0,0.1,0.0,0.8,0.0,0.0,0.0,0.0,0.0,10.0
cylinder-bands,xgb,WOA,cluster_0,0.8,0.0,0.0,0.0,0.0,0.0,0.8,0.0,0.0,0.0,0.0,0.0,3.0
cylinder-bands,xgb,WOA,cluster_1,0.9,0.1,0.1,0.0,0.0,0.0,0.9,0.0,0.0,0.0,0.0,0.0,2.0
cylinder-bands,xgb,WOA,cluster_2,0.7,0.0,0.0,0.0,0.0,0.0,0.7,0.0,0.0,0.0,0.0,0.0,9.0
cylinder-bands,xgb,WOA,cluster_3,0.7,0.0,0.0,0.0,0.0,0.0,0.6,0.0,0.0,0.0,0.0,0.0,4.0
cylinder-bands,xgb,WOA,cluster_4,0.6,0.0,0.0,0.2,0.0,0.0,0.6,0.0,0.0,0.2,0.0,0.0,10.0
diabetes,rf,AP,cluster_0,1.0,0.5,0.5,1.0,0.5,0.5,1.0,0.5,0.5,1.0,0.5,0.5,6.0
diabetes,rf,AP,cluster_1,1.0,1.0,1.0,1.0,1.0,1.0,1.0,1.0,1.0,1.0,1.0,1.0,1.0
diabetes,rf,AP,cluster_2,1.0,0.5,0.5,1.0,0.0,0.0,1.0,0.5,0.5,1.0,0.0,0.0,2.0
diabetes,rf,AP,cluster_3,1.0,1.0,1.0,1.0,1.0,1.0,1.0,1.0,1.0,1.0,1.0,1.0,13.0
diabetes,rf,AP,cluster_4,0.0,0.5,0.5,0.0,0.5,0.0,0.0,0.5,0.5,0.0,0.5,0.0,5.0
diabetes,rf,AP,cluster_5,1.0,1.0,1.0,1.0,1.0,1.0,1.0,1.0,1.0,1.0,1.0,1.0,3.0
diabetes,rf,AP,cluster_6,1.0,1.0,1.0,1.0,0.0,0.0,1.0,1.0,1.0,1.0,0.0,0.0,4.0
diabetes,rf,AP,cluster_7,0.5,1.0,0.5,0.5,0.0,0.0,0.5,1.0,0.5,0.5,0.0,0.0,14.0
diabetes,rf,AP,cluster_8,1.0,0.5,0.5,1.0,0.5,0.5,1.0,0.5,0.5,1.0,0.5,0.5,7.0
diabetes,rf,EvoCluster_PSO,cluster_0,1.0,1.0,1.0,0.0,0.0,1.0,1.0,1.0,1.0,0.0,0.0,1.0,6.0
diabetes,rf,EvoCluster_PSO,cluster_1,1.0,0.5,0.5,1.0,0.5,0.5,1.0,0.5,0.5,1.0,0.5,0.5,1.0
diabetes,rf,EvoCluster_PSO,cluster_2,1.0,0.5,0.5,1.0,0.0,0.0,1.0,0.5,0.5,1.0,0.0,0.0,2.0
diabetes,rf,EvoCluster_PSO,cluster_3,1.0,0.5,0.5,1.0,0.0,0.0,1.0,0.5,0.5,1.0,0.0,0.0,13.0
diabetes,rf,EvoCluster_PSO,cluster_4,1.0,1.0,1.0,1.0,1.0,1.0,1.0,1.0,1.0,1.0,1.0,1.0,5.0
diabetes,rf,EvoCluster_PSO,cluster_5,1.0,1.0,1.0,1.0,1.0,1.0,1.0,1.0,1.0,1.0,1.0,1.0,3.0
diabetes,rf,EvoCluster_PSO,cluster_6,0.5,1.0,0.5,0.5,0.0,0.0,0.5,1.0,0.5,0.5,0.0,0.0,4.0
diabetes,rf,EvoCluster_PSO,cluster_7,0.5,0.5,0.5,0.5,0.5,0.5,0.5,0.5,0.5,0.5,0.5,0.5,14.0
diabetes,rf,EvoCluster_PSO,cluster_8,1.0,0.5,0.5,1.0,0.5,0.5,1.0,0.5,0.5,1.0,0.5,0.5,7.0
diabetes,rf,GWO,cluster_0,1.0,0.5,0.5,0.0,0.5,0.0,1.0,0.5,0.5,0.0,0.5,0.0,6.0
diabetes,rf,GWO,cluster_1,1.0,1.0,1.0,1.0,1.0,1.0,1.0,1.0,1.0,1.0,1.0,1.0,1.0
diabetes,rf,GWO,cluster_2,1.0,0.5,0.5,1.0,0.5,0.5,1.0,0.5,0.5,1.0,0.5,0.5,2.0
diabetes,rf,GWO,cluster_3,0.0,0.5,0.5,0.0,0.5,0.5,0.0,0.5,0.5,0.0,0.5,0.5,13.0
diabetes,rf,GWO,cluster_4,1.0,0.0,0.0,1.0,0.0,0.0,1.0,0.0,0.0,1.0,0.0,0.0,5.0
diabetes,rf,GWO,cluster_5,1.0,0.5,0.5,1.0,0.5,0.5,1.0,0.5,0.5,1.0,0.5,0.5,3.0
diabetes,rf,GWO,cluster_6,1.0,1.0,1.0,1.0,1.0,1.0,1.0,1.0,1.0,1.0,1.0,1.0,4.0
diabetes,rf,GWO,cluster_7,1.0,1.0,1.0,1.0,1.0,1.0,1.0,1.0,1.0,1.0,1.0,1.0,14.0
diabetes,rf,GWO,cluster_8,0.0,0.5,0.5,0.0,0.0,0.5,0.0,0.5,0.5,0.0,0.0,0.5,7.0
diabetes,rf,PSO,cluster_0,1.0,0.0,0.0,1.0,0.0,0.0,1.0,0.0,0.0,1.0,0.0,0.0,6.0
diabetes,rf,PSO,cluster_1,0.5,0.5,0.5,0.5,0.0,0.5,0.5,0.5,0.5,0.5,0.0,0.5,1.0
diabetes,rf,PSO,cluster_2,1.0,1.0,1.0,1.0,1.0,1.0,1.0,1.0,1.0,1.0,1.0,1.0,2.0
diabetes,rf,PSO,cluster_3,1.0,1.0,1.0,1.0,1.0,1.0,1.0,1.0,1.0,1.0,1.0,1.0,13.0
diabetes,rf,PSO,cluster_4,1.0,1.0,1.0,1.0,0.0,0.0,1.0,1.0,1.0,1.0,0.0,0.0,5.0
diabetes,rf,PSO,cluster_5,1.0,0.5,0.5,1.0,0.5,0.5,1.0,0.5,0.5,1.0,0.5,0.5,3.0
diabetes,rf,PSO,cluster_6,1.0,1.0,1.0,1.0,1.0,1.0,1.0,1.0,1.0,1.0,1.0,1.0,4.0
diabetes,rf,PSO,cluster_7,1.0,0.5,0.5,0.0,0.5,0.0,1.0,0.5,0.5,0.0,0.5,0.0,14.0
diabetes,rf,PSO,cluster_8,0.0,0.5,0.5,0.0,0.5,0.0,0.0,0.5,0.5,0.0,0.5,0.0,7.0
diabetes,rf,WOA,cluster_0,0.5,0.5,0.5,0.5,0.5,0.5,0.5,0.5,0.5,0.5,0.5,0.5,6.0
diabetes,rf,WOA,cluster_1,0.5,0.5,0.5,0.5,0.5,0.5,0.5,0.5,0.5,0.5,0.5,0.5,1.0
diabetes,rf,WOA,cluster_2,1.0,0.5,0.5,1.0,0.5,0.5,1.0,0.5,0.5,1.0,0.5,0.5,2.0
diabetes,rf,WOA,cluster_3,1.0,0.5,0.5,1.0,0.0,0.0,1.0,0.5,0.5,1.0,0.0,0.0,13.0
diabetes,rf,WOA,cluster_4,0.5,0.5,0.5,0.5,0.5,0.5,0.5,0.5,0.5,0.5,0.5,0.5,5.0
diabetes,rf,WOA,cluster_5,1.0,0.0,0.0,1.0,0.0,0.0,1.0,0.0,0.0,1.0,0.0,0.0,3.0
diabetes,rf,WOA,cluster_6,1.0,1.0,1.0,1.0,1.0,1.0,1.0,1.0,1.0,1.0,1.0,1.0,4.0
diabetes,rf,WOA,cluster_7,1.0,0.5,0.5,1.0,0.0,0.0,1.0,0.5,0.5,1.0,0.0,0.0,14.0
diabetes,rf,WOA,cluster_8,1.0,0.5,0.5,1.0,0.5,0.5,1.0,0.5,0.5,1.0,0.5,0.5,7.0
diabetes,svm,AP,cluster_0,1.0,1.0,1.0,1.0,1.0,1.0,1.0,1.0,1.0,1.0,1.0,1.0,6.0
diabetes,svm,AP,cluster_1,1.0,1.0,1.0,1.0,1.0,1.0,1.0,1.0,1.0,1.0,1.0,1.0,3.0
diabetes,svm,AP,cluster_2,1.0,1.0,1.0,1.0,1.0,1.0,1.0,1.0,1.0,1.0,1.0,1.0,2.0
diabetes,svm,AP,cluster_3,1.0,0.5,0.5,1.0,0.5,0.5,1.0,0.5,0.5,1.0,0.5,0.5,7.0
diabetes,svm,AP,cluster_4,1.0,1.0,1.0,1.0,1.0,1.0,1.0,1.0,1.0,1.0,1.0,1.0,3.0
diabetes,svm,AP,cluster_5,1.0,1.0,1.0,1.0,1.0,1.0,1.0,1.0,1.0,1.0,1.0,1.0,7.0
diabetes,svm,AP,cluster_6,1.0,0.5,0.5,1.0,0.5,0.5,1.0,0.5,0.5,1.0,0.5,0.5,15.0
diabetes,svm,AP,cluster_7,1.0,1.0,1.0,1.0,1.0,1.0,1.0,1.0,1.0,1.0,1.0,1.0,6.0
diabetes,svm,AP,cluster_8,1.0,1.0,1.0,1.0,1.0,1.0,1.0,1.0,1.0,1.0,1.0,1.0,3.0
diabetes,svm,EvoCluster_PSO,cluster_0,1.0,0.5,0.5,1.0,0.5,0.5,1.0,0.5,0.5,1.0,0.5,0.5,6.0
diabetes,svm,EvoCluster_PSO,cluster_1,1.0,0.5,0.5,1.0,0.5,0.5,1.0,0.5,0.5,1.0,0.5,0.5,3.0
diabetes,svm,EvoCluster_PSO,cluster_2,1.0,0.5,0.5,1.0,0.5,0.5,1.0,0.5,0.5,1.0,0.5,0.5,2.0
diabetes,svm,EvoCluster_PSO,cluster_3,1.0,1.0,1.0,1.0,1.0,1.0,1.0,1.0,1.0,1.0,1.0,1.0,7.0
diabetes,svm,EvoCluster_PSO,cluster_4,1.0,0.5,0.5,1.0,0.5,0.5,1.0,0.5,0.5,1.0,0.5,0.5,3.0
diabetes,svm,EvoCluster_PSO,cluster_5,1.0,1.0,1.0,0.0,0.0,1.0,1.0,1.0,1.0,0.0,0.0,1.0,7.0
diabetes,svm,EvoCluster_PSO,cluster_6,1.0,1.0,1.0,0.0,0.0,1.0,1.0,1.0,1.0,0.0,0.0,1.0,15.0
diabetes,svm,EvoCluster_PSO,cluster_7,1.0,1.0,1.0,1.0,1.0,1.0,1.0,1.0,1.0,1.0,1.0,1.0,6.0
diabetes,svm,EvoCluster_PSO,cluster_8,1.0,1.0,1.0,1.0,1.0,1.0,1.0,1.0,1.0,1.0,1.0,1.0,3.0
diabetes,svm,GWO,cluster_0,1.0,0.5,0.5,1.0,0.5,0.5,1.0,0.5,0.5,1.0,0.5,0.5,6.0
diabetes,svm,GWO,cluster_1,1.0,0.5,0.5,1.0,0.5,0.5,1.0,0.5,0.5,1.0,0.5,0.5,3.0
diabetes,svm,GWO,cluster_2,1.0,1.0,1.0,0.0,0.0,1.0,1.0,1.0,1.0,0.0,0.0,1.0,2.0
diabetes,svm,GWO,cluster_3,1.0,1.0,1.0,1.0,1.0,1.0,1.0,1.0,1.0,1.0,1.0,1.0,7.0
diabetes,svm,GWO,cluster_4,1.0,1.0,1.0,1.0,1.0,1.0,1.0,1.0,1.0,1.0,1.0,1.0,3.0
diabetes,svm,GWO,cluster_5,1.0,0.5,0.5,1.0,0.0,0.0,1.0,0.5,0.5,1.0,0.0,0.0,7.0
diabetes,svm,GWO,cluster_6,1.0,0.5,0.5,1.0,0.5,0.5,1.0,0.5,0.5,1.0,0.5,0.5,15.0
diabetes,svm,GWO,cluster_7,1.0,0.5,0.5,1.0,0.5,0.5,1.0,0.5,0.5,1.0,0.5,0.5,6.0
diabetes,svm,GWO,cluster_8,1.0,1.0,1.0,1.0,1.0,1.0,1.0,1.0,1.0,1.0,1.0,1.0,3.0
diabetes,svm,PSO,cluster_0,1.0,1.0,1.0,1.0,1.0,1.0,1.0,1.0,1.0,1.0,1.0,1.0,6.0
diabetes,svm,PSO,cluster_1,1.0,1.0,1.0,1.0,1.0,1.0,1.0,1.0,1.0,1.0,1.0,1.0,3.0
diabetes,svm,PSO,cluster_2,1.0,1.0,1.0,1.0,1.0,1.0,1.0,1.0,1.0,1.0,1.0,1.0,2.0
diabetes,svm,PSO,cluster_3,1.0,1.0,1.0,1.0,1.0,1.0,1.0,1.0,1.0,1.0,1.0,1.0,7.0
diabetes,svm,PSO,cluster_4,1.0,1.0,1.0,1.0,1.0,1.0,1.0,1.0,1.0,1.0,1.0,1.0,3.0
diabetes,svm,PSO,cluster_5,1.0,1.0,1.0,1.0,1.0,1.0,1.0,1.0,1.0,1.0,1.0,1.0,7.0
diabetes,svm,PSO,cluster_6,1.0,0.5,0.5,1.0,0.5,0.5,1.0,0.5,0.5,1.0,0.5,0.5,15.0
diabetes,svm,PSO,cluster_7,1.0,0.5,0.5,1.0,0.5,0.5,1.0,0.5,0.5,1.0,0.5,0.5,6.0
diabetes,svm,PSO,cluster_8,1.0,0.5,0.5,1.0,0.5,0.5,1.0,0.5,0.5,1.0,0.5,0.5,3.0
diabetes,svm,WOA,cluster_0,1.0,1.0,1.0,1.0,1.0,1.0,1.0,1.0,1.0,1.0,1.0,1.0,6.0
diabetes,svm,WOA,cluster_1,1.0,0.5,0.5,1.0,0.0,0.0,1.0,0.5,0.5,1.0,0.0,0.0,3.0
diabetes,svm,WOA,cluster_2,1.0,1.0,1.0,1.0,1.0,1.0,1.0,1.0,1.0,1.0,1.0,1.0,2.0
diabetes,svm,WOA,cluster_3,1.0,0.5,0.5,1.0,0.5,0.5,1.0,0.5,0.5,1.0,0.5,0.5,7.0
diabetes,svm,WOA,cluster_4,1.0,1.0,1.0,1.0,1.0,1.0,1.0,1.0,1.0,1.0,1.0,1.0,3.0
diabetes,svm,WOA,cluster_5,1.0,0.5,0.5,1.0,0.0,0.0,1.0,0.5,0.5,1.0,0.0,0.0,7.0
diabetes,svm,WOA,cluster_6,1.0,1.0,1.0,1.0,1.0,1.0,1.0,1.0,1.0,1.0,1.0,1.0,15.0
diabetes,svm,WOA,cluster_7,1.0,0.5,0.5,1.0,0.0,0.0,1.0,0.5,0.5,1.0,0.0,0.0,6.0
diabetes,svm,WOA,cluster_8,1.0,1.0,1.0,1.0,1.0,1.0,1.0,1.0,1.0,1.0,1.0,1.0,3.0
diabetes,xgb,AP,cluster_0,1.0,1.0,1.0,1.0,1.0,1.0,1.0,1.0,1.0,1.0,1.0,1.0,1.0
diabetes,xgb,AP,cluster_1,1.0,1.0,1.0,0.0,0.0,1.0,1.0,1.0,1.0,0.0,0.0,1.0,2.0
diabetes,xgb,AP,cluster_2,0.5,1.0,0.5,0.5,1.0,0.5,0.5,0.5,0.5,0.5,0.5,0.5,2.0
diabetes,xgb,AP,cluster_3,0.5,0.5,1.0,0.5,0.0,0.0,0.5,0.5,1.0,0.5,0.0,0.0,11.0
diabetes,xgb,AP,cluster_4,0.5,0.5,0.5,0.5,0.0,0.5,0.5,0.5,0.5,0.5,0.0,0.5,10.0
diabetes,xgb,AP,cluster_5,1.0,0.5,0.5,1.0,0.0,0.0,1.0,0.5,0.5,1.0,0.0,0.0,5.0
diabetes,xgb,AP,cluster_6,0.0,0.0,0.5,0.0,0.0,0.5,0.0,0.0,0.5,0.0,0.0,0.5,5.0
diabetes,xgb,AP,cluster_7,0.5,0.5,0.5,0.0,0.5,0.5,0.5,0.5,0.5,0.0,0.5,0.5,8.0
diabetes,xgb,AP,cluster_8,1.0,1.0,1.0,1.0,0.0,0.0,1.0,1.0,1.0,1.0,0.0,0.0,4.0
diabetes,xgb,AP,cluster_9,0.5,0.5,0.5,0.5,0.5,0.5,0.5,0.5,0.5,0.5,0.5,0.5,13.0
diabetes,xgb,EvoCluster_PSO,cluster_0,0.0,0.0,0.5,0.0,0.0,0.5,0.0,0.0,0.5,0.0,0.0,0.5,1.0
diabetes,xgb,EvoCluster_PSO,cluster_1,1.0,0.5,0.5,1.0,0.0,0.0,1.0,0.5,0.5,1.0,0.0,0.0,2.0
diabetes,xgb,EvoCluster_PSO,cluster_2,1.0,1.0,1.0,0.0,0.0,1.0,1.0,1.0,1.0,0.0,0.0,1.0,2.0
diabetes,xgb,EvoCluster_PSO,cluster_3,0.5,1.0,0.5,0.5,1.0,0.5,0.5,0.5,0.5,0.5,0.5,0.5,11.0
diabetes,xgb,EvoCluster_PSO,cluster_4,0.5,1.0,0.5,0.5,0.0,0.0,0.5,1.0,0.5,0.5,0.0,0.0,10.0
diabetes,xgb,EvoCluster_PSO,cluster_5,0.5,0.5,0.5,0.5,0.0,0.5,0.5,0.5,0.5,0.5,0.0,0.5,5.0
diabetes,xgb,EvoCluster_PSO,cluster_6,0.5,0.5,0.0,0.0,0.5,0.0,0.5,0.5,0.0,0.0,0.5,0.0,5.0
diabetes,xgb,EvoCluster_PSO,cluster_7,1.0,1.0,1.0,1.0,1.0,1.0,1.0,1.0,1.0,1.0,1.0,1.0,8.0
diabetes,xgb,EvoCluster_PSO,cluster_8,0.0,0.0,0.5,0.0,0.0,0.0,0.0,0.0,0.5,0.0,0.0,0.0,4.0
diabetes,xgb,EvoCluster_PSO,cluster_9,1.0,0.5,0.5,1.0,0.0,0.0,1.0,0.5,0.5,1.0,0.0,0.0,13.0
diabetes,xgb,GWO,cluster_0,1.0,1.0,1.0,1.0,1.0,1.0,1.0,1.0,1.0,1.0,1.0,1.0,1.0
diabetes,xgb,GWO,cluster_1,1.0,0.5,0.5,1.0,0.0,0.0,1.0,0.5,0.5,1.0,0.0,0.0,2.0
diabetes,xgb,GWO,cluster_2,0.5,0.0,0.5,0.0,0.0,0.0,0.5,0.0,0.5,0.0,0.0,0.0,2.0
diabetes,xgb,GWO,cluster_3,1.0,0.5,0.5,1.0,0.0,0.0,1.0,0.5,0.5,1.0,0.0,0.0,11.0
diabetes,xgb,GWO,cluster_4,0.5,0.5,0.0,0.0,0.0,0.0,0.5,0.0,0.0,0.0,0.0,0.0,10.0
diabetes,xgb,GWO,cluster_5,1.0,0.5,0.5,1.0,0.0,0.0,1.0,0.5,0.5,1.0,0.0,0.0,5.0
diabetes,xgb,GWO,cluster_6,1.0,0.0,0.0,1.0,0.0,0.0,1.0,0.0,0.0,1.0,0.0,0.0,5.0
diabetes,xgb,GWO,cluster_7,1.0,0.5,0.5,1.0,0.5,0.5,1.0,0.5,0.5,1.0,0.5,0.5,8.0
diabetes,xgb,GWO,cluster_8,1.0,0.5,0.5,1.0,0.5,0.5,1.0,0.5,0.5,1.0,0.5,0.5,4.0
diabetes,xgb,GWO,cluster_9,0.5,0.0,0.5,0.0,0.0,0.5,0.5,0.0,0.0,0.0,0.0,0.0,13.0
diabetes,xgb,PSO,cluster_0,1.0,1.0,1.0,0.0,0.0,1.0,1.0,1.0,1.0,0.0,0.0,1.0,1.0
diabetes,xgb,PSO,cluster_1,1.0,1.0,1.0,1.0,1.0,1.0,1.0,1.0,1.0,1.0,1.0,1.0,2.0
diabetes,xgb,PSO,cluster_2,0.5,0.5,0.5,0.5,0.0,0.5,0.5,0.5,0.5,0.5,0.0,0.5,2.0
diabetes,xgb,PSO,cluster_3,1.0,0.0,0.0,1.0,0.0,0.0,1.0,0.0,0.0,1.0,0.0,0.0,11.0
diabetes,xgb,PSO,cluster_4,1.0,0.5,0.5,1.0,0.5,0.5,1.0,0.5,0.5,1.0,0.5,0.5,10.0
diabetes,xgb,PSO,cluster_5,0.0,0.0,0.5,0.0,0.0,0.0,0.0,0.0,0.5,0.0,0.0,0.0,5.0
diabetes,xgb,PSO,cluster_6,0.5,0.5,0.0,0.0,0.0,0.0,0.5,0.0,0.0,0.0,0.0,0.0,5.0
diabetes,xgb,PSO,cluster_7,1.0,1.0,1.0,1.0,1.0,1.0,1.0,1.0,1.0,1.0,1.0,1.0,8.0
diabetes,xgb,PSO,cluster_8,0.5,0.0,0.5,0.0,0.0,0.5,0.5,0.0,0.5,0.0,0.0,0.5,4.0
diabetes,xgb,PSO,cluster_9,0.5,0.5,0.5,0.0,0.5,0.5,0.5,0.5,0.5,0.0,0.5,0.5,13.0
diabetes,xgb,WOA,cluster_0,0.5,0.0,0.0,0.5,0.0,0.0,0.5,0.0,0.0,0.5,0.0,0.0,1.0
diabetes,xgb,WOA,cluster_1,1.0,1.0,1.0,1.0,1.0,1.0,1.0,1.0,1.0,1.0,1.0,1.0,2.0
diabetes,xgb,WOA,cluster_2,1.0,0.5,0.5,1.0,0.5,0.5,1.0,0.5,0.5,1.0,0.5,0.5,2.0
diabetes,xgb,WOA,cluster_3,1.0,0.5,0.5,1.0,0.5,0.5,1.0,0.5,0.5,1.0,0.5,0.5,11.0
diabetes,xgb,WOA,cluster_4,0.5,0.0,0.5,0.0,0.0,0.5,0.5,0.0,0.0,0.0,0.0,0.0,10.0
diabetes,xgb,WOA,cluster_5,0.5,0.5,0.5,0.5,0.0,0.0,0.5,0.5,0.5,0.5,0.0,0.0,5.0
diabetes,xgb,WOA,cluster_6,1.0,1.0,1.0,1.0,1.0,1.0,1.0,1.0,1.0,1.0,1.0,1.0,5.0
diabetes,xgb,WOA,cluster_7,0.5,0.0,0.0,0.5,0.0,0.0,0.5,0.0,0.0,0.5,0.0,0.0,8.0
diabetes,xgb,WOA,cluster_8,1.0,0.5,0.5,1.0,0.5,0.5,1.0,0.5,0.5,1.0,0.5,0.5,4.0
diabetes,xgb,WOA,cluster_9,1.0,0.0,0.0,1.0,0.0,0.0,1.0,0.0,0.0,1.0,0.0,0.0,13.0
german-credit,rf,AP,cluster_0,0.8,0.5,0.5,0.2,0.1,0.2,0.8,0.5,0.5,0.2,0.1,0.2,1.0
german-credit,rf,AP,cluster_1,0.6,0.4,0.6,0.4,0.0,0.1,0.6,0.4,0.6,0.4,0.0,0.1,1.0
german-credit,rf,AP,cluster_2,0.8,0.5,0.4,0.0,0.2,0.0,0.8,0.5,0.4,0.0,0.2,0.0,7.0
german-credit,rf,AP,cluster_3,0.7,0.6,0.4,0.2,0.2,0.0,0.7,0.6,0.4,0.2,0.2,0.0,1.0
german-credit,rf,AP,cluster_4,0.8,0.3,0.5,0.5,0.1,0.1,0.8,0.3,0.5,0.5,0.1,0.1,2.0
german-credit,rf,AP,cluster_5,0.6,0.4,0.4,0.1,0.3,0.1,0.6,0.3,0.4,0.1,0.3,0.1,11.0
german-credit,rf,AP,cluster_6,0.5,0.3,0.3,0.1,0.1,0.2,0.5,0.3,0.3,0.1,0.1,0.2,1.0
german-credit,rf,AP,cluster_7,0.8,0.6,0.6,0.3,0.0,0.1,0.8,0.6,0.6,0.3,0.0,0.1,1.0
german-credit,rf,AP,cluster_8,0.8,0.4,0.4,0.2,0.0,0.0,0.8,0.4,0.4,0.2,0.0,0.0,5.0
german-credit,rf,AP,cluster_9,0.8,0.4,0.3,0.1,0.1,0.0,0.7,0.3,0.3,0.1,0.1,0.0,4.0
german-credit,rf,AP,cluster_10,0.8,0.4,0.5,0.3,0.1,0.0,0.8,0.4,0.5,0.3,0.1,0.0,12.0
german-credit,rf,AP,cluster_11,0.7,0.3,0.4,0.3,0.0,0.0,0.7,0.3,0.4,0.3,0.0,0.0,1.0
german-credit,rf,AP,cluster_12,0.7,0.3,0.4,0.4,0.0,0.0,0.7,0.2,0.3,0.4,0.0,0.0,1.0
german-credit,rf,AP,cluster_13,0.7,0.4,0.5,0.1,0.1,0.2,0.7,0.4,0.5,0.1,0.1,0.2,13.0
german-credit,rf,EvoCluster_PSO,cluster_0,0.7,0.4,0.4,0.4,0.0,0.0,0.7,0.4,0.4,0.4,0.0,0.0,1.0
german-credit,rf,EvoCluster_PSO,cluster_1,0.7,0.5,0.4,0.2,0.0,0.1,0.7,0.5,0.4,0.2,0.0,0.1,1.0
german-credit,rf,EvoCluster_PSO,cluster_2,0.8,0.5,0.4,0.0,0.2,0.0,0.8,0.5,0.4,0.0,0.2,0.0,7.0
german-credit,rf,EvoCluster_PSO,cluster_3,0.8,0.5,0.5,0.1,0.0,0.0,0.8,0.5,0.5,0.1,0.0,0.0,1.0
german-credit,rf,EvoCluster_PSO,cluster_4,0.7,0.5,0.6,0.2,0.1,0.2,0.7,0.5,0.6,0.2,0.1,0.2,2.0
german-credit,rf,EvoCluster_PSO,cluster_5,0.8,0.3,0.5,0.5,0.1,0.1,0.8,0.3,0.5,0.5,0.1,0.1,11.0
german-credit,rf,EvoCluster_PSO,cluster_6,0.8,0.5,0.5,0.1,0.0,0.0,0.8,0.5,0.5,0.1,0.0,0.0,1.0
german-credit,rf,EvoCluster_PSO,cluster_7,0.9,0.4,0.4,0.7,0.1,0.1,0.9,0.3,0.3,0.7,0.1,0.1,1.0
german-credit,rf,EvoCluster_PSO,cluster_8,0.8,0.6,0.6,0.3,0.0,0.1,0.8,0.6,0.6,0.3,0.0,0.1,5.0
german-credit,rf,EvoCluster_PSO,cluster_9,0.7,0.4,0.4,0.4,0.0,0.0,0.7,0.4,0.4,0.4,0.0,0.0,4.0
german-credit,rf,EvoCluster_PSO,cluster_10,0.7,0.4,0.4,0.4,0.0,0.0,0.7,0.4,0.4,0.4,0.0,0.0,12.0
german-credit,rf,EvoCluster_PSO,cluster_11,0.6,0.4,0.3,0.3,0.1,0.1,0.6,0.4,0.3,0.3,0.1,0.1,1.0
german-credit,rf,EvoCluster_PSO,cluster_12,0.8,0.4,0.4,0.2,0.0,0.0,0.8,0.4,0.4,0.2,0.0,0.0,1.0
german-credit,rf,EvoCluster_PSO,cluster_13,0.8,0.4,0.4,0.2,0.0,0.0,0.8,0.4,0.4,0.2,0.0,0.0,13.0
german-credit,rf,GWO,cluster_0,0.7,0.4,0.5,0.1,0.1,0.2,0.7,0.4,0.5,0.1,0.1,0.2,1.0
german-credit,rf,GWO,cluster_1,0.9,0.4,0.4,0.2,0.0,0.0,0.9,0.4,0.4,0.2,0.0,0.0,1.0
german-credit,rf,GWO,cluster_2,0.8,0.4,0.3,0.1,0.1,0.0,0.7,0.3,0.3,0.1,0.1,0.0,7.0
german-credit,rf,GWO,cluster_3,0.7,0.4,0.5,0.1,0.1,0.1,0.7,0.4,0.5,0.1,0.1,0.1,1.0
german-credit,rf,GWO,cluster_4,0.7,0.3,0.4,0.3,0.0,0.0,0.7,0.3,0.4,0.3,0.0,0.0,2.0
german-credit,rf,GWO,cluster_5,0.7,0.4,0.5,0.1,0.1,0.1,0.7,0.4,0.5,0.1,0.1,0.1,11.0
german-credit,rf,GWO,cluster_6,0.8,0.3,0.4,0.1,0.0,0.0,0.8,0.3,0.4,0.1,0.0,0.0,1.0
german-credit,rf,GWO,cluster_7,0.5,0.3,0.3,0.1,0.1,0.2,0.5,0.3,0.3,0.1,0.1,0.2,1.0
german-credit,rf,GWO,cluster_8,0.8,0.4,0.3,0.1,0.1,0.0,0.7,0.3,0.3,0.1,0.1,0.0,5.0
german-credit,rf,GWO,cluster_9,0.8,0.6,0.6,0.4,0.2,0.2,0.8,0.6,0.6,0.4,0.2,0.2,4.0
german-credit,rf,GWO,cluster_10,0.8,0.4,0.5,0.3,0.1,0.0,0.8,0.4,0.5,0.3,0.1,0.0,12.0
german-credit,rf,GWO,cluster_11,0.9,0.4,0.4,0.2,0.2,0.3,0.9,0.4,0.4,0.2,0.2,0.3,1.0
german-credit,rf,GWO,cluster_12,0.8,0.5,0.4,0.3,0.1,0.0,0.8,0.4,0.4,0.3,0.1,0.0,1.0
german-credit,rf,GWO,cluster_13,0.8,0.5,0.5,0.1,0.0,0.0,0.8,0.5,0.5,0.1,0.0,0.0,13.0
german-credit,rf,PSO,cluster_0,0.8,0.5,0.6,0.4,0.0,0.2,0.8,0.5,0.6,0.4,0.0,0.2,1.0
german-credit,rf,PSO,cluster_1,0.8,0.5,0.4,0.3,0.1,0.0,0.8,0.4,0.4,0.3,0.1,0.0,1.0
german-credit,rf,PSO,cluster_2,0.7,0.3,0.4,0.4,0.0,0.0,0.7,0.2,0.3,0.4,0.0,0.0,7.0
german-credit,rf,PSO,cluster_3,0.8,0.5,0.6,0.4,0.0,0.2,0.8,0.5,0.6,0.4,0.0,0.2,1.0
german-credit,rf,PSO,cluster_4,0.8,0.4,0.4,0.2,0.0,0.0,0.8,0.4,0.4,0.2,0.0,0.0,2.0
german-credit,rf,PSO,cluster_5,0.6,0.4,0.3,0.3,0.1,0.1,0.6,0.4,0.3,0.3,0.1,0.1,11.0
german-credit,rf,PSO,cluster_6,0.9,0.5,0.5,0.0,0.1,0.3,0.9,0.5,0.5,0.0,0.1,0.3,1.0
german-credit,rf,PSO,cluster_7,0.8,0.5,0.5,0.5,0.0,0.0,0.8,0.5,0.5,0.5,0.0,0.0,1.0
german-credit,rf,PSO,cluster_8,0.8,0.6,0.6,0.3,0.0,0.1,0.8,0.6,0.6,0.3,0.0,0.1,5.0
german-credit,rf,PSO,cluster_9,0.6,0.4,0.4,0.1,0.3,0.1,0.6,0.3,0.4,0.1,0.3,0.1,4.0
german-credit,rf,PSO,cluster_10,0.8,0.5,0.6,0.4,0.0,0.2,0.8,0.5,0.6,0.4,0.0,0.2,12.0
german-credit,rf,PSO,cluster_11,0.8,0.6,0.6,0.4,0.2,0.2,0.8,0.6,0.6,0.4,0.2,0.2,1.0
german-credit,rf,PSO,cluster_12,0.8,0.5,0.4,0.2,0.0,0.0,0.8,0.5,0.4,0.2,0.0,0.0,1.0
german-credit,rf,PSO,cluster_13,0.7,0.5,0.5,0.1,0.0,0.0,0.7,0.5,0.5,0.1,0.0,0.0,13.0
german-credit,rf,WOA,cluster_0,0.8,0.5,0.5,0.2,0.1,0.2,0.8,0.5,0.5,0.2,0.1,0.2,1.0
german-credit,rf,WOA,cluster_1,0.5,0.3,0.3,0.1,0.1,0.2,0.5,0.3,0.3,0.1,0.1,0.2,1.0
german-credit,rf,WOA,cluster_2,0.8,0.4,0.4,0.2,0.0,0.0,0.8,0.4,0.4,0.2,0.0,0.0,7.0
german-credit,rf,WOA,cluster_3,0.8,0.5,0.5,0.2,0.2,0.0,0.8,0.4,0.4,0.2,0.1,0.0,1.0
german-credit,rf,WOA,cluster_4,0.8,0.4,0.4,0.2,0.0,0.0,0.8,0.4,0.4,0.2,0.0,0.0,2.0
german-credit,rf,WOA,cluster_5,0.6,0.5,0.5,0.2,0.0,0.0,0.6,0.5,0.5,0.2,0.0,0.0,11.0
german-credit,rf,WOA,cluster_6,0.8,0.3,0.4,0.2,0.0,0.0,0.8,0.2,0.3,0.2,0.0,0.0,1.0
german-credit,rf,WOA,cluster_7,0.7,0.4,0.4,0.2,0.1,0.0,0.7,0.4,0.4,0.2,0.1,0.0,1.0
german-credit,rf,WOA,cluster_8,0.6,0.2,0.3,0.1,0.1,0.0,0.6,0.2,0.3,0.1,0.1,0.0,5.0
german-credit,rf,WOA,cluster_9,0.8,0.4,0.4,0.2,0.0,0.0,0.8,0.4,0.4,0.2,0.0,0.0,4.0
german-credit,rf,WOA,cluster_10,0.8,0.5,0.5,0.2,0.2,0.0,0.8,0.4,0.4,0.2,0.1,0.0,12.0
german-credit,rf,WOA,cluster_11,0.5,0.3,0.3,0.1,0.1,0.2,0.5,0.3,0.3,0.1,0.1,0.2,1.0
german-credit,rf,WOA,cluster_12,0.8,0.3,0.4,0.0,0.1,0.0,0.8,0.3,0.4,0.0,0.1,0.0,1.0
german-credit,rf,WOA,cluster_13,0.5,0.3,0.3,0.1,0.1,0.2,0.5,0.3,0.3,0.1,0.1,0.2,13.0
german-credit,svm,AP,cluster_0,1.0,0.2,0.2,0.6,0.0,0.0,1.0,0.2,0.2,0.6,0.0,0.0,1.0
german-credit,svm,AP,cluster_1,0.9,0.2,0.3,0.3,0.0,0.0,0.9,0.2,0.3,0.3,0.0,0.0,1.0
german-credit,svm,AP,cluster_2,1.0,0.3,0.3,0.8,0.0,0.0,1.0,0.3,0.3,0.8,0.0,0.0,1.0
german-credit,svm,AP,cluster_3,1.0,0.4,0.4,0.8,0.0,0.0,1.0,0.4,0.4,0.8,0.0,0.0,11.0
german-credit,svm,AP,cluster_4,0.9,0.4,0.5,0.5,0.1,0.1,0.9,0.4,0.5,0.5,0.1,0.1,2.0
german-credit,svm,AP,cluster_5,1.0,0.4,0.4,0.5,0.0,0.0,1.0,0.4,0.4,0.5,0.0,0.0,5.0
german-credit,svm,AP,cluster_6,0.9,0.3,0.4,0.6,0.0,0.0,0.9,0.3,0.4,0.6,0.0,0.0,14.0
german-credit,svm,AP,cluster_7,1.0,0.4,0.4,0.3,0.1,0.0,1.0,0.4,0.4,0.3,0.1,0.0,1.0
german-credit,svm,AP,cluster_8,0.9,0.2,0.3,0.6,0.1,0.1,0.9,0.2,0.3,0.6,0.1,0.1,1.0
german-credit,svm,AP,cluster_9,0.9,0.2,0.3,0.4,0.0,0.0,0.9,0.2,0.3,0.4,0.0,0.0,8.0
german-credit,svm,AP,cluster_10,1.0,0.4,0.4,0.5,0.1,0.1,1.0,0.4,0.4,0.5,0.1,0.1,5.0
german-credit,svm,AP,cluster_11,0.9,0.3,0.4,0.4,0.0,0.0,0.9,0.3,0.4,0.4,0.0,0.0,9.0
german-credit,svm,AP,cluster_12,0.9,0.5,0.5,0.2,0.1,0.0,0.9,0.5,0.5,0.2,0.1,0.0,1.0
german-credit,svm,AP,cluster_13,1.0,0.4,0.4,0.6,0.0,0.0,1.0,0.4,0.4,0.6,0.0,0.0,16.0
german-credit,svm,EvoCluster_PSO,cluster_0,1.0,0.3,0.3,0.7,0.1,0.0,1.0,0.3,0.3,0.7,0.1,0.0,1.0
german-credit,svm,EvoCluster_PSO,cluster_1,1.0,0.4,0.4,1.0,0.0,0.0,1.0,0.4,0.4,1.0,0.0,0.0,1.0
german-credit,svm,EvoCluster_PSO,cluster_2,1.0,0.2,0.2,0.6,0.0,0.0,1.0,0.2,0.2,0.6,0.0,0.0,1.0
german-credit,svm,EvoCluster_PSO,cluster_3,1.0,0.3,0.3,0.5,0.0,0.0,1.0,0.3,0.3,0.5,0.0,0.0,11.0
german-credit,svm,EvoCluster_PSO,cluster_4,1.0,0.4,0.4,0.5,0.0,0.0,1.0,0.4,0.4,0.5,0.0,0.0,2.0
german-credit,svm,EvoCluster_PSO,cluster_5,1.0,0.4,0.4,0.4,0.1,0.1,1.0,0.4,0.4,0.4,0.1,0.1,5.0
german-credit,svm,EvoCluster_PSO,cluster_6,1.0,0.2,0.2,0.6,0.0,0.0,1.0,0.2,0.2,0.6,0.0,0.0,14.0
german-credit,svm,EvoCluster_PSO,cluster_7,0.9,0.3,0.4,0.4,0.0,0.0,0.9,0.3,0.4,0.4,0.0,0.0,1.0
german-credit,svm,EvoCluster_PSO,cluster_8,1.0,0.4,0.4,0.8,0.1,0.1,1.0,0.4,0.4,0.8,0.1,0.1,1.0
german-credit,svm,EvoCluster_PSO,cluster_9,1.0,0.3,0.3,0.6,0.0,0.0,1.0,0.3,0.3,0.6,0.0,0.0,8.0
german-credit,svm,EvoCluster_PSO,cluster_10,0.9,0.2,0.3,0.5,0.0,0.0,0.9,0.2,0.3,0.5,0.0,0.0,5.0
german-credit,svm,EvoCluster_PSO,cluster_11,0.9,0.3,0.3,0.3,0.0,0.1,0.9,0.3,0.3,0.3,0.0,0.1,9.0
german-credit,svm,EvoCluster_PSO,cluster_12,0.9,0.2,0.3,0.7,0.0,0.0,0.9,0.2,0.3,0.7,0.0,0.0,1.0
german-credit,svm,EvoCluster_PSO,cluster_13,0.9,0.3,0.3,0.1,0.1,0.0,0.9,0.3,0.3,0.1,0.1,0.0,16.0
german-credit,svm,GWO,cluster_0,1.0,0.3,0.3,0.3,0.0,0.0,1.0,0.3,0.3,0.3,0.0,0.0,1.0
german-credit,svm,GWO,cluster_1,1.0,0.3,0.3,0.2,0.1,0.0,1.0,0.3,0.3,0.2,0.1,0.0,1.0
german-credit,svm,GWO,cluster_2,1.0,0.4,0.4,0.6,0.1,0.1,1.0,0.4,0.4,0.6,0.1,0.1,1.0
german-credit,svm,GWO,cluster_3,1.0,0.2,0.2,0.4,0.0,0.0,1.0,0.2,0.2,0.4,0.0,0.0,11.0
german-credit,svm,GWO,cluster_4,1.0,0.4,0.4,0.3,0.1,0.0,1.0,0.4,0.4,0.3,0.1,0.0,2.0
german-credit,svm,GWO,cluster_5,1.0,0.2,0.2,0.8,0.2,0.2,1.0,0.2,0.2,0.8,0.2,0.2,5.0
german-credit,svm,GWO,cluster_6,1.0,0.3,0.3,0.8,0.0,0.0,1.0,0.3,0.3,0.8,0.0,0.0,14.0
german-credit,svm,GWO,cluster_7,1.0,0.4,0.4,0.4,0.1,0.1,1.0,0.4,0.4,0.4,0.1,0.1,1.0
german-credit,svm,GWO,cluster_8,1.0,0.4,0.4,0.7,0.1,0.1,1.0,0.4,0.4,0.7,0.1,0.1,1.0
german-credit,svm,GWO,cluster_9,0.9,0.2,0.3,0.6,0.1,0.1,0.9,0.2,0.3,0.6,0.1,0.1,8.0
german-credit,svm,GWO,cluster_10,1.0,0.3,0.3,0.8,0.0,0.0,1.0,0.3,0.3,0.8,0.0,0.0,5.0
german-credit,svm,GWO,cluster_11,0.9,0.3,0.3,0.5,0.0,0.0,0.9,0.3,0.3,0.5,0.0,0.0,9.0
german-credit,svm,GWO,cluster_12,0.8,0.2,0.2,0.5,0.0,0.0,0.8,0.2,0.2,0.5,0.0,0.0,1.0
german-credit,svm,GWO,cluster_13,1.0,0.3,0.3,0.5,0.0,0.0,1.0,0.3,0.3,0.5,0.0,0.0,16.0
german-credit,svm,PSO,cluster_0,1.0,0.5,0.5,0.6,0.1,0.1,1.0,0.5,0.5,0.6,0.1,0.1,1.0
german-credit,svm,PSO,cluster_1,0.9,0.3,0.4,0.4,0.0,0.0,0.9,0.3,0.4,0.4,0.0,0.0,1.0
german-credit,svm,PSO,cluster_2,1.0,0.3,0.3,0.8,0.0,0.0,1.0,0.3,0.3,0.8,0.0,0.0,1.0
german-credit,svm,PSO,cluster_3,0.9,0.3,0.3,0.5,0.0,0.1,0.9,0.3,0.3,0.5,0.0,0.1,11.0
german-credit,svm,PSO,cluster_4,1.0,0.3,0.3,0.2,0.1,0.0,1.0,0.3,0.3,0.2,0.1,0.0,2.0
german-credit,svm,PSO,cluster_5,1.0,0.3,0.3,0.4,0.0,0.0,1.0,0.3,0.3,0.4,0.0,0.0,5.0
german-credit,svm,PSO,cluster_6,1.0,0.3,0.3,0.5,0.0,0.0,1.0,0.3,0.3,0.5,0.0,0.0,14.0
german-credit,svm,PSO,cluster_7,1.0,0.3,0.3,0.5,0.0,0.0,1.0,0.3,0.3,0.5,0.0,0.0,1.0
german-credit,svm,PSO,cluster_8,1.0,0.4,0.4,0.4,0.1,0.2,1.0,0.4,0.4,0.4,0.1,0.2,1.0
german-credit,svm,PSO,cluster_9,0.9,0.4,0.4,0.2,0.1,0.1,0.9,0.4,0.4,0.2,0.1,0.1,8.0
german-credit,svm,PSO,cluster_10,0.9,0.2,0.3,0.7,0.0,0.0,0.9,0.2,0.3,0.7,0.0,0.0,5.0
german-credit,svm,PSO,cluster_11,1.0,0.2,0.2,0.4,0.0,0.0,1.0,0.2,0.2,0.4,0.0,0.0,9.0
german-credit,svm,PSO,cluster_12,1.0,0.3,0.3,0.8,0.0,0.0,1.0,0.3,0.3,0.8,0.0,0.0,1.0
german-credit,svm,PSO,cluster_13,0.9,0.3,0.4,0.4,0.0,0.0,0.9,0.3,0.4,0.4,0.0,0.0,16.0
german-credit,svm,WOA,cluster_0,0.9,0.1,0.2,0.5,0.0,0.0,0.9,0.1,0.2,0.5,0.0,0.0,1.0
german-credit,svm,WOA,cluster_1,1.0,0.4,0.4,0.8,0.1,0.1,1.0,0.4,0.4,0.8,0.1,0.1,1.0
german-credit,svm,WOA,cluster_2,0.9,0.3,0.3,0.5,0.0,0.0,0.9,0.3,0.3,0.5,0.0,0.0,1.0
german-credit,svm,WOA,cluster_3,0.9,0.5,0.5,0.2,0.1,0.0,0.9,0.5,0.5,0.2,0.1,0.0,11.0
german-credit,svm,WOA,cluster_4,1.0,0.3,0.3,0.5,0.0,0.2,1.0,0.3,0.3,0.5,0.0,0.2,2.0
german-credit,svm,WOA,cluster_5,1.0,0.3,0.3,0.6,0.0,0.0,1.0,0.3,0.3,0.6,0.0,0.0,5.0
german-credit,svm,WOA,cluster_6,1.0,0.5,0.5,0.6,0.1,0.1,1.0,0.5,0.5,0.6,0.1,0.1,14.0
german-credit,svm,WOA,cluster_7,0.9,0.3,0.4,0.4,0.0,0.0,0.9,0.3,0.4,0.4,0.0,0.0,1.0
german-credit,svm,WOA,cluster_8,1.0,0.4,0.4,1.0,0.0,0.0,1.0,0.4,0.4,1.0,0.0,0.0,1.0
german-credit,svm,WOA,cluster_9,1.0,0.3,0.3,0.5,0.0,0.0,1.0,0.3,0.3,0.5,0.0,0.0,8.0
german-credit,svm,WOA,cluster_10,0.9,0.3,0.3,0.7,0.0,0.0,0.9,0.3,0.3,0.7,0.0,0.0,5.0
german-credit,svm,WOA,cluster_11,1.0,0.4,0.4,0.4,0.1,0.2,1.0,0.4,0.4,0.4,0.1,0.2,9.0
german-credit,svm,WOA,cluster_12,0.9,0.4,0.5,0.5,0.1,0.1,0.9,0.4,0.5,0.5,0.1,0.1,1.0
german-credit,svm,WOA,cluster_13,1.0,0.4,0.4,0.6,0.1,0.1,1.0,0.4,0.4,0.6,0.1,0.1,16.0
german-credit,xgb,AP,cluster_0,0.7,0.3,0.5,0.1,0.0,0.0,0.7,0.3,0.5,0.1,0.0,0.0,2.0
german-credit,xgb,AP,cluster_1,0.8,0.5,0.6,0.1,0.0,0.1,0.8,0.4,0.6,0.1,0.0,0.1,3.0
german-credit,xgb,AP,cluster_2,0.8,0.4,0.4,0.1,0.1,0.0,0.8,0.4,0.4,0.1,0.1,0.0,1.0
german-credit,xgb,AP,cluster_3,0.8,0.5,0.5,0.0,0.0,0.3,0.7,0.4,0.5,0.0,0.0,0.3,10.0
german-credit,xgb,AP,cluster_4,0.7,0.4,0.4,0.1,0.0,0.0,0.7,0.4,0.4,0.1,0.0,0.0,1.0
german-credit,xgb,AP,cluster_5,0.9,0.5,0.5,0.1,0.0,0.0,0.8,0.4,0.5,0.1,0.0,0.0,5.0
german-credit,xgb,AP,cluster_6,0.7,0.4,0.3,0.2,0.0,0.0,0.7,0.4,0.3,0.2,0.0,0.0,10.0
german-credit,xgb,AP,cluster_7,0.8,0.4,0.4,0.0,0.0,0.0,0.8,0.4,0.4,0.0,0.0,0.0,8.0
german-credit,xgb,AP,cluster_8,0.5,0.3,0.2,0.1,0.0,0.0,0.5,0.3,0.2,0.1,0.0,0.0,2.0
german-credit,xgb,AP,cluster_9,0.6,0.3,0.4,0.0,0.0,0.1,0.6,0.3,0.4,0.0,0.0,0.1,1.0
german-credit,xgb,AP,cluster_10,0.6,0.3,0.3,0.0,0.0,0.0,0.6,0.2,0.2,0.0,0.0,0.0,4.0
german-credit,xgb,AP,cluster_11,0.7,0.6,0.5,0.4,0.1,0.0,0.7,0.6,0.5,0.4,0.1,0.0,9.0
german-credit,xgb,AP,cluster_12,0.8,0.3,0.4,0.3,0.1,0.1,0.7,0.3,0.4,0.3,0.1,0.1,17.0
german-credit,xgb,EvoCluster_PSO,cluster_0,0.7,0.4,0.7,0.0,0.0,0.2,0.7,0.3,0.6,0.0,0.0,0.1,2.0
german-credit,xgb,EvoCluster_PSO,cluster_1,0.7,0.4,0.7,0.0,0.0,0.2,0.7,0.3,0.6,0.0,0.0,0.1,3.0
german-credit,xgb,EvoCluster_PSO,cluster_2,0.8,0.2,0.3,0.1,0.0,0.0,0.8,0.2,0.3,0.1,0.0,0.0,1.0
german-credit,xgb,EvoCluster_PSO,cluster_3,0.5,0.3,0.2,0.1,0.0,0.0,0.5,0.3,0.2,0.1,0.0,0.0,10.0
german-credit,xgb,EvoCluster_PSO,cluster_4,0.7,0.3,0.5,0.3,0.1,0.0,0.7,0.2,0.4,0.3,0.1,0.0,1.0
german-credit,xgb,EvoCluster_PSO,cluster_5,0.4,0.3,0.3,0.1,0.0,0.1,0.4,0.3,0.3,0.1,0.0,0.1,5.0
german-credit,xgb,EvoCluster_PSO,cluster_6,0.7,0.5,0.4,0.2,0.0,0.0,0.7,0.5,0.4,0.2,0.0,0.0,10.0
german-credit,xgb,EvoCluster_PSO,cluster_7,0.7,0.4,0.5,0.1,0.2,0.2,0.7,0.4,0.5,0.1,0.2,0.2,8.0
german-credit,xgb,EvoCluster_PSO,cluster_8,0.7,0.4,0.5,0.2,0.1,0.0,0.7,0.4,0.5,0.2,0.1,0.0,2.0
german-credit,xgb,EvoCluster_PSO,cluster_9,1.0,0.5,0.5,0.2,0.0,0.1,1.0,0.4,0.4,0.2,0.0,0.1,1.0
german-credit,xgb,EvoCluster_PSO,cluster_10,0.6,0.5,0.5,0.1,0.0,0.2,0.6,0.5,0.5,0.1,0.0,0.2,4.0
german-credit,xgb,EvoCluster_PSO,cluster_11,0.9,0.5,0.5,0.2,0.0,0.0,0.9,0.5,0.5,0.2,0.0,0.0,9.0
german-credit,xgb,EvoCluster_PSO,cluster_12,0.8,0.4,0.5,0.1,0.0,0.0,0.8,0.4,0.5,0.1,0.0,0.0,17.0
german-credit,xgb,GWO,cluster_0,0.8,0.4,0.5,0.3,0.1,0.1,0.8,0.4,0.5,0.3,0.1,0.1,2.0
german-credit,xgb,GWO,cluster_1,0.6,0.3,0.4,0.0,0.0,0.1,0.6,0.3,0.4,0.0,0.0,0.1,3.0
german-credit,xgb,GWO,cluster_2,0.7,0.4,0.3,0.2,0.0,0.0,0.7,0.4,0.3,0.2,0.0,0.0,1.0
german-credit,xgb,GWO,cluster_3,0.8,0.4,0.5,0.2,0.1,0.1,0.8,0.4,0.5,0.2,0.1,0.1,10.0
german-credit,xgb,GWO,cluster_4,0.8,0.5,0.5,0.0,0.0,0.1,0.8,0.4,0.4,0.0,0.0,0.1,1.0
german-credit,xgb,GWO,cluster_5,0.7,0.3,0.5,0.3,0.0,0.0,0.7,0.3,0.5,0.3,0.0,0.0,5.0
german-credit,xgb,GWO,cluster_6,0.8,0.2,0.3,0.1,0.0,0.0,0.8,0.2,0.3,0.1,0.0,0.0,10.0
german-credit,xgb,GWO,cluster_7,0.8,0.6,0.5,0.1,0.0,0.0,0.7,0.6,0.4,0.1,0.0,0.0,8.0
german-credit,xgb,GWO,cluster_8,0.7,0.2,0.3,0.0,0.0,0.1,0.7,0.2,0.3,0.0,0.0,0.1,2.0
german-credit,xgb,GWO,cluster_9,0.7,0.5,0.5,0.6,0.1,0.2,0.7,0.5,0.5,0.6,0.1,0.2,1.0
german-credit,xgb,GWO,cluster_10,0.7,0.3,0.4,0.4,0.0,0.1,0.7,0.3,0.4,0.4,0.0,0.1,4.0
german-credit,xgb,GWO,cluster_11,0.9,0.5,0.5,0.2,0.0,0.0,0.9,0.5,0.5,0.2,0.0,0.0,9.0
german-credit,xgb,GWO,cluster_12,0.7,0.4,0.4,0.1,0.0,0.0,0.6,0.4,0.4,0.1,0.0,0.0,17.0
german-credit,xgb,PSO,cluster_0,0.8,0.4,0.4,0.2,0.0,0.1,0.8,0.4,0.4,0.2,0.0,0.1,2.0
german-credit,xgb,PSO,cluster_1,0.7,0.3,0.5,0.1,0.0,0.0,0.7,0.3,0.5,0.1,0.0,0.0,3.0
german-credit,xgb,PSO,cluster_2,0.8,0.5,0.6,0.1,0.0,0.1,0.8,0.4,0.6,0.1,0.0,0.1,1.0
german-credit,xgb,PSO,cluster_3,0.7,0.3,0.4,0.4,0.0,0.1,0.7,0.3,0.4,0.4,0.0,0.1,10.0
german-credit,xgb,PSO,cluster_4,0.8,0.4,0.4,0.2,0.0,0.1,0.8,0.4,0.4,0.2,0.0,0.1,1.0
german-credit,xgb,PSO,cluster_5,0.8,0.4,0.4,0.2,0.0,0.1,0.8,0.4,0.4,0.2,0.0,0.1,5.0
german-credit,xgb,PSO,cluster_6,0.7,0.4,0.4,0.1,0.0,0.0,0.7,0.4,0.4,0.1,0.0,0.0,10.0
german-credit,xgb,PSO,cluster_7,0.8,0.4,0.5,0.1,0.0,0.1,0.8,0.4,0.5,0.1,0.0,0.1,8.0
german-credit,xgb,PSO,cluster_8,0.9,0.5,0.5,0.1,0.0,0.0,0.8,0.4,0.5,0.1,0.0,0.0,2.0
german-credit,xgb,PSO,cluster_9,0.7,0.5,0.4,0.2,0.2,0.3,0.7,0.5,0.4,0.2,0.2,0.3,1.0
german-credit,xgb,PSO,cluster_10,0.7,0.3,0.5,0.1,0.0,0.0,0.7,0.3,0.5,0.1,0.0,0.0,4.0
german-credit,xgb,PSO,cluster_11,0.8,0.5,0.5,0.0,0.0,0.1,0.8,0.4,0.4,0.0,0.0,0.1,9.0
german-credit,xgb,PSO,cluster_12,0.7,0.1,0.3,0.0,0.0,0.1,0.7,0.1,0.3,0.0,0.0,0.1,17.0
german-credit,xgb,WOA,cluster_0,0.9,0.5,0.5,0.1,0.0,0.0,0.8,0.4,0.5,0.1,0.0,0.0,2.0
german-credit,xgb,WOA,cluster_1,0.7,0.4,0.4,0.1,0.0,0.0,0.6,0.4,0.4,0.1,0.0,0.0,3.0
german-credit,xgb,WOA,cluster_2,0.9,0.5,0.5,0.1,0.0,0.0,0.8,0.4,0.5,0.1,0.0,0.0,1.0
german-credit,xgb,WOA,cluster_3,0.8,0.4,0.4,0.2,0.0,0.1,0.8,0.4,0.4,0.2,0.0,0.1,10.0
german-credit,xgb,WOA,cluster_4,0.8,0.5,0.5,0.0,0.0,0.1,0.8,0.4,0.4,0.0,0.0,0.1,1.0
german-credit,xgb,WOA,cluster_5,0.7,0.4,0.4,0.1,0.0,0.0,0.7,0.4,0.4,0.1,0.0,0.0,5.0
german-credit,xgb,WOA,cluster_6,0.6,0.3,0.4,0.0,0.0,0.1,0.6,0.3,0.4,0.0,0.0,0.1,10.0
german-credit,xgb,WOA,cluster_7,0.4,0.3,0.3,0.1,0.0,0.1,0.4,0.3,0.3,0.1,0.0,0.1,8.0
german-credit,xgb,WOA,cluster_8,0.8,0.5,0.5,0.2,0.0,0.1,0.8,0.5,0.5,0.2,0.0,0.1,2.0
german-credit,xgb,WOA,cluster_9,0.9,0.5,0.5,0.1,0.0,0.0,0.8,0.4,0.5,0.1,0.0,0.0,1.0
german-credit,xgb,WOA,cluster_10,0.6,0.3,0.4,0.0,0.0,0.1,0.6,0.3,0.4,0.0,0.0,0.1,4.0
german-credit,xgb,WOA,cluster_11,0.8,0.4,0.4,0.2,0.0,0.1,0.8,0.4,0.4,0.2,0.0,0.1,9.0
german-credit,xgb,WOA,cluster_12,0.4,0.3,0.3,0.1,0.0,0.1,0.4,0.3,0.3,0.1,0.0,0.1,17.0
heart-disease,rf,AP,cluster_0,0.75,0.75,0.5,0.25,0.25,0.25,0.75,0.75,0.5,0.25,0.25,0.25,1.0
heart-disease,rf,AP,cluster_1,0.75,1.0,0.75,0.75,1.0,0.75,0.75,1.0,0.75,0.75,1.0,0.75,1.0
heart-disease,rf,AP,cluster_2,1.0,1.0,1.0,1.0,1.0,1.0,1.0,1.0,1.0,1.0,1.0,1.0,3.0
heart-disease,rf,AP,cluster_3,1.0,0.75,0.75,0.0,0.5,0.25,1.0,0.75,0.75,0.0,0.5,0.25,6.0
heart-disease,rf,EvoCluster_PSO,cluster_0,1.0,1.0,1.0,0.5,0.5,0.25,1.0,1.0,1.0,0.5,0.5,0.25,1.0
heart-disease,rf,EvoCluster_PSO,cluster_1,1.0,0.75,0.75,0.25,0.0,0.75,1.0,0.75,0.75,0.25,0.0,0.75,1.0
heart-disease,rf,EvoCluster_PSO,cluster_2,1.0,0.75,0.75,0.25,0.0,0.75,1.0,0.75,0.75,0.25,0.0,0.75,3.0
heart-disease,rf,EvoCluster_PSO,cluster_3,0.75,0.75,0.75,0.0,0.25,0.25,0.75,0.75,0.75,0.0,0.25,0.25,6.0
heart-disease,rf,GWO,cluster_0,0.75,0.75,0.75,0.0,0.25,0.25,0.75,0.75,0.75,0.0,0.25,0.25,1.0
heart-disease,rf,GWO,cluster_1,1.0,0.75,0.75,1.0,0.25,0.25,1.0,0.75,0.75,1.0,0.25,0.25,1.0
heart-disease,rf,GWO,cluster_2,1.0,0.75,0.75,1.0,0.25,0.25,1.0,0.75,0.75,1.0,0.25,0.25,3.0
heart-disease,rf,GWO,cluster_3,0.75,1.0,0.75,0.75,1.0,0.75,0.75,1.0,0.75,0.75,1.0,0.75,6.0
heart-disease,rf,PSO,cluster_0,0.75,0.75,0.5,0.25,0.25,0.25,0.75,0.75,0.5,0.25,0.25,0.25,1.0
heart-disease,rf,PSO,cluster_1,0.75,1.0,0.75,0.25,1.0,0.25,0.75,1.0,0.75,0.25,1.0,0.25,1.0
heart-disease,rf,PSO,cluster_2,0.75,0.75,0.75,0.0,0.25,0.25,0.75,0.75,0.75,0.0,0.25,0.25,3.0
heart-disease,rf,PSO,cluster_3,0.75,1.0,0.75,0.75,1.0,0.75,0.75,1.0,0.75,0.75,1.0,0.75,6.0
heart-disease,rf,WOA,cluster_0,1.0,0.75,0.75,0.25,0.0,0.75,1.0,0.75,0.75,0.25,0.0,0.75,1.0
heart-disease,rf,WOA,cluster_1,0.75,0.75,0.75,0.0,0.25,0.25,0.75,0.75,0.75,0.0,0.25,0.25,1.0
heart-disease,rf,WOA,cluster_2,0.75,0.75,0.5,0.25,0.25,0.25,0.75,0.75,0.5,0.25,0.25,0.25,3.0
heart-disease,rf,WOA,cluster_3,0.75,0.75,0.5,0.25,0.25,0.25,0.75,0.75,0.5,0.25,0.25,0.25,6.0
heart-disease,svm,AP,cluster_0,1.0,0.25,0.25,0.5,0.25,0.25,1.0,0.25,0.25,0.5,0.25,0.25,1.0
heart-disease,svm,AP,cluster_1,1.0,0.75,0.75,0.5,0.25,0.25,1.0,0.75,0.75,0.5,0.25,0.25,1.0
heart-disease,svm,AP,cluster_2,1.0,0.75,0.75,0.5,0.5,0.75,1.0,0.75,0.75,0.5,0.5,0.75,9.0
heart-disease,svm,AP,cluster_3,0.75,0.75,0.75,0.25,0.25,0.25,0.75,0.75,0.75,0.25,0.25,0.25,1.0
heart-disease,svm,EvoCluster_PSO,cluster_0,1.0,1.0,1.0,1.0,0.5,0.5,1.0,1.0,1.0,1.0,0.5,0.5,1.0
heart-disease,svm,EvoCluster_PSO,cluster_1,1.0,1.0,1.0,1.0,0.5,0.5,1.0,1.0,1.0,1.0,0.5,0.5,1.0
heart-disease,svm,EvoCluster_PSO,cluster_2,1.0,1.0,1.0,1.0,0.5,0.5,1.0,1.0,1.0,1.0,0.5,0.5,9.0
heart-disease,svm,EvoCluster_PSO,cluster_3,1.0,0.75,0.75,0.5,0.25,0.25,1.0,0.75,0.75,0.5,0.25,0.25,1.0
heart-disease,svm,GWO,cluster_0,1.0,0.25,0.25,0.5,0.25,0.25,1.0,0.25,0.25,0.5,0.25,0.25,1.0
heart-disease,svm,GWO,cluster_1,1.0,0.75,0.75,0.5,0.5,0.75,1.0,0.75,0.75,0.5,0.5,0.75,1.0
heart-disease,svm,GWO,cluster_2,0.75,0.75,1.0,0.75,0.25,0.5,0.75,0.75,1.0,0.75,0.25,0.5,9.0
heart-disease,svm,GWO,cluster_3,0.75,0.75,1.0,0.75,0.25,0.5,0.75,0.75,1.0,0.75,0.25,0.5,1.0
heart-disease,svm,PSO,cluster_0,0.75,0.75,0.75,0.25,0.25,0.25,0.75,0.75,0.75,0.25,0.25,0.25,1.0
heart-disease,svm,PSO,cluster_1,0.75,0.75,1.0,0.25,0.25,0.25,0.75,0.75,1.0,0.25,0.25,0.25,1.0
heart-disease,svm,PSO,cluster_2,1.0,0.75,0.75,1.0,0.5,0.5,1.0,0.75,0.75,1.0,0.5,0.5,9.0
heart-disease,svm,PSO,cluster_3,1.0,0.25,0.25,0.5,0.25,0.25,1.0,0.25,0.25,0.5,0.25,0.25,1.0
heart-disease,svm,WOA,cluster_0,1.0,1.0,1.0,1.0,0.5,0.5,1.0,1.0,1.0,1.0,0.5,0.5,1.0
heart-disease,svm,WOA,cluster_1,0.75,0.75,1.0,0.75,0.25,0.5,0.75,0.75,1.0,0.75,0.25,0.5,1.0
heart-disease,svm,WOA,cluster_2,0.75,0.75,1.0,0.75,0.25,0.5,0.75,0.75,1.0,0.75,0.25,0.5,9.0
heart-disease,svm,WOA,cluster_3,0.75,0.5,0.75,0.25,0.25,0.5,0.75,0.5,0.75,0.25,0.25,0.5,1.0
heart-disease,xgb,AP,cluster_0,1.0,0.75,0.75,0.5,0.25,0.5,1.0,0.75,0.75,0.5,0.25,0.5,4.0
heart-disease,xgb,AP,cluster_1,0.75,0.5,0.75,0.0,0.0,0.0,0.75,0.5,0.75,0.0,0.0,0.0,3.0
heart-disease,xgb,AP,cluster_2,0.25,0.5,0.5,0.25,0.25,0.25,0.25,0.5,0.5,0.25,0.25,0.25,4.0
heart-disease,xgb,AP,cluster_3,1.0,0.5,0.5,0.5,0.0,0.0,1.0,0.5,0.5,0.5,0.0,0.0,6.0
heart-disease,xgb,EvoCluster_PSO,cluster_0,0.75,0.5,0.75,0.0,0.25,0.0,0.75,0.5,0.75,0.0,0.25,0.0,4.0
heart-disease,xgb,EvoCluster_PSO,cluster_1,1.0,0.75,0.75,0.25,0.25,0.25,1.0,0.75,0.75,0.25,0.25,0.25,3.0
heart-disease,xgb,EvoCluster_PSO,cluster_2,1.0,0.5,0.5,0.5,0.0,0.0,1.0,0.5,0.5,0.5,0.0,0.0,4.0
heart-disease,xgb,EvoCluster_PSO,cluster_3,0.75,0.75,0.5,0.25,0.5,0.25,0.75,0.75,0.5,0.25,0.5,0.25,6.0
heart-disease,xgb,GWO,cluster_0,0.75,0.5,0.25,0.25,0.25,0.25,0.75,0.5,0.25,0.25,0.25,0.25,4.0
heart-disease,xgb,GWO,cluster_1,0.75,0.75,0.5,0.25,0.5,0.25,0.75,0.75,0.5,0.25,0.5,0.25,3.0
heart-disease,xgb,GWO,cluster_2,0.5,0.5,0.25,0.25,0.0,0.25,0.5,0.25,0.25,0.25,0.0,0.25,4.0
heart-disease,xgb,GWO,cluster_3,0.75,0.5,0.5,0.0,0.0,0.0,0.75,0.5,0.5,0.0,0.0,0.0,6.0
heart-disease,xgb,PSO,cluster_0,0.75,0.5,0.75,0.0,0.0,0.0,0.75,0.5,0.75,0.0,0.0,0.0,4.0
heart-disease,xgb,PSO,cluster_1,1.0,0.5,0.5,0.5,0.0,0.0,1.0,0.5,0.5,0.5,0.0,0.0,3.0
heart-disease,xgb,PSO,cluster_2,1.0,0.5,0.5,1.0,0.0,0.0,1.0,0.5,0.5,1.0,0.0,0.0,4.0
heart-disease,xgb,PSO,cluster_3,0.75,0.5,0.75,0.0,0.0,0.0,0.75,0.5,0.75,0.0,0.0,0.0,6.0
heart-disease,xgb,WOA,cluster_0,0.75,0.5,0.75,0.0,0.25,0.0,0.75,0.5,0.75,0.0,0.25,0.0,4.0
heart-disease,xgb,WOA,cluster_1,0.75,0.5,0.75,0.0,0.25,0.0,0.75,0.5,0.75,0.0,0.25,0.0,3.0
heart-disease,xgb,WOA,cluster_2,0.75,0.5,0.75,0.0,0.25,0.0,0.75,0.5,0.75,0.0,0.25,0.0,4.0
heart-disease,xgb,WOA,cluster_3,0.75,0.5,0.75,0.0,0.25,0.0,0.75,0.5,0.75,0.0,0.25,0.0,6.0
hill_valley,rf,AP,cluster_0,0.4,0.1,0.3,0.0,0.0,0.0,0.4,0.1,0.3,0.0,0.0,0.0,1.0
hill_valley,rf,AP,cluster_1,0.3,0.1,0.5,0.1,0.0,0.0,0.3,0.1,0.5,0.1,0.0,0.0,1.0
hill_valley,rf,AP,cluster_2,0.5,0.3,0.7,0.1,0.2,0.0,0.5,0.3,0.7,0.1,0.2,0.0,1.0
hill_valley,rf,AP,cluster_3,0.4,0.3,0.9,0.1,0.1,0.1,0.4,0.3,0.9,0.1,0.1,0.1,1.0
hill_valley,rf,AP,cluster_4,0.3,0.3,0.8,0.0,0.1,0.2,0.3,0.3,0.8,0.0,0.1,0.2,1.0
hill_valley,rf,AP,cluster_5,0.2,0.1,0.1,0.0,0.1,0.0,0.2,0.0,0.0,0.0,0.0,0.0,10.0
hill_valley,rf,AP,cluster_6,0.6,0.5,0.6,0.1,0.1,0.2,0.6,0.5,0.6,0.1,0.1,0.2,1.0
hill_valley,rf,AP,cluster_7,0.2,0.2,0.3,0.0,0.0,0.0,0.2,0.2,0.3,0.0,0.0,0.0,1.0
hill_valley,rf,AP,cluster_8,0.5,0.4,0.5,0.2,0.0,0.0,0.5,0.4,0.5,0.2,0.0,0.0,1.0
hill_valley,rf,AP,cluster_9,0.4,0.3,0.3,0.2,0.0,0.0,0.4,0.3,0.3,0.2,0.0,0.0,1.0
hill_valley,rf,AP,cluster_10,0.5,0.6,0.9,0.0,0.2,0.0,0.5,0.6,0.9,0.0,0.2,0.0,1.0
hill_valley,rf,AP,cluster_11,0.7,0.3,0.4,0.0,0.1,0.0,0.7,0.3,0.4,0.0,0.1,0.0,6.0
hill_valley,rf,AP,cluster_12,0.3,0.3,0.7,0.0,0.1,0.1,0.3,0.3,0.7,0.0,0.1,0.1,1.0
hill_valley,rf,AP,cluster_13,0.4,0.4,0.8,0.0,0.1,0.1,0.4,0.4,0.8,0.0,0.1,0.1,1.0
hill_valley,rf,AP,cluster_14,0.3,0.3,0.8,0.0,0.2,0.2,0.3,0.3,0.8,0.0,0.2,0.2,1.0
hill_valley,rf,AP,cluster_15,0.4,0.4,0.7,0.0,0.0,0.0,0.4,0.4,0.7,0.0,0.0,0.0,1.0
hill_valley,rf,AP,cluster_16,0.1,0.3,0.5,0.1,0.0,0.0,0.1,0.3,0.5,0.1,0.0,0.0,1.0
hill_valley,rf,AP,cluster_17,0.5,0.4,0.6,0.2,0.1,0.0,0.5,0.4,0.6,0.2,0.1,0.0,1.0
hill_valley,rf,AP,cluster_18,0.7,0.5,0.5,0.0,0.0,0.0,0.7,0.5,0.5,0.0,0.0,0.0,3.0
hill_valley,rf,AP,cluster_19,0.6,0.5,0.8,0.0,0.1,0.1,0.6,0.5,0.8,0.0,0.1,0.1,1.0
hill_valley,rf,AP,cluster_20,0.5,0.4,0.7,0.1,0.1,0.1,0.5,0.4,0.7,0.1,0.1,0.1,1.0
hill_valley,rf,AP,cluster_21,0.4,0.3,0.6,0.2,0.1,0.2,0.4,0.3,0.6,0.2,0.1,0.2,1.0
hill_valley,rf,AP,cluster_22,0.1,0.3,0.4,0.0,0.0,0.1,0.1,0.3,0.4,0.0,0.0,0.1,1.0
hill_valley,rf,AP,cluster_23,0.4,0.0,0.2,0.0,0.0,0.0,0.4,0.0,0.2,0.0,0.0,0.0,2.0
hill_valley,rf,AP,cluster_24,0.4,0.3,0.3,0.0,0.3,0.0,0.4,0.3,0.3,0.0,0.3,0.0,1.0
hill_valley,rf,AP,cluster_25,0.6,0.4,0.6,0.1,0.0,0.0,0.6,0.4,0.6,0.1,0.0,0.0,1.0
hill_valley,rf,AP,cluster_26,0.3,0.3,0.5,0.1,0.1,0.0,0.3,0.3,0.5,0.1,0.1,0.0,1.0
hill_valley,rf,AP,cluster_27,0.5,0.2,0.6,0.1,0.0,0.0,0.5,0.2,0.6,0.1,0.0,0.0,1.0
hill_valley,rf,AP,cluster_28,0.5,0.3,0.7,0.0,0.1,0.0,0.5,0.3,0.7,0.0,0.1,0.0,1.0
hill_valley,rf,AP,cluster_29,0.3,0.3,0.3,0.0,0.0,0.0,0.3,0.3,0.3,0.0,0.0,0.0,1.0
hill_valley,rf,AP,cluster_30,0.3,0.2,0.4,0.0,0.0,0.0,0.3,0.2,0.4,0.0,0.0,0.0,1.0
hill_valley,rf,AP,cluster_31,0.3,0.3,0.6,0.1,0.1,0.1,0.3,0.3,0.6,0.1,0.1,0.1,1.0
hill_valley,rf,AP,cluster_32,0.2,0.2,0.8,0.0,0.1,0.0,0.2,0.2,0.8,0.0,0.1,0.0,1.0
hill_valley,rf,AP,cluster_33,0.5,0.3,0.6,0.1,0.0,0.0,0.5,0.3,0.6,0.1,0.0,0.0,1.0
hill_valley,rf,AP,cluster_34,0.7,0.3,0.4,0.1,0.1,0.1,0.7,0.3,0.4,0.1,0.1,0.1,1.0
hill_valley,rf,AP,cluster_35,0.4,0.3,0.6,0.0,0.0,0.1,0.4,0.3,0.6,0.0,0.0,0.1,1.0
hill_valley,rf,AP,cluster_36,0.5,0.3,0.6,0.0,0.2,0.0,0.5,0.3,0.6,0.0,0.2,0.0,1.0
hill_valley,rf,AP,cluster_37,0.2,0.2,0.5,0.1,0.0,0.0,0.2,0.2,0.5,0.1,0.0,0.0,1.0
hill_valley,rf,AP,cluster_38,0.1,0.2,0.4,0.0,0.0,0.1,0.1,0.2,0.4,0.0,0.0,0.1,1.0
hill_valley,rf,AP,cluster_39,0.4,0.2,0.6,0.0,0.1,0.1,0.4,0.2,0.6,0.0,0.1,0.1,1.0
hill_valley,rf,AP,cluster_40,0.3,0.1,0.1,0.0,0.0,0.0,0.3,0.1,0.1,0.0,0.0,0.0,1.0
hill_valley,rf,AP,cluster_41,0.5,0.2,0.5,0.0,0.1,0.0,0.5,0.2,0.5,0.0,0.1,0.0,1.0
hill_valley,rf,AP,cluster_42,0.4,0.1,0.2,0.0,0.0,0.0,0.4,0.1,0.2,0.0,0.0,0.0,4.0
hill_valley,rf,AP,cluster_43,0.6,0.5,0.7,0.0,0.2,0.0,0.6,0.5,0.7,0.0,0.2,0.0,1.0
hill_valley,rf,AP,cluster_44,0.3,0.3,0.7,0.0,0.1,0.0,0.3,0.3,0.7,0.0,0.1,0.0,1.0
hill_valley,rf,AP,cluster_45,0.2,0.2,0.7,0.0,0.2,0.0,0.2,0.2,0.7,0.0,0.2,0.0,1.0
hill_valley,rf,AP,cluster_46,0.5,0.2,0.2,0.0,0.1,0.0,0.5,0.2,0.2,0.0,0.1,0.0,1.0
hill_valley,rf,AP,cluster_47,0.5,0.2,0.6,0.2,0.0,0.1,0.5,0.2,0.6,0.2,0.0,0.1,1.0
hill_valley,rf,AP,cluster_48,0.3,0.3,0.3,0.1,0.0,0.0,0.3,0.3,0.3,0.1,0.0,0.0,1.0
hill_valley,rf,AP,cluster_49,0.8,0.4,0.6,0.0,0.1,0.1,0.8,0.4,0.6,0.0,0.1,0.1,1.0
hill_valley,rf,AP,cluster_50,0.2,0.3,0.4,0.2,0.0,0.0,0.2,0.3,0.4,0.2,0.0,0.0,8.0
hill_valley,rf,AP,cluster_51,0.4,0.2,0.6,0.1,0.1,0.1,0.4,0.2,0.6,0.1,0.1,0.1,1.0
hill_valley,rf,AP,cluster_52,0.7,0.3,0.4,0.0,0.0,0.0,0.7,0.3,0.4,0.0,0.0,0.0,1.0
hill_valley,rf,AP,cluster_53,0.4,0.1,0.3,0.1,0.0,0.0,0.4,0.1,0.3,0.1,0.0,0.0,1.0
hill_valley,rf,AP,cluster_54,0.6,0.2,0.4,0.1,0.0,0.0,0.6,0.2,0.4,0.1,0.0,0.0,1.0
hill_valley,rf,AP,cluster_55,0.6,0.4,0.4,0.2,0.0,0.1,0.6,0.4,0.4,0.2,0.0,0.1,1.0
hill_valley,rf,AP,cluster_56,0.5,0.3,0.6,0.2,0.0,0.2,0.5,0.3,0.6,0.2,0.0,0.2,3.0
hill_valley,rf,AP,cluster_57,0.5,0.3,0.6,0.2,0.2,0.1,0.5,0.3,0.6,0.2,0.2,0.1,1.0
hill_valley,rf,AP,cluster_58,0.4,0.2,0.4,0.0,0.0,0.0,0.4,0.2,0.4,0.0,0.0,0.0,1.0
hill_valley,rf,AP,cluster_59,0.5,0.1,0.2,0.0,0.1,0.0,0.5,0.1,0.2,0.0,0.1,0.0,12.0
hill_valley,rf,AP,cluster_60,0.5,0.2,0.1,0.0,0.0,0.0,0.5,0.2,0.1,0.0,0.0,0.0,1.0
hill_valley,rf,AP,cluster_61,0.6,0.3,0.6,0.1,0.1,0.1,0.6,0.3,0.6,0.1,0.1,0.1,1.0
hill_valley,rf,AP,cluster_62,0.3,0.2,0.7,0.1,0.0,0.0,0.3,0.2,0.7,0.1,0.0,0.0,1.0
hill_valley,rf,AP,cluster_63,0.6,0.6,0.8,0.1,0.0,0.0,0.6,0.6,0.8,0.1,0.0,0.0,4.0
hill_valley,rf,AP,cluster_64,0.4,0.4,0.5,0.1,0.2,0.2,0.4,0.4,0.5,0.1,0.2,0.2,1.0
hill_valley,rf,AP,cluster_65,0.4,0.4,0.4,0.0,0.2,0.0,0.4,0.4,0.4,0.0,0.2,0.0,1.0
hill_valley,rf,AP,cluster_66,0.4,0.2,0.5,0.1,0.0,0.1,0.4,0.2,0.5,0.1,0.0,0.1,1.0
hill_valley,rf,AP,cluster_67,0.7,0.5,0.4,0.1,0.0,0.0,0.7,0.5,0.4,0.1,0.0,0.0,1.0
hill_valley,rf,AP,cluster_68,0.5,0.4,0.4,0.0,0.0,0.1,0.5,0.4,0.4,0.0,0.0,0.1,1.0
hill_valley,rf,AP,cluster_69,0.4,0.3,0.4,0.0,0.0,0.1,0.4,0.3,0.4,0.0,0.0,0.1,1.0
hill_valley,rf,AP,cluster_70,0.4,0.3,0.5,0.1,0.0,0.1,0.4,0.3,0.5,0.1,0.0,0.1,1.0
hill_valley,rf,AP,cluster_71,0.5,0.3,0.3,0.1,0.0,0.1,0.5,0.3,0.3,0.1,0.0,0.1,1.0
hill_valley,rf,AP,cluster_72,0.6,0.5,0.5,0.2,0.0,0.0,0.6,0.5,0.5,0.2,0.0,0.0,1.0
hill_valley,rf,AP,cluster_73,0.6,0.5,0.4,0.1,0.0,0.0,0.6,0.5,0.4,0.1,0.0,0.0,1.0
hill_valley,rf,AP,cluster_74,0.3,0.1,0.0,0.1,0.0,0.0,0.3,0.1,0.0,0.1,0.0,0.0,1.0
hill_valley,rf,AP,cluster_75,0.4,0.4,0.7,0.1,0.1,0.0,0.4,0.4,0.7,0.1,0.1,0.0,1.0
hill_valley,rf,AP,cluster_76,0.2,0.2,0.4,0.0,0.1,0.1,0.2,0.2,0.4,0.0,0.1,0.1,1.0
hill_valley,rf,AP,cluster_77,0.4,0.3,0.3,0.1,0.1,0.0,0.4,0.3,0.3,0.1,0.1,0.0,1.0
hill_valley,rf,AP,cluster_78,0.3,0.2,0.4,0.1,0.1,0.0,0.3,0.2,0.4,0.1,0.1,0.0,1.0
hill_valley,rf,AP,cluster_79,0.6,0.3,0.2,0.0,0.0,0.0,0.6,0.3,0.2,0.0,0.0,0.0,1.0
hill_valley,rf,AP,cluster_80,0.5,0.0,0.2,0.0,0.0,0.2,0.5,0.0,0.2,0.0,0.0,0.2,3.0
hill_valley,rf,AP,cluster_81,0.3,0.3,0.2,0.1,0.0,0.0,0.3,0.2,0.2,0.1,0.0,0.0,3.0
hill_valley,rf,AP,cluster_82,0.5,0.3,0.7,0.2,0.1,0.1,0.5,0.3,0.7,0.2,0.1,0.1,1.0
hill_valley,rf,AP,cluster_83,0.2,0.3,0.3,0.1,0.1,0.1,0.2,0.3,0.3,0.1,0.1,0.1,1.0
hill_valley,rf,EvoCluster_PSO,cluster_0,0.4,0.3,0.6,0.2,0.1,0.2,0.4,0.3,0.6,0.2,0.1,0.2,1.0
hill_valley,rf,EvoCluster_PSO,cluster_1,0.5,0.4,0.7,0.1,0.1,0.1,0.5,0.4,0.7,0.1,0.1,0.1,1.0
hill_valley,rf,EvoCluster_PSO,cluster_2,0.5,0.4,0.7,0.1,0.1,0.1,0.5,0.4,0.7,0.1,0.1,0.1,1.0
hill_valley,rf,EvoCluster_PSO,cluster_3,0.4,0.3,0.6,0.0,0.0,0.1,0.4,0.3,0.6,0.0,0.0,0.1,1.0
hill_valley,rf,EvoCluster_PSO,cluster_4,0.5,0.4,0.7,0.1,0.1,0.1,0.5,0.4,0.7,0.1,0.1,0.1,1.0
hill_valley,rf,EvoCluster_PSO,cluster_5,0.4,0.3,0.6,0.2,0.1,0.2,0.4,0.3,0.6,0.2,0.1,0.2,10.0
hill_valley,rf,EvoCluster_PSO,cluster_6,0.4,0.4,0.7,0.1,0.1,0.0,0.4,0.4,0.7,0.1,0.1,0.0,1.0
hill_valley,rf,EvoCluster_PSO,cluster_7,0.5,0.3,0.6,0.1,0.0,0.0,0.5,0.3,0.6,0.1,0.0,0.0,1.0
hill_valley,rf,EvoCluster_PSO,cluster_8,0.6,0.5,0.6,0.1,0.1,0.2,0.6,0.5,0.6,0.1,0.1,0.2,1.0
hill_valley,rf,EvoCluster_PSO,cluster_9,0.5,0.4,0.7,0.1,0.1,0.1,0.5,0.4,0.7,0.1,0.1,0.1,1.0
hill_valley,rf,EvoCluster_PSO,cluster_10,0.5,0.4,0.7,0.1,0.1,0.1,0.5,0.4,0.7,0.1,0.1,0.1,1.0
hill_valley,rf,EvoCluster_PSO,cluster_11,0.6,0.5,0.6,0.1,0.1,0.2,0.6,0.5,0.6,0.1,0.1,0.2,6.0
hill_valley,rf,EvoCluster_PSO,cluster_12,0.5,0.3,0.6,0.1,0.0,0.0,0.5,0.3,0.6,0.1,0.0,0.0,1.0
hill_valley,rf,EvoCluster_PSO,cluster_13,0.5,0.3,0.6,0.1,0.0,0.0,0.5,0.3,0.6,0.1,0.0,0.0,1.0
hill_valley,rf,EvoCluster_PSO,cluster_14,0.5,0.4,0.7,0.1,0.1,0.1,0.5,0.4,0.7,0.1,0.1,0.1,1.0
hill_valley,rf,EvoCluster_PSO,cluster_15,0.6,0.5,0.6,0.1,0.1,0.2,0.6,0.5,0.6,0.1,0.1,0.2,1.0
hill_valley,rf,EvoCluster_PSO,cluster_16,0.4,0.4,0.7,0.1,0.1,0.0,0.4,0.4,0.7,0.1,0.1,0.0,1.0
hill_valley,rf,EvoCluster_PSO,cluster_17,0.4,0.3,0.6,0.2,0.1,0.2,0.4,0.3,0.6,0.2,0.1,0.2,1.0
hill_valley,rf,EvoCluster_PSO,cluster_18,0.5,0.4,0.7,0.1,0.1,0.1,0.5,0.4,0.7,0.1,0.1,0.1,3.0
hill_valley,rf,EvoCluster_PSO,cluster_19,0.5,0.4,0.7,0.1,0.1,0.1,0.5,0.4,0.7,0.1,0.1,0.1,1.0
hill_valley,rf,GWO,cluster_0,0.5,0.3,0.6,0.1,0.0,0.0,0.5,0.3,0.6,0.1,0.0,0.0,1.0
hill_valley,rf,GWO,cluster_1,0.4,0.3,0.6,0.2,0.1,0.2,0.4,0.3,0.6,0.2,0.1,0.2,1.0
hill_valley,rf,GWO,cluster_2,0.5,0.4,0.7,0.1,0.1,0.1,0.5,0.4,0.7,0.1,0.1,0.1,1.0
hill_valley,rf,GWO,cluster_3,0.5,0.4,0.7,0.1,0.1,0.1,0.5,0.4,0.7,0.1,0.1,0.1,1.0
hill_valley,rf,GWO,cluster_4,0.6,0.5,0.6,0.1,0.1,0.2,0.6,0.5,0.6,0.1,0.1,0.2,1.0
hill_valley,rf,GWO,cluster_5,0.6,0.5,0.6,0.1,0.1,0.2,0.6,0.5,0.6,0.1,0.1,0.2,10.0
hill_valley,rf,GWO,cluster_6,0.6,0.5,0.6,0.1,0.1,0.2,0.6,0.5,0.6,0.1,0.1,0.2,1.0
hill_valley,rf,GWO,cluster_7,0.4,0.3,0.6,0.2,0.1,0.2,0.4,0.3,0.6,0.2,0.1,0.2,1.0
hill_valley,rf,GWO,cluster_8,0.5,0.4,0.7,0.1,0.1,0.1,0.5,0.4,0.7,0.1,0.1,0.1,1.0
hill_valley,rf,GWO,cluster_9,0.5,0.4,0.7,0.1,0.1,0.1,0.5,0.4,0.7,0.1,0.1,0.1,1.0
hill_valley,rf,GWO,cluster_10,0.5,0.4,0.7,0.1,0.1,0.1,0.5,0.4,0.7,0.1,0.1,0.1,1.0
hill_valley,rf,GWO,cluster_11,0.5,0.4,0.7,0.1,0.1,0.1,0.5,0.4,0.7,0.1,0.1,0.1,6.0
hill_valley,rf,GWO,cluster_12,0.5,0.4,0.7,0.1,0.1,0.1,0.5,0.4,0.7,0.1,0.1,0.1,1.0
hill_valley,rf,GWO,cluster_13,0.5,0.4,0.7,0.1,0.1,0.1,0.5,0.4,0.7,0.1,0.1,0.1,1.0
hill_valley,rf,GWO,cluster_14,0.5,0.4,0.7,0.1,0.1,0.1,0.5,0.4,0.7,0.1,0.1,0.1,1.0
hill_valley,rf,GWO,cluster_15,0.5,0.4,0.7,0.1,0.1,0.1,0.5,0.4,0.7,0.1,0.1,0.1,1.0
hill_valley,rf,GWO,cluster_16,0.4,0.3,0.6,0.2,0.1,0.2,0.4,0.3,0.6,0.2,0.1,0.2,1.0
hill_valley,rf,GWO,cluster_17,0.6,0.5,0.6,0.1,0.1,0.2,0.6,0.5,0.6,0.1,0.1,0.2,1.0
hill_valley,rf,GWO,cluster_18,0.5,0.4,0.7,0.1,0.1,0.1,0.5,0.4,0.7,0.1,0.1,0.1,3.0
hill_valley,rf,GWO,cluster_19,0.4,0.3,0.6,0.0,0.0,0.1,0.4,0.3,0.6,0.0,0.0,0.1,1.0
hill_valley,rf,PSO,cluster_0,0.6,0.5,0.6,0.1,0.1,0.2,0.6,0.5,0.6,0.1,0.1,0.2,1.0
hill_valley,rf,PSO,cluster_1,0.6,0.5,0.6,0.1,0.1,0.2,0.6,0.5,0.6,0.1,0.1,0.2,1.0
hill_valley,rf,PSO,cluster_2,0.6,0.5,0.6,0.1,0.1,0.2,0.6,0.5,0.6,0.1,0.1,0.2,1.0
hill_valley,rf,PSO,cluster_3,0.5,0.4,0.7,0.1,0.1,0.1,0.5,0.4,0.7,0.1,0.1,0.1,1.0
hill_valley,rf,PSO,cluster_4,0.5,0.4,0.7,0.1,0.1,0.1,0.5,0.4,0.7,0.1,0.1,0.1,1.0
hill_valley,rf,PSO,cluster_5,0.5,0.4,0.7,0.1,0.1,0.1,0.5,0.4,0.7,0.1,0.1,0.1,10.0
hill_valley,rf,PSO,cluster_6,0.4,0.3,0.6,0.2,0.1,0.2,0.4,0.3,0.6,0.2,0.1,0.2,1.0
hill_valley,rf,PSO,cluster_7,0.5,0.4,0.7,0.1,0.1,0.1,0.5,0.4,0.7,0.1,0.1,0.1,1.0
hill_valley,rf,PSO,cluster_8,0.5,0.4,0.7,0.1,0.1,0.1,0.5,0.4,0.7,0.1,0.1,0.1,1.0
hill_valley,rf,PSO,cluster_9,0.5,0.4,0.7,0.1,0.1,0.1,0.5,0.4,0.7,0.1,0.1,0.1,1.0
hill_valley,rf,PSO,cluster_10,0.6,0.5,0.6,0.1,0.1,0.2,0.6,0.5,0.6,0.1,0.1,0.2,1.0
hill_valley,rf,PSO,cluster_11,0.4,0.3,0.6,0.0,0.0,0.1,0.4,0.3,0.6,0.0,0.0,0.1,6.0
hill_valley,rf,PSO,cluster_12,0.5,0.4,0.7,0.1,0.1,0.1,0.5,0.4,0.7,0.1,0.1,0.1,1.0
hill_valley,rf,PSO,cluster_13,0.5,0.4,0.7,0.1,0.1,0.1,0.5,0.4,0.7,0.1,0.1,0.1,1.0
hill_valley,rf,PSO,cluster_14,0.5,0.4,0.7,0.1,0.1,0.1,0.5,0.4,0.7,0.1,0.1,0.1,1.0
hill_valley,rf,PSO,cluster_15,0.5,0.4,0.7,0.1,0.1,0.1,0.5,0.4,0.7,0.1,0.1,0.1,1.0
hill_valley,rf,PSO,cluster_16,0.6,0.5,0.6,0.1,0.1,0.2,0.6,0.5,0.6,0.1,0.1,0.2,1.0
hill_valley,rf,PSO,cluster_17,0.5,0.4,0.7,0.1,0.1,0.1,0.5,0.4,0.7,0.1,0.1,0.1,1.0
hill_valley,rf,PSO,cluster_18,0.5,0.4,0.7,0.1,0.1,0.1,0.5,0.4,0.7,0.1,0.1,0.1,3.0
hill_valley,rf,PSO,cluster_19,0.5,0.4,0.7,0.1,0.1,0.1,0.5,0.4,0.7,0.1,0.1,0.1,1.0
hill_valley,rf,WOA,cluster_0,0.5,0.2,0.6,0.1,0.0,0.0,0.5,0.2,0.6,0.1,0.0,0.0,1.0
hill_valley,rf,WOA,cluster_1,0.5,0.2,0.6,0.1,0.0,0.0,0.5,0.2,0.6,0.1,0.0,0.0,1.0
hill_valley,rf,WOA,cluster_2,0.5,0.2,0.6,0.1,0.0,0.0,0.5,0.2,0.6,0.1,0.0,0.0,1.0
hill_valley,rf,WOA,cluster_3,0.5,0.2,0.6,0.1,0.0,0.0,0.5,0.2,0.6,0.1,0.0,0.0,1.0
hill_valley,rf,WOA,cluster_4,0.5,0.2,0.6,0.1,0.0,0.0,0.5,0.2,0.6,0.1,0.0,0.0,1.0
hill_valley,rf,WOA,cluster_5,0.5,0.2,0.6,0.1,0.0,0.0,0.5,0.2,0.6,0.1,0.0,0.0,10.0
hill_valley,rf,WOA,cluster_6,0.5,0.2,0.6,0.1,0.0,0.0,0.5,0.2,0.6,0.1,0.0,0.0,1.0
hill_valley,rf,WOA,cluster_7,0.5,0.2,0.6,0.1,0.0,0.0,0.5,0.2,0.6,0.1,0.0,0.0,1.0
hill_valley,rf,WOA,cluster_8,0.5,0.2,0.6,0.1,0.0,0.0,0.5,0.2,0.6,0.1,0.0,0.0,1.0
hill_valley,rf,WOA,cluster_9,0.5,0.2,0.6,0.1,0.0,0.0,0.5,0.2,0.6,0.1,0.0,0.0,1.0
hill_valley,rf,WOA,cluster_10,0.5,0.2,0.6,0.1,0.0,0.0,0.5,0.2,0.6,0.1,0.0,0.0,1.0
hill_valley,rf,WOA,cluster_11,0.5,0.2,0.6,0.1,0.0,0.0,0.5,0.2,0.6,0.1,0.0,0.0,6.0
hill_valley,rf,WOA,cluster_12,0.5,0.2,0.6,0.1,0.0,0.0,0.5,0.2,0.6,0.1,0.0,0.0,1.0
hill_valley,rf,WOA,cluster_13,0.5,0.2,0.6,0.1,0.0,0.0,0.5,0.2,0.6,0.1,0.0,0.0,1.0
hill_valley,rf,WOA,cluster_14,0.5,0.2,0.6,0.1,0.0,0.0,0.5,0.2,0.6,0.1,0.0,0.0,1.0
hill_valley,rf,WOA,cluster_15,0.5,0.2,0.6,0.1,0.0,0.0,0.5,0.2,0.6,0.1,0.0,0.0,1.0
hill_valley,rf,WOA,cluster_16,0.5,0.2,0.6,0.1,0.0,0.0,0.5,0.2,0.6,0.1,0.0,0.0,1.0
hill_valley,rf,WOA,cluster_17,0.5,0.2,0.6,0.1,0.0,0.0,0.5,0.2,0.6,0.1,0.0,0.0,1.0
hill_valley,rf,WOA,cluster_18,0.5,0.2,0.6,0.1,0.0,0.0,0.5,0.2,0.6,0.1,0.0,0.0,3.0
hill_valley,rf,WOA,cluster_19,0.5,0.2,0.6,0.1,0.0,0.0,0.5,0.2,0.6,0.1,0.0,0.0,1.0
hill_valley,svm,AP,cluster_0,0.9,0.8,0.9,0.2,0.3,0.0,0.9,0.8,0.9,0.2,0.3,0.0,1.0
hill_valley,svm,AP,cluster_1,0.8,0.6,0.8,0.1,0.2,0.0,0.8,0.6,0.8,0.1,0.2,0.0,1.0
hill_valley,svm,AP,cluster_2,0.8,0.7,0.9,0.5,0.3,0.1,0.8,0.7,0.9,0.5,0.3,0.1,1.0
hill_valley,svm,AP,cluster_3,0.9,0.9,0.9,0.0,0.1,0.2,0.9,0.9,0.9,0.0,0.1,0.2,1.0
hill_valley,svm,AP,cluster_4,0.3,0.5,0.5,0.0,0.2,0.0,0.2,0.4,0.5,0.0,0.2,0.0,1.0
hill_valley,svm,AP,cluster_5,0.5,0.6,0.7,0.1,0.0,0.0,0.3,0.3,0.7,0.1,0.0,0.0,3.0
hill_valley,svm,AP,cluster_6,0.5,0.6,0.6,0.1,0.2,0.0,0.5,0.6,0.6,0.1,0.2,0.0,2.0
hill_valley,svm,AP,cluster_7,0.9,0.9,1.0,0.2,0.1,0.0,0.9,0.9,1.0,0.2,0.1,0.0,106.0
hill_valley,svm,AP,cluster_8,0.5,0.6,0.4,0.0,0.0,0.0,0.5,0.6,0.4,0.0,0.0,0.0,3.0
hill_valley,svm,AP,cluster_9,0.6,0.7,0.7,0.0,0.6,0.0,0.6,0.7,0.7,0.0,0.6,0.0,1.0
hill_valley,svm,AP,cluster_10,0.3,0.6,0.4,0.0,0.1,0.1,0.0,0.0,0.4,0.0,0.0,0.1,3.0
hill_valley,svm,AP,cluster_11,0.7,0.7,0.5,0.1,0.1,0.0,0.7,0.7,0.5,0.1,0.1,0.0,1.0
hill_valley,svm,AP,cluster_12,0.3,0.5,0.5,0.0,0.1,0.0,0.3,0.5,0.5,0.0,0.1,0.0,3.0
hill_valley,svm,AP,cluster_13,0.5,0.6,0.6,0.0,0.2,0.0,0.5,0.6,0.6,0.0,0.2,0.0,1.0
hill_valley,svm,AP,cluster_14,0.8,0.6,0.6,0.0,0.1,0.1,0.8,0.6,0.6,0.0,0.1,0.1,11.0
hill_valley,svm,AP,cluster_15,0.4,0.6,0.3,0.0,0.0,0.1,0.1,0.1,0.3,0.0,0.0,0.1,1.0
hill_valley,svm,AP,cluster_16,0.3,0.6,0.5,0.0,0.0,0.1,0.1,0.0,0.5,0.0,0.0,0.1,2.0
hill_valley,svm,AP,cluster_17,0.6,0.5,0.6,0.1,0.0,0.1,0.6,0.5,0.6,0.1,0.0,0.1,1.0
hill_valley,svm,AP,cluster_18,0.4,0.6,0.5,0.0,0.0,0.0,0.4,0.6,0.5,0.0,0.0,0.0,1.0
hill_valley,svm,AP,cluster_19,0.6,0.7,0.7,0.0,0.2,0.1,0.6,0.7,0.7,0.0,0.2,0.1,1.0
hill_valley,svm,AP,cluster_20,0.9,0.6,0.7,0.2,0.0,0.1,0.9,0.6,0.7,0.2,0.0,0.1,20.0
hill_valley,svm,AP,cluster_21,0.3,0.5,0.4,0.0,0.0,0.0,0.1,0.3,0.4,0.0,0.0,0.0,4.0
hill_valley,svm,AP,cluster_22,0.5,0.6,0.6,0.0,0.2,0.0,0.5,0.6,0.6,0.0,0.2,0.0,1.0
hill_valley,svm,AP,cluster_23,0.6,0.7,0.7,0.1,0.2,0.0,0.6,0.7,0.7,0.1,0.2,0.0,1.0
hill_valley,svm,AP,cluster_24,0.6,0.8,0.7,0.2,0.0,0.2,0.6,0.8,0.7,0.2,0.0,0.2,1.0
hill_valley,svm,EvoCluster_PSO,cluster_0,0.6,0.8,0.7,0.2,0.0,0.2,0.6,0.8,0.7,0.2,0.0,0.2,1.0
hill_valley,svm,EvoCluster_PSO,cluster_1,0.6,0.8,0.7,0.2,0.0,0.2,0.6,0.8,0.7,0.2,0.0,0.2,1.0
hill_valley,svm,EvoCluster_PSO,cluster_2,0.9,0.9,0.9,0.0,0.1,0.2,0.9,0.9,0.9,0.0,0.1,0.2,1.0
hill_valley,svm,EvoCluster_PSO,cluster_3,0.6,0.8,0.7,0.2,0.0,0.2,0.6,0.8,0.7,0.2,0.0,0.2,1.0
hill_valley,svm,EvoCluster_PSO,cluster_4,0.9,0.9,0.9,0.0,0.1,0.2,0.9,0.9,0.9,0.0,0.1,0.2,1.0
hill_valley,svm,EvoCluster_PSO,cluster_5,0.6,0.8,0.7,0.2,0.0,0.2,0.6,0.8,0.7,0.2,0.0,0.2,3.0
hill_valley,svm,EvoCluster_PSO,cluster_6,0.9,0.9,0.9,0.0,0.1,0.2,0.9,0.9,0.9,0.0,0.1,0.2,2.0
hill_valley,svm,EvoCluster_PSO,cluster_7,0.6,0.8,0.7,0.2,0.0,0.2,0.6,0.8,0.7,0.2,0.0,0.2,106.0
hill_valley,svm,EvoCluster_PSO,cluster_8,0.9,0.9,0.9,0.0,0.1,0.2,0.9,0.9,0.9,0.0,0.1,0.2,3.0
hill_valley,svm,EvoCluster_PSO,cluster_9,0.6,0.8,0.7,0.2,0.0,0.2,0.6,0.8,0.7,0.2,0.0,0.2,1.0
hill_valley,svm,EvoCluster_PSO,cluster_10,0.6,0.8,0.7,0.2,0.0,0.2,0.6,0.8,0.7,0.2,0.0,0.2,3.0
hill_valley,svm,EvoCluster_PSO,cluster_11,0.9,0.9,0.9,0.0,0.1,0.2,0.9,0.9,0.9,0.0,0.1,0.2,1.0
hill_valley,svm,EvoCluster_PSO,cluster_12,0.6,0.8,0.7,0.2,0.0,0.2,0.6,0.8,0.7,0.2,0.0,0.2,3.0
hill_valley,svm,EvoCluster_PSO,cluster_13,0.6,0.8,0.7,0.2,0.0,0.2,0.6,0.8,0.7,0.2,0.0,0.2,1.0
hill_valley,svm,EvoCluster_PSO,cluster_14,0.6,0.8,0.7,0.2,0.0,0.2,0.6,0.8,0.7,0.2,0.0,0.2,11.0
hill_valley,svm,EvoCluster_PSO,cluster_15,0.9,0.9,0.9,0.0,0.1,0.2,0.9,0.9,0.9,0.0,0.1,0.2,1.0
hill_valley,svm,EvoCluster_PSO,cluster_16,0.6,0.8,0.7,0.2,0.0,0.2,0.6,0.8,0.7,0.2,0.0,0.2,2.0
hill_valley,svm,EvoCluster_PSO,cluster_17,0.6,0.8,0.7,0.2,0.0,0.2,0.6,0.8,0.7,0.2,0.0,0.2,1.0
hill_valley,svm,EvoCluster_PSO,cluster_18,0.9,0.9,0.9,0.0,0.1,0.2,0.9,0.9,0.9,0.0,0.1,0.2,1.0
hill_valley,svm,EvoCluster_PSO,cluster_19,0.6,0.8,0.7,0.2,0.0,0.2,0.6,0.8,0.7,0.2,0.0,0.2,1.0
hill_valley,svm,GWO,cluster_0,0.6,0.8,0.7,0.2,0.0,0.2,0.6,0.8,0.7,0.2,0.0,0.2,1.0
hill_valley,svm,GWO,cluster_1,0.6,0.8,0.7,0.2,0.0,0.2,0.6,0.8,0.7,0.2,0.0,0.2,1.0
hill_valley,svm,GWO,cluster_2,0.6,0.8,0.7,0.2,0.0,0.2,0.6,0.8,0.7,0.2,0.0,0.2,1.0
hill_valley,svm,GWO,cluster_3,0.8,0.6,0.8,0.1,0.2,0.0,0.8,0.6,0.8,0.1,0.2,0.0,1.0
hill_valley,svm,GWO,cluster_4,0.6,0.8,0.7,0.2,0.0,0.2,0.6,0.8,0.7,0.2,0.0,0.2,1.0
hill_valley,svm,GWO,cluster_5,0.6,0.8,0.7,0.2,0.0,0.2,0.6,0.8,0.7,0.2,0.0,0.2,3.0
hill_valley,svm,GWO,cluster_6,0.6,0.8,0.7,0.2,0.0,0.2,0.6,0.8,0.7,0.2,0.0,0.2,2.0
hill_valley,svm,GWO,cluster_7,0.6,0.8,0.7,0.2,0.0,0.2,0.6,0.8,0.7,0.2,0.0,0.2,106.0
hill_valley,svm,GWO,cluster_8,0.6,0.8,0.7,0.2,0.0,0.2,0.6,0.8,0.7,0.2,0.0,0.2,3.0
hill_valley,svm,GWO,cluster_9,0.6,0.8,0.7,0.2,0.0,0.2,0.6,0.8,0.7,0.2,0.0,0.2,1.0
hill_valley,svm,GWO,cluster_10,0.6,0.8,0.7,0.2,0.0,0.2,0.6,0.8,0.7,0.2,0.0,0.2,3.0
hill_valley,svm,GWO,cluster_11,0.6,0.8,0.7,0.2,0.0,0.2,0.6,0.8,0.7,0.2,0.0,0.2,1.0
hill_valley,svm,GWO,cluster_12,0.6,0.8,0.7,0.2,0.0,0.2,0.6,0.8,0.7,0.2,0.0,0.2,3.0
hill_valley,svm,GWO,cluster_13,0.6,0.8,0.7,0.2,0.0,0.2,0.6,0.8,0.7,0.2,0.0,0.2,1.0
hill_valley,svm,GWO,cluster_14,0.6,0.8,0.7,0.2,0.0,0.2,0.6,0.8,0.7,0.2,0.0,0.2,11.0
hill_valley,svm,GWO,cluster_15,0.6,0.8,0.7,0.2,0.0,0.2,0.6,0.8,0.7,0.2,0.0,0.2,1.0
hill_valley,svm,GWO,cluster_16,0.6,0.8,0.7,0.2,0.0,0.2,0.6,0.8,0.7,0.2,0.0,0.2,2.0
hill_valley,svm,GWO,cluster_17,0.6,0.8,0.7,0.2,0.0,0.2,0.6,0.8,0.7,0.2,0.0,0.2,1.0
hill_valley,svm,GWO,cluster_18,0.6,0.8,0.7,0.2,0.0,0.2,0.6,0.8,0.7,0.2,0.0,0.2,1.0
hill_valley,svm,GWO,cluster_19,0.8,0.6,0.8,0.1,0.2,0.0,0.8,0.6,0.8,0.1,0.2,0.0,1.0
hill_valley,svm,PSO,cluster_0,0.6,0.8,0.7,0.2,0.0,0.2,0.6,0.8,0.7,0.2,0.0,0.2,1.0
hill_valley,svm,PSO,cluster_1,0.9,0.9,0.9,0.0,0.1,0.2,0.9,0.9,0.9,0.0,0.1,0.2,1.0
hill_valley,svm,PSO,cluster_2,0.9,0.9,0.9,0.0,0.1,0.2,0.9,0.9,0.9,0.0,0.1,0.2,1.0
hill_valley,svm,PSO,cluster_3,0.6,0.8,0.7,0.2,0.0,0.2,0.6,0.8,0.7,0.2,0.0,0.2,1.0
hill_valley,svm,PSO,cluster_4,0.9,0.9,0.9,0.0,0.1,0.2,0.9,0.9,0.9,0.0,0.1,0.2,1.0
hill_valley,svm,PSO,cluster_5,0.6,0.8,0.7,0.2,0.0,0.2,0.6,0.8,0.7,0.2,0.0,0.2,3.0
hill_valley,svm,PSO,cluster_6,0.6,0.8,0.7,0.2,0.0,0.2,0.6,0.8,0.7,0.2,0.0,0.2,2.0
hill_valley,svm,PSO,cluster_7,0.6,0.8,0.7,0.2,0.0,0.2,0.6,0.8,0.7,0.2,0.0,0.2,106.0
hill_valley,svm,PSO,cluster_8,0.6,0.8,0.7,0.2,0.0,0.2,0.6,0.8,0.7,0.2,0.0,0.2,3.0
hill_valley,svm,PSO,cluster_9,0.6,0.8,0.7,0.2,0.0,0.2,0.6,0.8,0.7,0.2,0.0,0.2,1.0
hill_valley,svm,PSO,cluster_10,0.9,0.9,0.9,0.0,0.1,0.2,0.9,0.9,0.9,0.0,0.1,0.2,3.0
hill_valley,svm,PSO,cluster_11,0.9,0.9,0.9,0.0,0.1,0.2,0.9,0.9,0.9,0.0,0.1,0.2,1.0
hill_valley,svm,PSO,cluster_12,0.6,0.8,0.7,0.2,0.0,0.2,0.6,0.8,0.7,0.2,0.0,0.2,3.0
hill_valley,svm,PSO,cluster_13,0.9,0.9,0.9,0.0,0.1,0.2,0.9,0.9,0.9,0.0,0.1,0.2,1.0
hill_valley,svm,PSO,cluster_14,0.6,0.8,0.7,0.2,0.0,0.2,0.6,0.8,0.7,0.2,0.0,0.2,11.0
hill_valley,svm,PSO,cluster_15,0.9,0.9,0.9,0.0,0.1,0.2,0.9,0.9,0.9,0.0,0.1,0.2,1.0
hill_valley,svm,PSO,cluster_16,0.6,0.8,0.7,0.2,0.0,0.2,0.6,0.8,0.7,0.2,0.0,0.2,2.0
hill_valley,svm,PSO,cluster_17,0.9,0.9,0.9,0.0,0.1,0.2,0.9,0.9,0.9,0.0,0.1,0.2,1.0
hill_valley,svm,PSO,cluster_18,0.6,0.8,0.7,0.2,0.0,0.2,0.6,0.8,0.7,0.2,0.0,0.2,1.0
hill_valley,svm,PSO,cluster_19,0.6,0.8,0.7,0.2,0.0,0.2,0.6,0.8,0.7,0.2,0.0,0.2,1.0
hill_valley,svm,WOA,cluster_0,0.9,0.9,0.9,0.0,0.1,0.2,0.9,0.9,0.9,0.0,0.1,0.2,1.0
hill_valley,svm,WOA,cluster_1,0.9,0.9,0.9,0.0,0.1,0.2,0.9,0.9,0.9,0.0,0.1,0.2,1.0
hill_valley,svm,WOA,cluster_2,0.9,0.8,0.9,0.2,0.3,0.0,0.9,0.8,0.9,0.2,0.3,0.0,1.0
hill_valley,svm,WOA,cluster_3,0.9,0.9,0.9,0.0,0.1,0.2,0.9,0.9,0.9,0.0,0.1,0.2,1.0
hill_valley,svm,WOA,cluster_4,0.9,0.9,0.9,0.0,0.1,0.2,0.9,0.9,0.9,0.0,0.1,0.2,1.0
hill_valley,svm,WOA,cluster_5,0.9,0.9,0.9,0.0,0.1,0.2,0.9,0.9,0.9,0.0,0.1,0.2,3.0
hill_valley,svm,WOA,cluster_6,0.9,0.9,0.9,0.0,0.1,0.2,0.9,0.9,0.9,0.0,0.1,0.2,2.0
hill_valley,svm,WOA,cluster_7,0.9,0.9,0.9,0.0,0.1,0.2,0.9,0.9,0.9,0.0,0.1,0.2,106.0
hill_valley,svm,WOA,cluster_8,0.9,0.9,0.9,0.0,0.1,0.2,0.9,0.9,0.9,0.0,0.1,0.2,3.0
hill_valley,svm,WOA,cluster_9,0.9,0.9,0.9,0.0,0.1,0.2,0.9,0.9,0.9,0.0,0.1,0.2,1.0
hill_valley,svm,WOA,cluster_10,0.9,0.9,0.9,0.0,0.1,0.2,0.9,0.9,0.9,0.0,0.1,0.2,3.0
hill_valley,svm,WOA,cluster_11,0.9,0.9,0.9,0.0,0.1,0.2,0.9,0.9,0.9,0.0,0.1,0.2,1.0
hill_valley,svm,WOA,cluster_12,0.9,0.8,0.9,0.2,0.3,0.0,0.9,0.8,0.9,0.2,0.3,0.0,3.0
hill_valley,svm,WOA,cluster_13,0.9,0.9,0.9,0.0,0.1,0.2,0.9,0.9,0.9,0.0,0.1,0.2,1.0
hill_valley,svm,WOA,cluster_14,0.9,0.8,0.9,0.2,0.3,0.0,0.9,0.8,0.9,0.2,0.3,0.0,11.0
hill_valley,svm,WOA,cluster_15,0.9,0.9,0.9,0.0,0.1,0.2,0.9,0.9,0.9,0.0,0.1,0.2,1.0
hill_valley,svm,WOA,cluster_16,0.9,0.9,0.9,0.0,0.1,0.2,0.9,0.9,0.9,0.0,0.1,0.2,2.0
hill_valley,svm,WOA,cluster_17,0.9,0.9,0.9,0.0,0.1,0.2,0.9,0.9,0.9,0.0,0.1,0.2,1.0
hill_valley,svm,WOA,cluster_18,0.9,0.9,0.9,0.0,0.1,0.2,0.9,0.9,0.9,0.0,0.1,0.2,1.0
hill_valley,svm,WOA,cluster_19,0.9,0.9,0.9,0.0,0.1,0.2,0.9,0.9,0.9,0.0,0.1,0.2,1.0
hill_valley,xgb,AP,cluster_0,0.4,0.5,0.8,0.0,0.1,0.1,0.3,0.4,0.8,0.0,0.0,0.1,1.0
hill_valley,xgb,AP,cluster_1,0.6,0.4,0.7,0.1,0.0,0.1,0.6,0.4,0.7,0.1,0.0,0.1,1.0
hill_valley,xgb,AP,cluster_2,0.4,0.5,0.5,0.1,0.0,0.0,0.4,0.5,0.5,0.1,0.0,0.0,1.0
hill_valley,xgb,AP,cluster_3,0.7,0.6,0.7,0.0,0.0,0.2,0.7,0.6,0.7,0.0,0.0,0.2,1.0
hill_valley,xgb,AP,cluster_4,0.3,0.3,0.9,0.2,0.1,0.4,0.3,0.3,0.9,0.2,0.1,0.4,1.0
hill_valley,xgb,AP,cluster_5,0.7,0.4,0.5,0.1,0.0,0.2,0.7,0.3,0.5,0.1,0.0,0.2,5.0
hill_valley,xgb,AP,cluster_6,0.6,0.7,0.7,0.1,0.2,0.1,0.5,0.6,0.7,0.1,0.1,0.1,1.0
hill_valley,xgb,AP,cluster_7,0.3,0.2,0.5,0.0,0.0,0.2,0.3,0.1,0.5,0.0,0.0,0.2,7.0
hill_valley,xgb,AP,cluster_8,0.4,0.5,0.9,0.1,0.1,0.6,0.4,0.5,0.9,0.1,0.1,0.6,1.0
hill_valley,xgb,AP,cluster_9,0.6,0.4,0.7,0.2,0.0,0.0,0.6,0.4,0.7,0.2,0.0,0.0,1.0
hill_valley,xgb,AP,cluster_10,0.4,0.2,0.4,0.0,0.0,0.2,0.4,0.2,0.4,0.0,0.0,0.2,1.0
hill_valley,xgb,AP,cluster_11,0.5,0.4,0.6,0.0,0.1,0.0,0.5,0.4,0.6,0.0,0.1,0.0,1.0
hill_valley,xgb,AP,cluster_12,0.4,0.4,0.7,0.0,0.0,0.0,0.4,0.4,0.7,0.0,0.0,0.0,1.0
hill_valley,xgb,AP,cluster_13,0.5,0.3,0.7,0.1,0.0,0.1,0.4,0.1,0.6,0.1,0.0,0.1,11.0
hill_valley,xgb,AP,cluster_14,0.2,0.4,0.6,0.0,0.0,0.1,0.2,0.4,0.6,0.0,0.0,0.1,1.0
hill_valley,xgb,AP,cluster_15,0.5,0.3,0.4,0.1,0.2,0.0,0.4,0.2,0.4,0.1,0.1,0.0,11.0
hill_valley,xgb,AP,cluster_16,0.5,0.5,0.7,0.0,0.0,0.0,0.5,0.5,0.7,0.0,0.0,0.0,1.0
hill_valley,xgb,AP,cluster_17,0.6,0.4,0.7,0.1,0.1,0.3,0.6,0.4,0.7,0.1,0.1,0.3,1.0
hill_valley,xgb,AP,cluster_18,0.3,0.3,0.9,0.2,0.1,0.4,0.3,0.3,0.9,0.2,0.1,0.4,1.0
hill_valley,xgb,AP,cluster_19,0.6,0.3,0.4,0.1,0.0,0.1,0.6,0.3,0.4,0.1,0.0,0.1,1.0
hill_valley,xgb,AP,cluster_20,0.6,0.5,0.9,0.1,0.0,0.0,0.6,0.5,0.9,0.1,0.0,0.0,1.0
hill_valley,xgb,AP,cluster_21,0.6,0.4,0.5,0.1,0.1,0.1,0.6,0.4,0.5,0.1,0.1,0.1,4.0
hill_valley,xgb,AP,cluster_22,0.7,0.5,0.8,0.1,0.0,0.0,0.7,0.5,0.8,0.1,0.0,0.0,1.0
hill_valley,xgb,AP,cluster_23,0.5,0.5,0.7,0.1,0.0,0.0,0.5,0.4,0.7,0.1,0.0,0.0,1.0
hill_valley,xgb,AP,cluster_24,0.5,0.5,0.6,0.2,0.1,0.1,0.5,0.5,0.6,0.2,0.1,0.1,1.0
hill_valley,xgb,AP,cluster_25,0.3,0.5,0.8,0.0,0.1,0.0,0.3,0.5,0.8,0.0,0.1,0.0,1.0
hill_valley,xgb,AP,cluster_26,0.5,0.4,0.4,0.0,0.1,0.3,0.5,0.4,0.4,0.0,0.1,0.3,1.0
hill_valley,xgb,AP,cluster_27,0.6,0.3,0.4,0.2,0.0,0.1,0.6,0.3,0.4,0.2,0.0,0.1,1.0
hill_valley,xgb,AP,cluster_28,0.3,0.4,0.7,0.0,0.0,0.1,0.3,0.4,0.7,0.0,0.0,0.1,1.0
hill_valley,xgb,AP,cluster_29,0.3,0.4,0.8,0.0,0.0,0.0,0.3,0.4,0.8,0.0,0.0,0.0,1.0
hill_valley,xgb,AP,cluster_30,0.4,0.5,0.6,0.1,0.0,0.0,0.4,0.5,0.6,0.1,0.0,0.0,1.0
hill_valley,xgb,AP,cluster_31,0.6,0.3,0.4,0.0,0.0,0.1,0.6,0.3,0.4,0.0,0.0,0.1,1.0
hill_valley,xgb,AP,cluster_32,0.6,0.4,0.4,0.1,0.2,0.2,0.5,0.3,0.4,0.1,0.1,0.2,5.0
hill_valley,xgb,AP,cluster_33,0.7,0.4,0.6,0.0,0.1,0.1,0.7,0.4,0.6,0.0,0.1,0.1,1.0
hill_valley,xgb,AP,cluster_34,0.7,0.4,0.6,0.0,0.1,0.1,0.7,0.4,0.6,0.0,0.1,0.1,1.0
hill_valley,xgb,AP,cluster_35,0.4,0.5,0.7,0.1,0.1,0.3,0.4,0.5,0.7,0.1,0.1,0.3,1.0
hill_valley,xgb,AP,cluster_36,0.7,0.5,0.6,0.2,0.0,0.1,0.7,0.5,0.6,0.2,0.0,0.1,1.0
hill_valley,xgb,AP,cluster_37,0.4,0.5,0.7,0.2,0.1,0.4,0.4,0.5,0.7,0.2,0.1,0.4,1.0
hill_valley,xgb,AP,cluster_38,0.5,0.4,0.7,0.1,0.1,0.1,0.5,0.4,0.7,0.1,0.1,0.1,1.0
hill_valley,xgb,AP,cluster_39,0.5,0.3,0.4,0.2,0.1,0.2,0.4,0.2,0.4,0.2,0.1,0.2,1.0
hill_valley,xgb,AP,cluster_40,0.6,0.6,0.7,0.0,0.0,0.3,0.6,0.5,0.7,0.0,0.0,0.3,1.0
hill_valley,xgb,AP,cluster_41,0.5,0.5,0.6,0.1,0.0,0.2,0.5,0.2,0.6,0.1,0.0,0.2,6.0
hill_valley,xgb,AP,cluster_42,0.5,0.3,0.4,0.1,0.1,0.0,0.5,0.2,0.4,0.1,0.1,0.0,1.0
hill_valley,xgb,AP,cluster_43,0.4,0.5,0.7,0.1,0.0,0.1,0.4,0.5,0.7,0.1,0.0,0.1,1.0
hill_valley,xgb,AP,cluster_44,0.3,0.4,0.7,0.0,0.0,0.1,0.3,0.4,0.7,0.0,0.0,0.1,2.0
hill_valley,xgb,AP,cluster_45,0.7,0.6,0.8,0.0,0.0,0.0,0.7,0.6,0.8,0.0,0.0,0.0,1.0
hill_valley,xgb,AP,cluster_46,0.7,0.4,0.7,0.1,0.0,0.1,0.7,0.4,0.7,0.1,0.0,0.1,1.0
hill_valley,xgb,AP,cluster_47,0.4,0.2,0.4,0.1,0.0,0.1,0.4,0.2,0.4,0.1,0.0,0.1,1.0
hill_valley,xgb,AP,cluster_48,0.4,0.6,0.8,0.0,0.0,0.2,0.4,0.5,0.8,0.0,0.0,0.2,1.0
hill_valley,xgb,AP,cluster_49,0.6,0.3,0.4,0.0,0.1,0.0,0.6,0.3,0.4,0.0,0.1,0.0,1.0
hill_valley,xgb,AP,cluster_50,0.5,0.2,0.6,0.1,0.0,0.2,0.5,0.2,0.6,0.1,0.0,0.2,1.0
hill_valley,xgb,AP,cluster_51,0.7,0.6,0.9,0.1,0.0,0.1,0.7,0.6,0.9,0.1,0.0,0.1,1.0
hill_valley,xgb,AP,cluster_52,0.3,0.2,0.4,0.0,0.0,0.2,0.3,0.2,0.4,0.0,0.0,0.2,1.0
hill_valley,xgb,AP,cluster_53,0.6,0.4,0.7,0.1,0.0,0.1,0.6,0.4,0.7,0.1,0.0,0.1,1.0
hill_valley,xgb,AP,cluster_54,0.7,0.4,0.4,0.1,0.1,0.2,0.7,0.4,0.4,0.1,0.1,0.2,1.0
hill_valley,xgb,AP,cluster_55,0.3,0.4,0.6,0.0,0.0,0.0,0.3,0.4,0.6,0.0,0.0,0.0,1.0
hill_valley,xgb,AP,cluster_56,0.6,0.4,0.7,0.2,0.1,0.2,0.6,0.4,0.7,0.2,0.1,0.2,2.0
hill_valley,xgb,AP,cluster_57,0.6,0.7,0.8,0.1,0.1,0.2,0.6,0.7,0.8,0.1,0.1,0.2,1.0
hill_valley,xgb,AP,cluster_58,0.7,0.3,0.6,0.1,0.1,0.1,0.7,0.3,0.6,0.1,0.1,0.1,1.0
hill_valley,xgb,AP,cluster_59,0.5,0.3,0.6,0.1,0.0,0.1,0.5,0.3,0.6,0.1,0.0,0.1,1.0
hill_valley,xgb,AP,cluster_60,0.7,0.4,0.6,0.2,0.0,0.0,0.7,0.4,0.6,0.2,0.0,0.0,1.0
hill_valley,xgb,AP,cluster_61,0.6,0.3,0.5,0.4,0.0,0.0,0.6,0.2,0.4,0.4,0.0,0.0,14.0
hill_valley,xgb,AP,cluster_62,0.6,0.5,0.7,0.2,0.1,0.3,0.6,0.5,0.7,0.2,0.1,0.3,1.0
hill_valley,xgb,AP,cluster_63,0.4,0.5,0.7,0.1,0.0,0.1,0.3,0.4,0.7,0.1,0.0,0.1,1.0
hill_valley,xgb,AP,cluster_64,0.6,0.4,0.4,0.0,0.0,0.2,0.6,0.4,0.4,0.0,0.0,0.2,1.0
hill_valley,xgb,AP,cluster_65,0.7,0.4,0.7,0.1,0.1,0.0,0.7,0.4,0.7,0.1,0.1,0.0,1.0
hill_valley,xgb,AP,cluster_66,0.4,0.5,0.7,0.1,0.0,0.1,0.4,0.5,0.7,0.1,0.0,0.1,1.0
hill_valley,xgb,AP,cluster_67,0.6,0.4,0.7,0.1,0.1,0.0,0.6,0.4,0.7,0.1,0.1,0.0,1.0
hill_valley,xgb,AP,cluster_68,0.5,0.2,0.4,0.1,0.0,0.0,0.5,0.2,0.4,0.1,0.0,0.0,1.0
hill_valley,xgb,AP,cluster_69,0.6,0.5,0.7,0.0,0.0,0.0,0.6,0.5,0.7,0.0,0.0,0.0,1.0
hill_valley,xgb,AP,cluster_70,0.6,0.2,0.4,0.1,0.1,0.0,0.6,0.2,0.4,0.1,0.1,0.0,1.0
hill_valley,xgb,AP,cluster_71,0.5,0.7,0.8,0.2,0.0,0.0,0.5,0.7,0.8,0.2,0.0,0.0,2.0
hill_valley,xgb,AP,cluster_72,0.6,0.3,0.4,0.2,0.0,0.1,0.6,0.3,0.4,0.2,0.0,0.1,1.0
hill_valley,xgb,AP,cluster_73,0.7,0.5,0.7,0.2,0.0,0.1,0.7,0.5,0.7,0.2,0.0,0.1,1.0
hill_valley,xgb,AP,cluster_74,0.6,0.4,0.7,0.1,0.0,0.1,0.6,0.4,0.7,0.1,0.0,0.1,1.0
hill_valley,xgb,AP,cluster_75,0.3,0.2,0.5,0.0,0.0,0.2,0.3,0.2,0.5,0.0,0.0,0.2,1.0
hill_valley,xgb,AP,cluster_76,0.5,0.6,0.7,0.1,0.1,0.3,0.5,0.6,0.7,0.1,0.1,0.3,1.0
hill_valley,xgb,AP,cluster_77,0.6,0.6,0.7,0.0,0.0,0.3,0.6,0.5,0.7,0.0,0.0,0.3,1.0
hill_valley,xgb,AP,cluster_78,0.6,0.6,0.7,0.0,0.0,0.3,0.6,0.5,0.7,0.0,0.0,0.3,1.0
hill_valley,xgb,AP,cluster_79,0.5,0.4,0.4,0.0,0.0,0.1,0.5,0.4,0.4,0.0,0.0,0.1,1.0
hill_valley,xgb,AP,cluster_80,0.4,0.3,0.5,0.1,0.0,0.1,0.4,0.2,0.5,0.1,0.0,0.1,1.0
hill_valley,xgb,AP,cluster_81,0.6,0.3,0.6,0.1,0.0,0.2,0.6,0.3,0.6,0.1,0.0,0.2,1.0
hill_valley,xgb,AP,cluster_82,0.7,0.5,0.7,0.1,0.0,0.0,0.7,0.5,0.7,0.1,0.0,0.0,1.0
hill_valley,xgb,AP,cluster_83,0.4,0.4,0.6,0.1,0.0,0.0,0.4,0.4,0.6,0.1,0.0,0.0,1.0
hill_valley,xgb,AP,cluster_84,0.5,0.2,0.4,0.1,0.1,0.0,0.5,0.2,0.4,0.1,0.1,0.0,1.0
hill_valley,xgb,AP,cluster_85,0.7,0.4,0.6,0.1,0.1,0.1,0.7,0.3,0.6,0.1,0.1,0.1,1.0
hill_valley,xgb,AP,cluster_86,0.4,0.7,0.7,0.3,0.2,0.2,0.4,0.7,0.7,0.3,0.2,0.2,1.0
hill_valley,xgb,AP,cluster_87,0.7,0.5,0.8,0.2,0.0,0.1,0.7,0.5,0.8,0.2,0.0,0.1,1.0
hill_valley,xgb,AP,cluster_88,0.5,0.3,0.6,0.2,0.0,0.0,0.5,0.3,0.6,0.2,0.0,0.0,1.0
hill_valley,xgb,AP,cluster_89,0.6,0.4,0.4,0.1,0.2,0.1,0.6,0.4,0.4,0.1,0.2,0.1,1.0
hill_valley,xgb,EvoCluster_PSO,cluster_0,0.4,0.5,0.7,0.1,0.0,0.1,0.3,0.4,0.7,0.1,0.0,0.1,1.0
hill_valley,xgb,EvoCluster_PSO,cluster_1,0.4,0.5,0.7,0.1,0.0,0.1,0.4,0.5,0.7,0.1,0.0,0.1,1.0
hill_valley,xgb,EvoCluster_PSO,cluster_2,0.4,0.5,0.7,0.1,0.0,0.1,0.3,0.4,0.7,0.1,0.0,0.1,1.0
hill_valley,xgb,EvoCluster_PSO,cluster_3,0.4,0.5,0.7,0.1,0.0,0.1,0.4,0.5,0.7,0.1,0.0,0.1,1.0
hill_valley,xgb,EvoCluster_PSO,cluster_4,0.4,0.5,0.7,0.1,0.0,0.1,0.3,0.4,0.7,0.1,0.0,0.1,1.0
hill_valley,xgb,EvoCluster_PSO,cluster_5,0.4,0.5,0.7,0.1,0.0,0.1,0.4,0.5,0.7,0.1,0.0,0.1,5.0
hill_valley,xgb,EvoCluster_PSO,cluster_6,0.4,0.5,0.7,0.1,0.0,0.1,0.3,0.4,0.7,0.1,0.0,0.1,1.0
hill_valley,xgb,EvoCluster_PSO,cluster_7,0.4,0.5,0.7,0.1,0.0,0.1,0.4,0.5,0.7,0.1,0.0,0.1,7.0
hill_valley,xgb,EvoCluster_PSO,cluster_8,0.4,0.5,0.7,0.1,0.0,0.1,0.3,0.4,0.7,0.1,0.0,0.1,1.0
hill_valley,xgb,EvoCluster_PSO,cluster_9,0.4,0.5,0.6,0.1,0.0,0.0,0.4,0.5,0.6,0.1,0.0,0.0,1.0
hill_valley,xgb,EvoCluster_PSO,cluster_10,0.4,0.5,0.6,0.1,0.0,0.0,0.4,0.5,0.6,0.1,0.0,0.0,1.0
hill_valley,xgb,EvoCluster_PSO,cluster_11,0.6,0.7,0.7,0.1,0.2,0.1,0.5,0.6,0.7,0.1,0.1,0.1,1.0
hill_valley,xgb,EvoCluster_PSO,cluster_12,0.6,0.7,0.7,0.1,0.2,0.1,0.5,0.6,0.7,0.1,0.1,0.1,1.0
hill_valley,xgb,EvoCluster_PSO,cluster_13,0.6,0.7,0.7,0.1,0.2,0.1,0.5,0.6,0.7,0.1,0.1,0.1,11.0
hill_valley,xgb,EvoCluster_PSO,cluster_14,0.4,0.5,0.6,0.1,0.0,0.0,0.4,0.5,0.6,0.1,0.0,0.0,1.0
hill_valley,xgb,EvoCluster_PSO,cluster_15,0.4,0.5,0.7,0.1,0.0,0.1,0.3,0.4,0.7,0.1,0.0,0.1,11.0
hill_valley,xgb,EvoCluster_PSO,cluster_16,0.4,0.5,0.5,0.1,0.0,0.0,0.4,0.5,0.5,0.1,0.0,0.0,1.0
hill_valley,xgb,EvoCluster_PSO,cluster_17,0.4,0.5,0.7,0.1,0.0,0.1,0.3,0.4,0.7,0.1,0.0,0.1,1.0
hill_valley,xgb,EvoCluster_PSO,cluster_18,0.4,0.5,0.7,0.1,0.0,0.1,0.3,0.4,0.7,0.1,0.0,0.1,1.0
hill_valley,xgb,EvoCluster_PSO,cluster_19,0.4,0.5,0.5,0.1,0.0,0.0,0.4,0.5,0.5,0.1,0.0,0.0,1.0
hill_valley,xgb,GWO,cluster_0,0.4,0.5,0.6,0.1,0.0,0.0,0.4,0.5,0.6,0.1,0.0,0.0,1.0
hill_valley,xgb,GWO,cluster_1,0.4,0.5,0.6,0.1,0.0,0.0,0.4,0.5,0.6,0.1,0.0,0.0,1.0
hill_valley,xgb,GWO,cluster_2,0.4,0.5,0.7,0.1,0.0,0.1,0.3,0.4,0.7,0.1,0.0,0.1,1.0
hill_valley,xgb,GWO,cluster_3,0.4,0.5,0.7,0.1,0.0,0.1,0.3,0.4,0.7,0.1,0.0,0.1,1.0
hill_valley,xgb,GWO,cluster_4,0.4,0.5,0.7,0.1,0.0,0.1,0.4,0.5,0.7,0.1,0.0,0.1,1.0
hill_valley,xgb,GWO,cluster_5,0.4,0.5,0.7,0.1,0.0,0.1,0.4,0.5,0.7,0.1,0.0,0.1,5.0
hill_valley,xgb,GWO,cluster_6,0.6,0.7,0.7,0.1,0.2,0.1,0.5,0.6,0.7,0.1,0.1,0.1,1.0
hill_valley,xgb,GWO,cluster_7,0.4,0.5,0.7,0.1,0.0,0.1,0.4,0.5,0.7,0.1,0.0,0.1,7.0
hill_valley,xgb,GWO,cluster_8,0.4,0.5,0.7,0.1,0.0,0.1,0.3,0.4,0.7,0.1,0.0,0.1,1.0
hill_valley,xgb,GWO,cluster_9,0.4,0.5,0.7,0.1,0.0,0.1,0.3,0.4,0.7,0.1,0.0,0.1,1.0
hill_valley,xgb,GWO,cluster_10,0.4,0.5,0.7,0.1,0.0,0.1,0.3,0.4,0.7,0.1,0.0,0.1,1.0
hill_valley,xgb,GWO,cluster_11,0.6,0.7,0.7,0.1,0.2,0.1,0.5,0.6,0.7,0.1,0.1,0.1,1.0
hill_valley,xgb,GWO,cluster_12,0.4,0.5,0.7,0.1,0.0,0.1,0.3,0.4,0.7,0.1,0.0,0.1,1.0
hill_valley,xgb,GWO,cluster_13,0.4,0.5,0.7,0.1,0.0,0.1,0.3,0.4,0.7,0.1,0.0,0.1,11.0
hill_valley,xgb,GWO,cluster_14,0.4,0.5,0.7,0.1,0.0,0.1,0.3,0.4,0.7,0.1,0.0,0.1,1.0
hill_valley,xgb,GWO,cluster_15,0.4,0.5,0.7,0.1,0.0,0.1,0.4,0.5,0.7,0.1,0.0,0.1,11.0
hill_valley,xgb,GWO,cluster_16,0.4,0.5,0.7,0.1,0.0,0.1,0.3,0.4,0.7,0.1,0.0,0.1,1.0
hill_valley,xgb,GWO,cluster_17,0.4,0.5,0.7,0.1,0.0,0.1,0.4,0.5,0.7,0.1,0.0,0.1,1.0
hill_valley,xgb,GWO,cluster_18,0.4,0.5,0.7,0.1,0.0,0.1,0.3,0.4,0.7,0.1,0.0,0.1,1.0
hill_valley,xgb,GWO,cluster_19,0.6,0.7,0.7,0.1,0.2,0.1,0.5,0.6,0.7,0.1,0.1,0.1,1.0
hill_valley,xgb,PSO,cluster_0,0.6,0.7,0.7,0.1,0.2,0.1,0.5,0.6,0.7,0.1,0.1,0.1,1.0
hill_valley,xgb,PSO,cluster_1,0.4,0.5,0.7,0.1,0.0,0.1,0.4,0.5,0.7,0.1,0.0,0.1,1.0
hill_valley,xgb,PSO,cluster_2,0.4,0.5,0.7,0.1,0.0,0.1,0.4,0.5,0.7,0.1,0.0,0.1,1.0
hill_valley,xgb,PSO,cluster_3,0.4,0.5,0.7,0.1,0.0,0.1,0.3,0.4,0.7,0.1,0.0,0.1,1.0
hill_valley,xgb,PSO,cluster_4,0.6,0.7,0.7,0.1,0.2,0.1,0.5,0.6,0.7,0.1,0.1,0.1,1.0
hill_valley,xgb,PSO,cluster_5,0.4,0.5,0.7,0.1,0.0,0.1,0.4,0.5,0.7,0.1,0.0,0.1,5.0
hill_valley,xgb,PSO,cluster_6,0.6,0.7,0.7,0.1,0.2,0.1,0.5,0.6,0.7,0.1,0.1,0.1,1.0
hill_valley,xgb,PSO,cluster_7,0.6,0.7,0.7,0.1,0.2,0.1,0.5,0.6,0.7,0.1,0.1,0.1,7.0
hill_valley,xgb,PSO,cluster_8,0.4,0.5,0.7,0.1,0.0,0.1,0.4,0.5,0.7,0.1,0.0,0.1,1.0
hill_valley,xgb,PSO,cluster_9,0.4,0.5,0.7,0.1,0.0,0.1,0.3,0.4,0.7,0.1,0.0,0.1,1.0
hill_valley,xgb,PSO,cluster_10,0.6,0.7,0.7,0.1,0.2,0.1,0.5,0.6,0.7,0.1,0.1,0.1,1.0
hill_valley,xgb,PSO,cluster_11,0.4,0.5,0.7,0.1,0.0,0.1,0.4,0.5,0.7,0.1,0.0,0.1,1.0
hill_valley,xgb,PSO,cluster_12,0.4,0.5,0.7,0.1,0.0,0.1,0.3,0.4,0.7,0.1,0.0,0.1,1.0
hill_valley,xgb,PSO,cluster_13,0.4,0.5,0.7,0.1,0.0,0.1,0.3,0.4,0.7,0.1,0.0,0.1,11.0
hill_valley,xgb,PSO,cluster_14,0.4,0.5,0.7,0.1,0.0,0.1,0.3,0.4,0.7,0.1,0.0,0.1,1.0
hill_valley,xgb,PSO,cluster_15,0.4,0.5,0.7,0.1,0.0,0.1,0.3,0.4,0.7,0.1,0.0,0.1,11.0
hill_valley,xgb,PSO,cluster_16,0.4,0.5,0.7,0.1,0.0,0.1,0.3,0.4,0.7,0.1,0.0,0.1,1.0
hill_valley,xgb,PSO,cluster_17,0.6,0.7,0.7,0.1,0.2,0.1,0.5,0.6,0.7,0.1,0.1,0.1,1.0
hill_valley,xgb,PSO,cluster_18,0.4,0.5,0.7,0.1,0.0,0.1,0.4,0.5,0.7,0.1,0.0,0.1,1.0
hill_valley,xgb,PSO,cluster_19,0.6,0.7,0.7,0.1,0.2,0.1,0.5,0.6,0.7,0.1,0.1,0.1,1.0
hill_valley,xgb,WOA,cluster_0,0.3,0.4,0.8,0.0,0.0,0.0,0.3,0.4,0.8,0.0,0.0,0.0,1.0
hill_valley,xgb,WOA,cluster_1,0.3,0.4,0.8,0.0,0.0,0.0,0.3,0.4,0.8,0.0,0.0,0.0,1.0
hill_valley,xgb,WOA,cluster_2,0.3,0.4,0.8,0.0,0.0,0.0,0.3,0.4,0.8,0.0,0.0,0.0,1.0
hill_valley,xgb,WOA,cluster_3,0.3,0.4,0.8,0.0,0.0,0.0,0.3,0.4,0.8,0.0,0.0,0.0,1.0
hill_valley,xgb,WOA,cluster_4,0.3,0.4,0.8,0.0,0.0,0.0,0.3,0.4,0.8,0.0,0.0,0.0,1.0
hill_valley,xgb,WOA,cluster_5,0.3,0.4,0.8,0.0,0.0,0.0,0.3,0.4,0.8,0.0,0.0,0.0,5.0
hill_valley,xgb,WOA,cluster_6,0.3,0.4,0.8,0.0,0.0,0.0,0.3,0.4,0.8,0.0,0.0,0.0,1.0
hill_valley,xgb,WOA,cluster_7,0.3,0.4,0.8,0.0,0.0,0.0,0.3,0.4,0.8,0.0,0.0,0.0,7.0
hill_valley,xgb,WOA,cluster_8,0.3,0.4,0.8,0.0,0.0,0.0,0.3,0.4,0.8,0.0,0.0,0.0,1.0
hill_valley,xgb,WOA,cluster_9,0.3,0.4,0.8,0.0,0.0,0.0,0.3,0.4,0.8,0.0,0.0,0.0,1.0
hill_valley,xgb,WOA,cluster_10,0.3,0.4,0.8,0.0,0.0,0.0,0.3,0.4,0.8,0.0,0.0,0.0,1.0
hill_valley,xgb,WOA,cluster_11,0.3,0.4,0.8,0.0,0.0,0.0,0.3,0.4,0.8,0.0,0.0,0.0,1.0
hill_valley,xgb,WOA,cluster_12,0.3,0.4,0.8,0.0,0.0,0.0,0.3,0.4,0.8,0.0,0.0,0.0,1.0
hill_valley,xgb,WOA,cluster_13,0.3,0.4,0.8,0.0,0.0,0.0,0.3,0.4,0.8,0.0,0.0,0.0,11.0
hill_valley,xgb,WOA,cluster_14,0.3,0.4,0.8,0.0,0.0,0.0,0.3,0.4,0.8,0.0,0.0,0.0,1.0
hill_valley,xgb,WOA,cluster_15,0.3,0.4,0.8,0.0,0.0,0.0,0.3,0.4,0.8,0.0,0.0,0.0,11.0
hill_valley,xgb,WOA,cluster_16,0.3,0.4,0.8,0.0,0.0,0.0,0.3,0.4,0.8,0.0,0.0,0.0,1.0
hill_valley,xgb,WOA,cluster_17,0.3,0.4,0.8,0.0,0.0,0.0,0.3,0.4,0.8,0.0,0.0,0.0,1.0
hill_valley,xgb,WOA,cluster_18,0.3,0.4,0.8,0.0,0.0,0.0,0.3,0.4,0.8,0.0,0.0,0.0,1.0
hill_valley,xgb,WOA,cluster_19,0.3,0.4,0.8,0.0,0.0,0.0,0.3,0.4,0.8,0.0,0.0,0.0,1.0
horse-colic,rf,AP,cluster_0,0.75,0.5,0.625,0.625,0.25,0.25,0.75,0.5,0.625,0.625,0.25,0.25,1.0
horse-colic,rf,AP,cluster_1,0.875,0.5,0.625,0.375,0.25,0.25,0.875,0.5,0.5,0.375,0.25,0.25,12.0
horse-colic,rf,AP,cluster_2,1.0,0.625,0.625,0.25,0.25,0.25,1.0,0.625,0.625,0.25,0.25,0.25,2.0
horse-colic,rf,EvoCluster_PSO,cluster_0,0.875,0.625,0.625,0.25,0.0,0.25,0.875,0.625,0.625,0.25,0.0,0.25,1.0
horse-colic,rf,EvoCluster_PSO,cluster_1,0.875,0.75,0.75,0.75,0.25,0.25,0.875,0.75,0.75,0.75,0.25,0.25,12.0
horse-colic,rf,EvoCluster_PSO,cluster_2,0.875,0.5,0.625,0.375,0.125,0.125,0.875,0.5,0.5,0.375,0.125,0.125,2.0
horse-colic,rf,GWO,cluster_0,0.875,0.5,0.625,0.375,0.25,0.25,0.875,0.5,0.5,0.375,0.25,0.25,1.0
horse-colic,rf,GWO,cluster_1,0.625,0.625,0.75,0.25,0.125,0.25,0.625,0.625,0.75,0.25,0.125,0.25,12.0
horse-colic,rf,GWO,cluster_2,0.875,0.5,0.625,0.375,0.25,0.25,0.875,0.5,0.5,0.375,0.25,0.25,2.0
horse-colic,rf,PSO,cluster_0,0.75,0.625,0.875,0.375,0.125,0.25,0.75,0.625,0.75,0.375,0.125,0.25,1.0
horse-colic,rf,PSO,cluster_1,0.625,0.625,0.75,0.25,0.125,0.25,0.625,0.625,0.75,0.25,0.125,0.25,12.0
horse-colic,rf,PSO,cluster_2,0.875,0.75,0.75,0.75,0.25,0.25,0.875,0.75,0.75,0.75,0.25,0.25,2.0
horse-colic,rf,WOA,cluster_0,0.875,0.5,0.625,0.375,0.125,0.125,0.875,0.5,0.5,0.375,0.125,0.125,1.0
horse-colic,rf,WOA,cluster_1,0.875,0.5,0.625,0.375,0.125,0.125,0.875,0.5,0.5,0.375,0.125,0.125,12.0
horse-colic,rf,WOA,cluster_2,0.875,0.5,0.625,0.375,0.125,0.125,0.875,0.5,0.5,0.375,0.125,0.125,2.0
horse-colic,svm,AP,cluster_0,0.875,0.5,0.625,0.875,0.25,0.25,0.875,0.5,0.625,0.875,0.25,0.25,1.0
horse-colic,svm,AP,cluster_1,1.0,0.75,0.75,0.375,0.375,0.125,1.0,0.75,0.75,0.375,0.375,0.125,1.0
horse-colic,svm,AP,cluster_2,1.0,0.75,0.75,0.5,0.125,0.125,1.0,0.625,0.625,0.5,0.125,0.125,15.0
horse-colic,svm,AP,cluster_3,1.0,0.5,0.5,1.0,0.25,0.25,1.0,0.5,0.5,1.0,0.25,0.25,3.0
horse-colic,svm,EvoCluster_PSO,cluster_0,1.0,0.75,0.75,1.0,0.125,0.125,1.0,0.75,0.75,1.0,0.125,0.125,1.0
horse-colic,svm,EvoCluster_PSO,cluster_1,1.0,0.75,0.75,0.5,0.25,0.25,1.0,0.75,0.75,0.5,0.25,0.25,1.0
horse-colic,svm,EvoCluster_PSO,cluster_2,1.0,0.75,0.75,0.5,0.25,0.25,1.0,0.75,0.75,0.5,0.25,0.25,15.0
horse-colic,svm,EvoCluster_PSO,cluster_3,0.875,0.75,0.75,0.875,0.125,0.125,0.875,0.75,0.75,0.875,0.125,0.125,3.0
horse-colic,svm,GWO,cluster_0,1.0,0.5,0.5,1.0,0.25,0.25,1.0,0.5,0.5,1.0,0.25,0.25,1.0
horse-colic,svm,GWO,cluster_1,0.875,0.5,0.625,0.875,0.25,0.25,0.875,0.5,0.625,0.875,0.25,0.25,1.0
horse-colic,svm,GWO,cluster_2,0.875,0.75,0.625,0.625,0.125,0.125,0.875,0.75,0.625,0.625,0.125,0.125,15.0
horse-colic,svm,GWO,cluster_3,0.875,0.75,0.625,0.75,0.125,0.125,0.875,0.75,0.625,0.75,0.125,0.125,3.0
horse-colic,svm,PSO,cluster_0,0.875,0.625,0.625,0.75,0.125,0.125,0.875,0.5,0.5,0.75,0.125,0.125,1.0
horse-colic,svm,PSO,cluster_1,0.875,0.75,0.625,0.75,0.125,0.125,0.875,0.75,0.625,0.75,0.125,0.125,1.0
horse-colic,svm,PSO,cluster_2,0.875,0.75,0.625,0.75,0.125,0.125,0.875,0.75,0.625,0.75,0.125,0.125,15.0
horse-colic,svm,PSO,cluster_3,1.0,0.5,0.5,0.75,0.125,0.25,1.0,0.5,0.5,0.75,0.125,0.25,3.0
horse-colic,svm,WOA,cluster_0,1.0,0.75,0.75,1.0,0.375,0.375,1.0,0.75,0.75,1.0,0.375,0.375,1.0
horse-colic,svm,WOA,cluster_1,0.875,0.75,0.625,0.75,0.125,0.125,0.875,0.75,0.625,0.75,0.125,0.125,1.0
horse-colic,svm,WOA,cluster_2,1.0,0.75,0.75,0.625,0.125,0.125,1.0,0.75,0.75,0.625,0.125,0.125,15.0
horse-colic,svm,WOA,cluster_3,0.875,0.5,0.5,0.875,0.375,0.375,0.875,0.5,0.5,0.875,0.375,0.375,3.0
horse-colic,xgb,AP,cluster_0,0.625,0.5,0.5,0.0,0.0,0.25,0.5,0.375,0.5,0.0,0.0,0.25,1.0
horse-colic,xgb,AP,cluster_1,0.875,0.625,0.75,0.375,0.125,0.25,0.875,0.625,0.75,0.375,0.125,0.25,14.0
horse-colic,xgb,EvoCluster_PSO,cluster_0,0.875,0.5,0.5,0.25,0.0,0.0,0.875,0.5,0.5,0.25,0.0,0.0,1.0
horse-colic,xgb,EvoCluster_PSO,cluster_1,0.875,0.75,0.875,0.25,0.0,0.125,0.875,0.625,0.625,0.25,0.0,0.125,14.0
horse-colic,xgb,GWO,cluster_0,0.875,0.625,0.625,0.5,0.125,0.0,0.875,0.625,0.625,0.5,0.125,0.0,1.0
horse-colic,xgb,GWO,cluster_1,0.625,0.5,0.5,0.0,0.0,0.25,0.5,0.375,0.5,0.0,0.0,0.25,14.0
horse-colic,xgb,PSO,cluster_0,0.875,0.75,0.875,0.25,0.0,0.125,0.875,0.625,0.625,0.25,0.0,0.125,1.0
horse-colic,xgb,PSO,cluster_1,0.875,0.625,0.75,0.375,0.125,0.25,0.875,0.625,0.75,0.375,0.125,0.25,14.0
horse-colic,xgb,WOA,cluster_0,0.75,0.75,1.0,0.25,0.0,0.125,0.75,0.75,0.875,0.25,0.0,0.125,1.0
horse-colic,xgb,WOA,cluster_1,0.75,0.75,1.0,0.25,0.0,0.125,0.75,0.75,0.875,0.25,0.0,0.125,14.0
isolet_bin,xgb,AP,cluster_0,1.0,0.5,0.5,0.6,0.2,0.4,1.0,0.5,0.5,0.6,0.2,0.4,
isolet_bin,xgb,AP,cluster_1,0.8,0.6,0.6,0.2,0.2,0.3,0.8,0.5,0.5,0.2,0.2,0.2,
isolet_bin,xgb,EvoCluster_PSO,cluster_0,0.9,0.6,0.6,0.0,0.1,0.1,0.9,0.4,0.4,0.0,0.0,0.1,
isolet_bin,xgb,EvoCluster_PSO,cluster_1,0.9,0.6,0.6,0.0,0.1,0.1,0.9,0.4,0.4,0.0,0.0,0.1,
isolet_bin,xgb,GWO,cluster_0,0.9,0.6,0.6,0.0,0.1,0.1,0.9,0.4,0.4,0.0,0.0,0.1,
isolet_bin,xgb,GWO,cluster_1,0.9,0.6,0.6,0.0,0.1,0.1,0.9,0.4,0.4,0.0,0.0,0.1,
isolet_bin,xgb,PSO,cluster_0,0.9,0.6,0.6,0.0,0.1,0.1,0.9,0.4,0.4,0.0,0.0,0.1,
isolet_bin,xgb,PSO,cluster_1,0.9,0.6,0.6,0.0,0.1,0.1,0.9,0.4,0.4,0.0,0.0,0.1,
isolet_bin,xgb,WOA,cluster_0,0.9,0.6,0.6,0.0,0.1,0.1,0.9,0.4,0.4,0.0,0.0,0.1,
isolet_bin,xgb,WOA,cluster_1,0.9,0.6,0.6,0.0,0.1,0.1,0.9,0.4,0.4,0.0,0.0,0.1,
kc1,rf,AP,cluster_0,0.5,0.3333333333333333,0.6666666666666666,0.0,0.16666666666666666,0.0,0.5,0.3333333333333333,0.6666666666666666,0.0,0.16666666666666666,0.0,1.0
kc1,rf,AP,cluster_1,0.3333333333333333,0.3333333333333333,0.5,0.0,0.16666666666666666,0.0,0.3333333333333333,0.3333333333333333,0.5,0.0,0.16666666666666666,0.0,1.0
kc1,rf,AP,cluster_2,0.3333333333333333,0.3333333333333333,0.5,0.16666666666666666,0.16666666666666666,0.16666666666666666,0.3333333333333333,0.3333333333333333,0.5,0.16666666666666666,0.16666666666666666,0.16666666666666666,11.0
kc1,rf,AP,cluster_3,0.3333333333333333,0.3333333333333333,0.5,0.0,0.16666666666666666,0.0,0.3333333333333333,0.3333333333333333,0.5,0.0,0.16666666666666666,0.0,9.0
kc1,rf,AP,cluster_4,0.6666666666666666,0.5,0.5,0.3333333333333333,0.16666666666666666,0.0,0.6666666666666666,0.3333333333333333,0.5,0.3333333333333333,0.0,0.0,4.0
kc1,rf,AP,cluster_5,0.16666666666666666,0.3333333333333333,0.3333333333333333,0.16666666666666666,0.0,0.0,0.16666666666666666,0.3333333333333333,0.3333333333333333,0.16666666666666666,0.0,0.0,1.0
kc1,rf,AP,cluster_6,0.5,0.3333333333333333,0.6666666666666666,0.16666666666666666,0.0,0.16666666666666666,0.3333333333333333,0.3333333333333333,0.6666666666666666,0.16666666666666666,0.0,0.16666666666666666,3.0
kc1,rf,AP,cluster_7,0.6666666666666666,0.3333333333333333,0.6666666666666666,0.16666666666666666,0.16666666666666666,0.0,0.6666666666666666,0.3333333333333333,0.6666666666666666,0.16666666666666666,0.16666666666666666,0.0,8.0
kc1,rf,AP,cluster_8,0.5,0.3333333333333333,0.5,0.16666666666666666,0.16666666666666666,0.0,0.5,0.3333333333333333,0.5,0.16666666666666666,0.16666666666666666,0.0,2.0
kc1,rf,AP,cluster_9,0.3333333333333333,0.6666666666666666,0.5,0.0,0.3333333333333333,0.16666666666666666,0.16666666666666666,0.3333333333333333,0.5,0.0,0.0,0.16666666666666666,21.0
kc1,rf,AP,cluster_10,0.3333333333333333,0.16666666666666666,0.3333333333333333,0.0,0.0,0.0,0.3333333333333333,0.16666666666666666,0.16666666666666666,0.0,0.0,0.0,25.0
kc1,rf,EvoCluster_PSO,cluster_0,0.5,0.16666666666666666,0.3333333333333333,0.16666666666666666,0.16666666666666666,0.0,0.5,0.16666666666666666,0.3333333333333333,0.16666666666666666,0.16666666666666666,0.0,1.0
kc1,rf,EvoCluster_PSO,cluster_1,0.16666666666666666,0.3333333333333333,0.3333333333333333,0.16666666666666666,0.0,0.0,0.16666666666666666,0.3333333333333333,0.3333333333333333,0.16666666666666666,0.0,0.0,1.0
kc1,rf,EvoCluster_PSO,cluster_2,0.5,0.3333333333333333,0.5,0.16666666666666666,0.16666666666666666,0.0,0.5,0.3333333333333333,0.5,0.16666666666666666,0.16666666666666666,0.0,11.0
kc1,rf,EvoCluster_PSO,cluster_3,0.5,0.3333333333333333,0.5,0.16666666666666666,0.16666666666666666,0.0,0.5,0.3333333333333333,0.5,0.16666666666666666,0.16666666666666666,0.0,9.0
kc1,rf,EvoCluster_PSO,cluster_4,0.16666666666666666,0.3333333333333333,0.3333333333333333,0.16666666666666666,0.0,0.0,0.16666666666666666,0.3333333333333333,0.3333333333333333,0.16666666666666666,0.0,0.0,4.0
kc1,rf,EvoCluster_PSO,cluster_5,0.5,0.16666666666666666,0.3333333333333333,0.16666666666666666,0.16666666666666666,0.0,0.5,0.16666666666666666,0.3333333333333333,0.16666666666666666,0.16666666666666666,0.0,1.0
kc1,rf,EvoCluster_PSO,cluster_6,0.5,0.3333333333333333,0.5,0.16666666666666666,0.16666666666666666,0.0,0.5,0.3333333333333333,0.5,0.16666666666666666,0.16666666666666666,0.0,3.0
kc1,rf,EvoCluster_PSO,cluster_7,0.5,0.3333333333333333,0.6666666666666666,0.0,0.16666666666666666,0.0,0.5,0.3333333333333333,0.6666666666666666,0.0,0.16666666666666666,0.0,8.0
kc1,rf,EvoCluster_PSO,cluster_8,0.16666666666666666,0.3333333333333333,0.3333333333333333,0.16666666666666666,0.0,0.0,0.16666666666666666,0.3333333333333333,0.3333333333333333,0.16666666666666666,0.0,0.0,2.0
kc1,rf,EvoCluster_PSO,cluster_9,0.5,0.3333333333333333,0.5,0.16666666666666666,0.16666666666666666,0.0,0.5,0.3333333333333333,0.5,0.16666666666666666,0.16666666666666666,0.0,21.0
kc1,rf,EvoCluster_PSO,cluster_10,0.5,0.3333333333333333,0.6666666666666666,0.0,0.16666666666666666,0.0,0.5,0.3333333333333333,0.6666666666666666,0.0,0.16666666666666666,0.0,25.0
kc1,rf,GWO,cluster_0,0.5,0.3333333333333333,0.6666666666666666,0.0,0.16666666666666666,0.0,0.5,0.3333333333333333,0.6666666666666666,0.0,0.16666666666666666,0.0,1.0
kc1,rf,GWO,cluster_1,0.5,0.3333333333333333,0.6666666666666666,0.0,0.16666666666666666,0.0,0.5,0.3333333333333333,0.6666666666666666,0.0,0.16666666666666666,0.0,1.0
kc1,rf,GWO,cluster_2,0.5,0.3333333333333333,0.5,0.16666666666666666,0.16666666666666666,0.0,0.5,0.3333333333333333,0.5,0.16666666666666666,0.16666666666666666,0.0,11.0
kc1,rf,GWO,cluster_3,0.5,0.3333333333333333,0.6666666666666666,0.0,0.16666666666666666,0.0,0.5,0.3333333333333333,0.6666666666666666,0.0,0.16666666666666666,0.0,9.0
kc1,rf,GWO,cluster_4,0.16666666666666666,0.3333333333333333,0.3333333333333333,0.16666666666666666,0.0,0.0,0.16666666666666666,0.3333333333333333,0.3333333333333333,0.16666666666666666,0.0,0.0,4.0
kc1,rf,GWO,cluster_5,0.5,0.16666666666666666,0.3333333333333333,0.16666666666666666,0.16666666666666666,0.0,0.5,0.16666666666666666,0.3333333333333333,0.16666666666666666,0.16666666666666666,0.0,1.0
kc1,rf,GWO,cluster_6,0.16666666666666666,0.3333333333333333,0.3333333333333333,0.16666666666666666,0.0,0.0,0.16666666666666666,0.3333333333333333,0.3333333333333333,0.16666666666666666,0.0,0.0,3.0
kc1,rf,GWO,cluster_7,0.3333333333333333,0.3333333333333333,0.5,0.0,0.16666666666666666,0.0,0.3333333333333333,0.3333333333333333,0.5,0.0,0.16666666666666666,0.0,8.0
kc1,rf,GWO,cluster_8,0.16666666666666666,0.3333333333333333,0.3333333333333333,0.16666666666666666,0.0,0.0,0.16666666666666666,0.3333333333333333,0.3333333333333333,0.16666666666666666,0.0,0.0,2.0
kc1,rf,GWO,cluster_9,0.5,0.3333333333333333,0.5,0.16666666666666666,0.16666666666666666,0.0,0.5,0.3333333333333333,0.5,0.16666666666666666,0.16666666666666666,0.0,21.0
kc1,rf,GWO,cluster_10,0.5,0.3333333333333333,0.5,0.16666666666666666,0.16666666666666666,0.0,0.5,0.3333333333333333,0.5,0.16666666666666666,0.16666666666666666,0.0,25.0
kc1,rf,PSO,cluster_0,0.5,0.3333333333333333,0.5,0.16666666666666666,0.16666666666666666,0.0,0.5,0.3333333333333333,0.5,0.16666666666666666,0.16666666666666666,0.0,1.0
kc1,rf,PSO,cluster_1,0.5,0.3333333333333333,0.5,0.16666666666666666,0.16666666666666666,0.0,0.5,0.3333333333333333,0.5,0.16666666666666666,0.16666666666666666,0.0,1.0
kc1,rf,PSO,cluster_2,0.16666666666666666,0.3333333333333333,0.3333333333333333,0.16666666666666666,0.0,0.0,0.16666666666666666,0.3333333333333333,0.3333333333333333,0.16666666666666666,0.0,0.0,11.0
kc1,rf,PSO,cluster_3,0.5,0.3333333333333333,0.6666666666666666,0.0,0.16666666666666666,0.0,0.5,0.3333333333333333,0.6666666666666666,0.0,0.16666666666666666,0.0,9.0
kc1,rf,PSO,cluster_4,0.5,0.16666666666666666,0.3333333333333333,0.16666666666666666,0.16666666666666666,0.0,0.5,0.16666666666666666,0.3333333333333333,0.16666666666666666,0.16666666666666666,0.0,4.0
kc1,rf,PSO,cluster_5,0.5,0.16666666666666666,0.3333333333333333,0.16666666666666666,0.16666666666666666,0.0,0.5,0.16666666666666666,0.3333333333333333,0.16666666666666666,0.16666666666666666,0.0,1.0
kc1,rf,PSO,cluster_6,0.5,0.3333333333333333,0.6666666666666666,0.0,0.16666666666666666,0.0,0.5,0.3333333333333333,0.6666666666666666,0.0,0.16666666666666666,0.0,3.0
kc1,rf,PSO,cluster_7,0.5,0.16666666666666666,0.3333333333333333,0.16666666666666666,0.16666666666666666,0.0,0.5,0.16666666666666666,0.3333333333333333,0.16666666666666666,0.16666666666666666,0.0,8.0
kc1,rf,PSO,cluster_8,0.16666666666666666,0.3333333333333333,0.3333333333333333,0.16666666666666666,0.0,0.0,0.16666666666666666,0.3333333333333333,0.3333333333333333,0.16666666666666666,0.0,0.0,2.0
kc1,rf,PSO,cluster_9,0.5,0.3333333333333333,0.6666666666666666,0.0,0.16666666666666666,0.0,0.5,0.3333333333333333,0.6666666666666666,0.0,0.16666666666666666,0.0,21.0
kc1,rf,PSO,cluster_10,0.5,0.3333333333333333,0.6666666666666666,0.0,0.16666666666666666,0.0,0.5,0.3333333333333333,0.6666666666666666,0.0,0.16666666666666666,0.0,25.0
kc1,rf,WOA,cluster_0,0.5,0.16666666666666666,0.3333333333333333,0.16666666666666666,0.16666666666666666,0.0,0.5,0.16666666666666666,0.3333333333333333,0.16666666666666666,0.16666666666666666,0.0,1.0
kc1,rf,WOA,cluster_1,0.5,0.16666666666666666,0.3333333333333333,0.16666666666666666,0.16666666666666666,0.0,0.5,0.16666666666666666,0.3333333333333333,0.16666666666666666,0.16666666666666666,0.0,1.0
kc1,rf,WOA,cluster_2,0.5,0.3333333333333333,0.5,0.16666666666666666,0.16666666666666666,0.0,0.5,0.3333333333333333,0.5,0.16666666666666666,0.16666666666666666,0.0,11.0
kc1,rf,WOA,cluster_3,0.5,0.16666666666666666,0.3333333333333333,0.16666666666666666,0.16666666666666666,0.0,0.5,0.16666666666666666,0.3333333333333333,0.16666666666666666,0.16666666666666666,0.0,9.0
kc1,rf,WOA,cluster_4,0.5,0.16666666666666666,0.3333333333333333,0.16666666666666666,0.16666666666666666,0.0,0.5,0.16666666666666666,0.3333333333333333,0.16666666666666666,0.16666666666666666,0.0,4.0
kc1,rf,WOA,cluster_5,0.3333333333333333,0.3333333333333333,0.5,0.0,0.16666666666666666,0.0,0.3333333333333333,0.3333333333333333,0.5,0.0,0.16666666666666666,0.0,1.0
kc1,rf,WOA,cluster_6,0.5,0.16666666666666666,0.3333333333333333,0.16666666666666666,0.16666666666666666,0.0,0.5,0.16666666666666666,0.3333333333333333,0.16666666666666666,0.16666666666666666,0.0,3.0
kc1,rf,WOA,cluster_7,0.3333333333333333,0.3333333333333333,0.5,0.0,0.16666666666666666,0.0,0.3333333333333333,0.3333333333333333,0.5,0.0,0.16666666666666666,0.0,8.0
kc1,rf,WOA,cluster_8,0.5,0.16666666666666666,0.3333333333333333,0.16666666666666666,0.16666666666666666,0.0,0.5,0.16666666666666666,0.3333333333333333,0.16666666666666666,0.16666666666666666,0.0,2.0
kc1,rf,WOA,cluster_9,0.3333333333333333,0.3333333333333333,0.5,0.0,0.16666666666666666,0.0,0.3333333333333333,0.3333333333333333,0.5,0.0,0.16666666666666666,0.0,21.0
kc1,rf,WOA,cluster_10,0.5,0.16666666666666666,0.3333333333333333,0.16666666666666666,0.16666666666666666,0.0,0.5,0.16666666666666666,0.3333333333333333,0.16666666666666666,0.16666666666666666,0.0,25.0
kc1,svm,AP,cluster_0,0.8333333333333334,0.6666666666666666,0.5,0.3333333333333333,0.0,0.0,0.8333333333333334,0.6666666666666666,0.5,0.3333333333333333,0.0,0.0,1.0
kc1,svm,AP,cluster_1,1.0,0.6666666666666666,0.6666666666666666,0.6666666666666666,0.0,0.0,1.0,0.6666666666666666,0.6666666666666666,0.6666666666666666,0.0,0.0,3.0
kc1,svm,AP,cluster_2,0.8333333333333334,0.3333333333333333,0.5,0.8333333333333334,0.0,0.0,0.8333333333333334,0.3333333333333333,0.5,0.8333333333333334,0.0,0.0,3.0
kc1,svm,AP,cluster_3,1.0,0.5,0.5,0.6666666666666666,0.0,0.0,1.0,0.5,0.5,0.6666666666666666,0.0,0.0,8.0
kc1,svm,AP,cluster_4,1.0,0.6666666666666666,0.6666666666666666,0.3333333333333333,0.16666666666666666,0.0,1.0,0.6666666666666666,0.6666666666666666,0.3333333333333333,0.16666666666666666,0.0,25.0
kc1,svm,AP,cluster_5,1.0,0.5,0.5,0.0,0.3333333333333333,0.0,1.0,0.5,0.5,0.0,0.3333333333333333,0.0,5.0
kc1,svm,AP,cluster_6,1.0,0.5,0.5,0.0,0.0,0.16666666666666666,1.0,0.5,0.5,0.0,0.0,0.16666666666666666,23.0
kc1,svm,AP,cluster_7,0.6666666666666666,0.6666666666666666,0.3333333333333333,0.0,0.0,0.16666666666666666,0.6666666666666666,0.6666666666666666,0.3333333333333333,0.0,0.0,0.16666666666666666,10.0
kc1,svm,AP,cluster_8,0.8333333333333334,0.6666666666666666,0.6666666666666666,0.3333333333333333,0.16666666666666666,0.16666666666666666,0.8333333333333334,0.6666666666666666,0.6666666666666666,0.3333333333333333,0.16666666666666666,0.16666666666666666,1.0
kc1,svm,AP,cluster_9,0.8333333333333334,0.8333333333333334,0.8333333333333334,0.16666666666666666,0.5,0.5,0.8333333333333334,0.8333333333333334,0.8333333333333334,0.16666666666666666,0.5,0.5,5.0
kc1,svm,AP,cluster_10,1.0,0.6666666666666666,0.6666666666666666,0.16666666666666666,0.16666666666666666,0.0,1.0,0.6666666666666666,0.6666666666666666,0.16666666666666666,0.16666666666666666,0.0,6.0
kc1,svm,EvoCluster_PSO,cluster_0,1.0,0.6666666666666666,0.6666666666666666,0.6666666666666666,0.0,0.0,1.0,0.6666666666666666,0.6666666666666666,0.6666666666666666,0.0,0.0,1.0
kc1,svm,EvoCluster_PSO,cluster_1,1.0,0.5,0.5,0.5,0.0,0.0,1.0,0.5,0.5,0.5,0.0,0.0,3.0
kc1,svm,EvoCluster_PSO,cluster_2,0.8333333333333334,0.6666666666666666,0.5,0.3333333333333333,0.0,0.0,0.8333333333333334,0.6666666666666666,0.5,0.3333333333333333,0.0,0.0,3.0
kc1,svm,EvoCluster_PSO,cluster_3,0.8333333333333334,0.6666666666666666,0.6666666666666666,0.3333333333333333,0.16666666666666666,0.16666666666666666,0.8333333333333334,0.6666666666666666,0.6666666666666666,0.3333333333333333,0.16666666666666666,0.16666666666666666,8.0
kc1,svm,EvoCluster_PSO,cluster_4,1.0,0.6666666666666666,0.6666666666666666,0.6666666666666666,0.16666666666666666,0.16666666666666666,1.0,0.6666666666666666,0.6666666666666666,0.6666666666666666,0.16666666666666666,0.16666666666666666,25.0
kc1,svm,EvoCluster_PSO,cluster_5,1.0,0.6666666666666666,0.6666666666666666,0.6666666666666666,0.0,0.0,1.0,0.6666666666666666,0.6666666666666666,0.6666666666666666,0.0,0.0,5.0
kc1,svm,EvoCluster_PSO,cluster_6,0.8333333333333334,0.6666666666666666,0.6666666666666666,0.3333333333333333,0.16666666666666666,0.16666666666666666,0.8333333333333334,0.6666666666666666,0.6666666666666666,0.3333333333333333,0.16666666666666666,0.16666666666666666,23.0
kc1,svm,EvoCluster_PSO,cluster_7,0.8333333333333334,0.6666666666666666,0.5,0.3333333333333333,0.0,0.0,0.8333333333333334,0.6666666666666666,0.5,0.3333333333333333,0.0,0.0,10.0
kc1,svm,EvoCluster_PSO,cluster_8,1.0,0.6666666666666666,0.6666666666666666,0.6666666666666666,0.0,0.0,1.0,0.6666666666666666,0.6666666666666666,0.6666666666666666,0.0,0.0,1.0
kc1,svm,EvoCluster_PSO,cluster_9,0.8333333333333334,0.6666666666666666,0.5,0.3333333333333333,0.0,0.0,0.8333333333333334,0.6666666666666666,0.5,0.3333333333333333,0.0,0.0,5.0
kc1,svm,EvoCluster_PSO,cluster_10,1.0,0.8333333333333334,0.8333333333333334,0.6666666666666666,0.5,0.3333333333333333,1.0,0.8333333333333334,0.8333333333333334,0.6666666666666666,0.5,0.3333333333333333,6.0
kc1,svm,GWO,cluster_0,1.0,0.8333333333333334,0.8333333333333334,0.5,0.5,0.16666666666666666,1.0,0.8333333333333334,0.8333333333333334,0.5,0.5,0.16666666666666666,1.0
kc1,svm,GWO,cluster_1,0.8333333333333334,0.6666666666666666,0.6666666666666666,0.3333333333333333,0.16666666666666666,0.16666666666666666,0.8333333333333334,0.6666666666666666,0.6666666666666666,0.3333333333333333,0.16666666666666666,0.16666666666666666,3.0
kc1,svm,GWO,cluster_2,0.8333333333333334,0.6666666666666666,0.5,0.3333333333333333,0.0,0.0,0.8333333333333334,0.6666666666666666,0.5,0.3333333333333333,0.0,0.0,3.0
kc1,svm,GWO,cluster_3,1.0,0.5,0.5,1.0,0.16666666666666666,0.16666666666666666,1.0,0.5,0.5,1.0,0.16666666666666666,0.16666666666666666,8.0
kc1,svm,GWO,cluster_4,1.0,0.8333333333333334,0.8333333333333334,0.5,0.5,0.16666666666666666,1.0,0.8333333333333334,0.8333333333333334,0.5,0.5,0.16666666666666666,25.0
kc1,svm,GWO,cluster_5,1.0,0.6666666666666666,0.6666666666666666,0.6666666666666666,0.0,0.0,1.0,0.6666666666666666,0.6666666666666666,0.6666666666666666,0.0,0.0,5.0
kc1,svm,GWO,cluster_6,0.8333333333333334,0.6666666666666666,0.6666666666666666,0.3333333333333333,0.16666666666666666,0.16666666666666666,0.8333333333333334,0.6666666666666666,0.6666666666666666,0.3333333333333333,0.16666666666666666,0.16666666666666666,23.0
kc1,svm,GWO,cluster_7,1.0,0.6666666666666666,0.6666666666666666,0.6666666666666666,0.0,0.0,1.0,0.6666666666666666,0.6666666666666666,0.6666666666666666,0.0,0.0,10.0
kc1,svm,GWO,cluster_8,0.8333333333333334,0.6666666666666666,0.6666666666666666,0.3333333333333333,0.16666666666666666,0.16666666666666666,0.8333333333333334,0.6666666666666666,0.6666666666666666,0.3333333333333333,0.16666666666666666,0.16666666666666666,1.0
kc1,svm,GWO,cluster_9,1.0,0.6666666666666666,0.6666666666666666,0.6666666666666666,0.0,0.0,1.0,0.6666666666666666,0.6666666666666666,0.6666666666666666,0.0,0.0,5.0
kc1,svm,GWO,cluster_10,0.8333333333333334,0.6666666666666666,0.6666666666666666,0.3333333333333333,0.16666666666666666,0.16666666666666666,0.8333333333333334,0.6666666666666666,0.6666666666666666,0.3333333333333333,0.16666666666666666,0.16666666666666666,6.0
kc1,svm,PSO,cluster_0,1.0,0.6666666666666666,0.6666666666666666,0.6666666666666666,0.0,0.0,1.0,0.6666666666666666,0.6666666666666666,0.6666666666666666,0.0,0.0,1.0
kc1,svm,PSO,cluster_1,1.0,0.5,0.5,1.0,0.16666666666666666,0.16666666666666666,1.0,0.5,0.5,1.0,0.16666666666666666,0.16666666666666666,3.0
kc1,svm,PSO,cluster_2,1.0,0.6666666666666666,0.6666666666666666,0.6666666666666666,0.0,0.0,1.0,0.6666666666666666,0.6666666666666666,0.6666666666666666,0.0,0.0,3.0
kc1,svm,PSO,cluster_3,1.0,0.6666666666666666,0.6666666666666666,0.6666666666666666,0.0,0.0,1.0,0.6666666666666666,0.6666666666666666,0.6666666666666666,0.0,0.0,8.0
kc1,svm,PSO,cluster_4,0.8333333333333334,0.6666666666666666,0.6666666666666666,0.3333333333333333,0.16666666666666666,0.16666666666666666,0.8333333333333334,0.6666666666666666,0.6666666666666666,0.3333333333333333,0.16666666666666666,0.16666666666666666,25.0
kc1,svm,PSO,cluster_5,1.0,0.6666666666666666,0.6666666666666666,0.6666666666666666,0.0,0.0,1.0,0.6666666666666666,0.6666666666666666,0.6666666666666666,0.0,0.0,5.0
kc1,svm,PSO,cluster_6,1.0,0.6666666666666666,0.6666666666666666,0.6666666666666666,0.0,0.0,1.0,0.6666666666666666,0.6666666666666666,0.6666666666666666,0.0,0.0,23.0
kc1,svm,PSO,cluster_7,1.0,0.6666666666666666,0.6666666666666666,0.6666666666666666,0.0,0.0,1.0,0.6666666666666666,0.6666666666666666,0.6666666666666666,0.0,0.0,10.0
kc1,svm,PSO,cluster_8,1.0,0.8333333333333334,0.8333333333333334,0.5,0.5,0.16666666666666666,1.0,0.8333333333333334,0.8333333333333334,0.5,0.5,0.16666666666666666,1.0
kc1,svm,PSO,cluster_9,1.0,0.6666666666666666,0.6666666666666666,0.6666666666666666,0.0,0.0,1.0,0.6666666666666666,0.6666666666666666,0.6666666666666666,0.0,0.0,5.0
kc1,svm,PSO,cluster_10,1.0,0.6666666666666666,0.6666666666666666,0.6666666666666666,0.0,0.0,1.0,0.6666666666666666,0.6666666666666666,0.6666666666666666,0.0,0.0,6.0
kc1,svm,WOA,cluster_0,1.0,0.6666666666666666,0.6666666666666666,0.6666666666666666,0.0,0.0,1.0,0.6666666666666666,0.6666666666666666,0.6666666666666666,0.0,0.0,1.0
kc1,svm,WOA,cluster_1,1.0,0.5,0.5,1.0,0.16666666666666666,0.16666666666666666,1.0,0.5,0.5,1.0,0.16666666666666666,0.16666666666666666,3.0
kc1,svm,WOA,cluster_2,1.0,0.6666666666666666,0.6666666666666666,0.6666666666666666,0.0,0.0,1.0,0.6666666666666666,0.6666666666666666,0.6666666666666666,0.0,0.0,3.0
kc1,svm,WOA,cluster_3,1.0,0.6666666666666666,0.6666666666666666,0.6666666666666666,0.0,0.0,1.0,0.6666666666666666,0.6666666666666666,0.6666666666666666,0.0,0.0,8.0
kc1,svm,WOA,cluster_4,1.0,0.6666666666666666,0.6666666666666666,0.6666666666666666,0.0,0.0,1.0,0.6666666666666666,0.6666666666666666,0.6666666666666666,0.0,0.0,25.0
kc1,svm,WOA,cluster_5,0.8333333333333334,0.6666666666666666,0.5,0.3333333333333333,0.0,0.0,0.8333333333333334,0.6666666666666666,0.5,0.3333333333333333,0.0,0.0,5.0
kc1,svm,WOA,cluster_6,0.8333333333333334,0.6666666666666666,0.5,0.3333333333333333,0.0,0.0,0.8333333333333334,0.6666666666666666,0.5,0.3333333333333333,0.0,0.0,23.0
kc1,svm,WOA,cluster_7,1.0,0.6666666666666666,0.6666666666666666,0.6666666666666666,0.0,0.0,1.0,0.6666666666666666,0.6666666666666666,0.6666666666666666,0.0,0.0,10.0
kc1,svm,WOA,cluster_8,1.0,0.6666666666666666,0.6666666666666666,0.6666666666666666,0.0,0.0,1.0,0.6666666666666666,0.6666666666666666,0.6666666666666666,0.0,0.0,1.0
kc1,svm,WOA,cluster_9,0.8333333333333334,0.6666666666666666,0.6666666666666666,0.3333333333333333,0.16666666666666666,0.16666666666666666,0.8333333333333334,0.6666666666666666,0.6666666666666666,0.3333333333333333,0.16666666666666666,0.16666666666666666,5.0
kc1,svm,WOA,cluster_10,1.0,0.6666666666666666,0.6666666666666666,0.6666666666666666,0.0,0.0,1.0,0.6666666666666666,0.6666666666666666,0.6666666666666666,0.0,0.0,6.0
kc1,xgb,AP,cluster_0,0.5,0.5,0.3333333333333333,0.0,0.16666666666666666,0.3333333333333333,0.5,0.5,0.3333333333333333,0.0,0.16666666666666666,0.3333333333333333,1.0
kc1,xgb,AP,cluster_1,0.6666666666666666,0.6666666666666666,0.8333333333333334,0.3333333333333333,0.0,0.0,0.6666666666666666,0.6666666666666666,0.8333333333333334,0.3333333333333333,0.0,0.0,26.0
kc1,xgb,AP,cluster_2,1.0,0.3333333333333333,0.3333333333333333,0.16666666666666666,0.0,0.16666666666666666,1.0,0.0,0.0,0.16666666666666666,0.0,0.0,13.0
kc1,xgb,AP,cluster_3,0.8333333333333334,0.5,0.5,0.16666666666666666,0.16666666666666666,0.3333333333333333,0.6666666666666666,0.5,0.5,0.16666666666666666,0.16666666666666666,0.3333333333333333,8.0
kc1,xgb,AP,cluster_4,0.6666666666666666,0.5,0.3333333333333333,0.16666666666666666,0.0,0.0,0.6666666666666666,0.5,0.3333333333333333,0.16666666666666666,0.0,0.0,8.0
kc1,xgb,AP,cluster_5,0.5,0.5,0.16666666666666666,0.16666666666666666,0.3333333333333333,0.0,0.5,0.5,0.16666666666666666,0.16666666666666666,0.3333333333333333,0.0,1.0
kc1,xgb,AP,cluster_6,0.3333333333333333,0.5,0.16666666666666666,0.3333333333333333,0.0,0.0,0.3333333333333333,0.3333333333333333,0.16666666666666666,0.3333333333333333,0.0,0.0,1.0
kc1,xgb,AP,cluster_7,0.6666666666666666,0.5,0.6666666666666666,0.0,0.0,0.3333333333333333,0.5,0.3333333333333333,0.6666666666666666,0.0,0.0,0.3333333333333333,3.0
kc1,xgb,AP,cluster_8,0.8333333333333334,0.6666666666666666,0.5,0.5,0.0,0.0,0.8333333333333334,0.6666666666666666,0.5,0.5,0.0,0.0,1.0
kc1,xgb,AP,cluster_9,0.5,0.5,0.5,0.5,0.16666666666666666,0.16666666666666666,0.3333333333333333,0.5,0.3333333333333333,0.3333333333333333,0.16666666666666666,0.16666666666666666,1.0
kc1,xgb,AP,cluster_10,0.5,0.5,0.16666666666666666,0.16666666666666666,0.0,0.16666666666666666,0.5,0.5,0.16666666666666666,0.16666666666666666,0.0,0.16666666666666666,4.0
kc1,xgb,AP,cluster_11,0.8333333333333334,0.5,0.6666666666666666,0.0,0.0,0.16666666666666666,0.8333333333333334,0.5,0.6666666666666666,0.0,0.0,0.16666666666666666,17.0
kc1,xgb,AP,cluster_12,0.5,0.5,0.3333333333333333,0.16666666666666666,0.0,0.0,0.5,0.5,0.3333333333333333,0.16666666666666666,0.0,0.0,3.0
kc1,xgb,AP,cluster_13,0.3333333333333333,0.5,0.0,0.16666666666666666,0.16666666666666666,0.0,0.3333333333333333,0.3333333333333333,0.0,0.16666666666666666,0.16666666666666666,0.0,1.0
kc1,xgb,EvoCluster_PSO,cluster_0,0.5,0.5,0.16666666666666666,0.16666666666666666,0.3333333333333333,0.0,0.5,0.5,0.16666666666666666,0.16666666666666666,0.3333333333333333,0.0,1.0
kc1,xgb,EvoCluster_PSO,cluster_1,0.5,0.5,0.5,0.5,0.16666666666666666,0.16666666666666666,0.3333333333333333,0.5,0.3333333333333333,0.3333333333333333,0.16666666666666666,0.16666666666666666,26.0
kc1,xgb,EvoCluster_PSO,cluster_2,0.3333333333333333,0.5,0.0,0.16666666666666666,0.16666666666666666,0.0,0.3333333333333333,0.3333333333333333,0.0,0.16666666666666666,0.16666666666666666,0.0,13.0
kc1,xgb,EvoCluster_PSO,cluster_3,0.3333333333333333,0.5,0.16666666666666666,0.3333333333333333,0.0,0.0,0.3333333333333333,0.3333333333333333,0.16666666666666666,0.3333333333333333,0.0,0.0,8.0
kc1,xgb,EvoCluster_PSO,cluster_4,0.5,0.5,0.16666666666666666,0.16666666666666666,0.3333333333333333,0.0,0.5,0.5,0.16666666666666666,0.16666666666666666,0.3333333333333333,0.0,8.0
kc1,xgb,EvoCluster_PSO,cluster_5,0.3333333333333333,0.5,0.0,0.16666666666666666,0.16666666666666666,0.0,0.3333333333333333,0.3333333333333333,0.0,0.16666666666666666,0.16666666666666666,0.0,1.0
kc1,xgb,EvoCluster_PSO,cluster_6,0.3333333333333333,0.5,0.0,0.16666666666666666,0.16666666666666666,0.0,0.3333333333333333,0.3333333333333333,0.0,0.16666666666666666,0.16666666666666666,0.0,1.0
kc1,xgb,EvoCluster_PSO,cluster_7,0.5,0.5,0.16666666666666666,0.16666666666666666,0.3333333333333333,0.0,0.5,0.5,0.16666666666666666,0.16666666666666666,0.3333333333333333,0.0,3.0
kc1,xgb,EvoCluster_PSO,cluster_8,0.5,0.5,0.16666666666666666,0.16666666666666666,0.3333333333333333,0.0,0.5,0.5,0.16666666666666666,0.16666666666666666,0.3333333333333333,0.0,1.0
kc1,xgb,EvoCluster_PSO,cluster_9,0.3333333333333333,0.5,0.0,0.16666666666666666,0.16666666666666666,0.0,0.3333333333333333,0.3333333333333333,0.0,0.16666666666666666,0.16666666666666666,0.0,1.0
kc1,xgb,EvoCluster_PSO,cluster_10,0.3333333333333333,0.5,0.0,0.16666666666666666,0.16666666666666666,0.0,0.3333333333333333,0.3333333333333333,0.0,0.16666666666666666,0.16666666666666666,0.0,4.0
kc1,xgb,EvoCluster_PSO,cluster_11,0.3333333333333333,0.5,0.0,0.16666666666666666,0.16666666666666666,0.0,0.3333333333333333,0.3333333333333333,0.0,0.16666666666666666,0.16666666666666666,0.0,17.0
kc1,xgb,EvoCluster_PSO,cluster_12,0.3333333333333333,0.5,0.16666666666666666,0.3333333333333333,0.0,0.0,0.3333333333333333,0.3333333333333333,0.16666666666666666,0.3333333333333333,0.0,0.0,3.0
kc1,xgb,EvoCluster_PSO,cluster_13,0.3333333333333333,0.5,0.0,0.16666666666666666,0.16666666666666666,0.0,0.3333333333333333,0.3333333333333333,0.0,0.16666666666666666,0.16666666666666666,0.0,1.0
kc1,xgb,GWO,cluster_0,0.5,0.5,0.16666666666666666,0.16666666666666666,0.3333333333333333,0.0,0.5,0.5,0.16666666666666666,0.16666666666666666,0.3333333333333333,0.0,1.0
kc1,xgb,GWO,cluster_1,0.3333333333333333,0.5,0.0,0.16666666666666666,0.16666666666666666,0.0,0.3333333333333333,0.3333333333333333,0.0,0.16666666666666666,0.16666666666666666,0.0,26.0
kc1,xgb,GWO,cluster_2,0.5,0.5,0.16666666666666666,0.16666666666666666,0.3333333333333333,0.0,0.5,0.5,0.16666666666666666,0.16666666666666666,0.3333333333333333,0.0,13.0
kc1,xgb,GWO,cluster_3,0.3333333333333333,0.5,0.0,0.16666666666666666,0.16666666666666666,0.0,0.3333333333333333,0.3333333333333333,0.0,0.16666666666666666,0.16666666666666666,0.0,8.0
kc1,xgb,GWO,cluster_4,0.5,0.5,0.16666666666666666,0.16666666666666666,0.3333333333333333,0.0,0.5,0.5,0.16666666666666666,0.16666666666666666,0.3333333333333333,0.0,8.0
kc1,xgb,GWO,cluster_5,0.3333333333333333,0.5,0.0,0.16666666666666666,0.16666666666666666,0.0,0.3333333333333333,0.3333333333333333,0.0,0.16666666666666666,0.16666666666666666,0.0,1.0
kc1,xgb,GWO,cluster_6,0.5,0.5,0.3333333333333333,0.0,0.16666666666666666,0.3333333333333333,0.5,0.5,0.3333333333333333,0.0,0.16666666666666666,0.3333333333333333,1.0
kc1,xgb,GWO,cluster_7,0.3333333333333333,0.5,0.0,0.16666666666666666,0.16666666666666666,0.0,0.3333333333333333,0.3333333333333333,0.0,0.16666666666666666,0.16666666666666666,0.0,3.0
kc1,xgb,GWO,cluster_8,0.5,0.3333333333333333,0.5,0.16666666666666666,0.0,0.16666666666666666,0.5,0.16666666666666666,0.3333333333333333,0.16666666666666666,0.0,0.0,1.0
kc1,xgb,GWO,cluster_9,0.5,0.5,0.16666666666666666,0.16666666666666666,0.3333333333333333,0.0,0.5,0.5,0.16666666666666666,0.16666666666666666,0.3333333333333333,0.0,1.0
kc1,xgb,GWO,cluster_10,0.5,0.5,0.16666666666666666,0.16666666666666666,0.3333333333333333,0.0,0.5,0.5,0.16666666666666666,0.16666666666666666,0.3333333333333333,0.0,4.0
kc1,xgb,GWO,cluster_11,0.3333333333333333,0.5,0.0,0.16666666666666666,0.16666666666666666,0.0,0.3333333333333333,0.3333333333333333,0.0,0.16666666666666666,0.16666666666666666,0.0,17.0
kc1,xgb,GWO,cluster_12,0.5,0.5,0.16666666666666666,0.16666666666666666,0.3333333333333333,0.0,0.5,0.5,0.16666666666666666,0.16666666666666666,0.3333333333333333,0.0,3.0
kc1,xgb,GWO,cluster_13,0.5,0.5,0.16666666666666666,0.16666666666666666,0.3333333333333333,0.0,0.5,0.5,0.16666666666666666,0.16666666666666666,0.3333333333333333,0.0,1.0
kc1,xgb,PSO,cluster_0,0.5,0.5,0.5,0.5,0.16666666666666666,0.16666666666666666,0.3333333333333333,0.5,0.3333333333333333,0.3333333333333333,0.16666666666666666,0.16666666666666666,1.0
kc1,xgb,PSO,cluster_1,0.5,0.5,0.16666666666666666,0.16666666666666666,0.3333333333333333,0.0,0.5,0.5,0.16666666666666666,0.16666666666666666,0.3333333333333333,0.0,26.0
kc1,xgb,PSO,cluster_2,0.3333333333333333,0.5,0.0,0.16666666666666666,0.16666666666666666,0.0,0.3333333333333333,0.3333333333333333,0.0,0.16666666666666666,0.16666666666666666,0.0,13.0
kc1,xgb,PSO,cluster_3,0.3333333333333333,0.5,0.0,0.16666666666666666,0.16666666666666666,0.0,0.3333333333333333,0.3333333333333333,0.0,0.16666666666666666,0.16666666666666666,0.0,8.0
kc1,xgb,PSO,cluster_4,0.3333333333333333,0.5,0.0,0.16666666666666666,0.16666666666666666,0.0,0.3333333333333333,0.3333333333333333,0.0,0.16666666666666666,0.16666666666666666,0.0,8.0
kc1,xgb,PSO,cluster_5,0.3333333333333333,0.5,0.0,0.16666666666666666,0.16666666666666666,0.0,0.3333333333333333,0.3333333333333333,0.0,0.16666666666666666,0.16666666666666666,0.0,1.0
kc1,xgb,PSO,cluster_6,0.5,0.5,0.16666666666666666,0.16666666666666666,0.3333333333333333,0.0,0.5,0.5,0.16666666666666666,0.16666666666666666,0.3333333333333333,0.0,1.0
kc1,xgb,PSO,cluster_7,0.5,0.5,0.3333333333333333,0.0,0.16666666666666666,0.3333333333333333,0.5,0.5,0.3333333333333333,0.0,0.16666666666666666,0.3333333333333333,3.0
kc1,xgb,PSO,cluster_8,0.5,0.5,0.16666666666666666,0.16666666666666666,0.3333333333333333,0.0,0.5,0.5,0.16666666666666666,0.16666666666666666,0.3333333333333333,0.0,1.0
kc1,xgb,PSO,cluster_9,0.5,0.5,0.16666666666666666,0.16666666666666666,0.3333333333333333,0.0,0.5,0.5,0.16666666666666666,0.16666666666666666,0.3333333333333333,0.0,1.0
kc1,xgb,PSO,cluster_10,0.3333333333333333,0.5,0.0,0.16666666666666666,0.16666666666666666,0.0,0.3333333333333333,0.3333333333333333,0.0,0.16666666666666666,0.16666666666666666,0.0,4.0
kc1,xgb,PSO,cluster_11,0.3333333333333333,0.5,0.16666666666666666,0.3333333333333333,0.0,0.0,0.3333333333333333,0.3333333333333333,0.16666666666666666,0.3333333333333333,0.0,0.0,17.0
kc1,xgb,PSO,cluster_12,0.5,0.5,0.16666666666666666,0.16666666666666666,0.3333333333333333,0.0,0.5,0.5,0.16666666666666666,0.16666666666666666,0.3333333333333333,0.0,3.0
kc1,xgb,PSO,cluster_13,0.5,0.5,0.16666666666666666,0.16666666666666666,0.3333333333333333,0.0,0.5,0.5,0.16666666666666666,0.16666666666666666,0.3333333333333333,0.0,1.0
kc1,xgb,WOA,cluster_0,0.5,0.5,0.16666666666666666,0.16666666666666666,0.3333333333333333,0.0,0.5,0.5,0.16666666666666666,0.16666666666666666,0.3333333333333333,0.0,1.0
kc1,xgb,WOA,cluster_1,0.3333333333333333,0.5,0.0,0.16666666666666666,0.16666666666666666,0.0,0.3333333333333333,0.3333333333333333,0.0,0.16666666666666666,0.16666666666666666,0.0,26.0
kc1,xgb,WOA,cluster_2,0.5,0.5,0.16666666666666666,0.16666666666666666,0.3333333333333333,0.0,0.5,0.5,0.16666666666666666,0.16666666666666666,0.3333333333333333,0.0,13.0
kc1,xgb,WOA,cluster_3,0.3333333333333333,0.5,0.16666666666666666,0.3333333333333333,0.0,0.0,0.3333333333333333,0.3333333333333333,0.16666666666666666,0.3333333333333333,0.0,0.0,8.0
kc1,xgb,WOA,cluster_4,0.3333333333333333,0.5,0.0,0.16666666666666666,0.16666666666666666,0.0,0.3333333333333333,0.3333333333333333,0.0,0.16666666666666666,0.16666666666666666,0.0,8.0
kc1,xgb,WOA,cluster_5,0.5,0.5,0.16666666666666666,0.16666666666666666,0.3333333333333333,0.0,0.5,0.5,0.16666666666666666,0.16666666666666666,0.3333333333333333,0.0,1.0
kc1,xgb,WOA,cluster_6,0.5,0.5,0.16666666666666666,0.16666666666666666,0.3333333333333333,0.0,0.5,0.5,0.16666666666666666,0.16666666666666666,0.3333333333333333,0.0,1.0
kc1,xgb,WOA,cluster_7,0.5,0.5,0.16666666666666666,0.16666666666666666,0.3333333333333333,0.0,0.5,0.5,0.16666666666666666,0.16666666666666666,0.3333333333333333,0.0,3.0
kc1,xgb,WOA,cluster_8,0.5,0.5,0.16666666666666666,0.16666666666666666,0.3333333333333333,0.0,0.5,0.5,0.16666666666666666,0.16666666666666666,0.3333333333333333,0.0,1.0
kc1,xgb,WOA,cluster_9,0.3333333333333333,0.5,0.16666666666666666,0.3333333333333333,0.0,0.0,0.3333333333333333,0.3333333333333333,0.16666666666666666,0.3333333333333333,0.0,0.0,1.0
kc1,xgb,WOA,cluster_10,0.5,0.5,0.3333333333333333,0.0,0.16666666666666666,0.3333333333333333,0.5,0.5,0.3333333333333333,0.0,0.16666666666666666,0.3333333333333333,4.0
kc1,xgb,WOA,cluster_11,0.5,0.5,0.3333333333333333,0.0,0.16666666666666666,0.3333333333333333,0.5,0.5,0.3333333333333333,0.0,0.16666666666666666,0.3333333333333333,17.0
kc1,xgb,WOA,cluster_12,0.3333333333333333,0.5,0.0,0.16666666666666666,0.16666666666666666,0.0,0.3333333333333333,0.3333333333333333,0.0,0.16666666666666666,0.16666666666666666,0.0,3.0
kc1,xgb,WOA,cluster_13,0.5,0.5,0.16666666666666666,0.16666666666666666,0.3333333333333333,0.0,0.5,0.5,0.16666666666666666,0.16666666666666666,0.3333333333333333,0.0,1.0
mammographic-mass,rf,AP,cluster_0,0.5,0.0,0.5,0.5,0.0,0.5,0.5,0.0,0.5,0.5,0.0,0.5,8.0
mammographic-mass,rf,AP,cluster_1,0.0,0.0,1.0,0.0,0.0,0.0,0.0,0.0,1.0,0.0,0.0,0.0,12.0
mammographic-mass,rf,AP,cluster_2,1.0,0.0,0.0,1.0,0.0,0.0,1.0,0.0,0.0,1.0,0.0,0.0,7.0
mammographic-mass,rf,AP,cluster_3,0.5,0.0,0.5,0.5,0.0,0.5,0.5,0.0,0.5,0.5,0.0,0.5,2.0
mammographic-mass,rf,AP,cluster_4,0.5,0.5,1.0,0.5,0.0,0.0,0.5,0.5,1.0,0.5,0.0,0.0,10.0
mammographic-mass,rf,AP,cluster_5,0.5,0.0,0.5,0.5,0.0,0.5,0.5,0.0,0.5,0.5,0.0,0.5,2.0
mammographic-mass,rf,AP,cluster_6,0.5,0.5,0.0,0.5,0.5,0.0,0.5,0.0,0.0,0.5,0.0,0.0,4.0
mammographic-mass,rf,AP,cluster_7,1.0,1.0,1.0,0.0,1.0,0.0,1.0,1.0,1.0,0.0,1.0,0.0,9.0
mammographic-mass,rf,AP,cluster_8,1.0,0.5,0.5,1.0,0.5,0.5,0.5,0.5,0.5,0.5,0.5,0.5,4.0
mammographic-mass,rf,AP,cluster_9,0.5,0.5,0.5,0.5,0.5,0.5,0.5,0.5,0.5,0.5,0.5,0.5,1.0
mammographic-mass,rf,AP,cluster_10,0.5,0.5,1.0,0.5,0.5,1.0,0.5,0.5,1.0,0.5,0.5,1.0,8.0
mammographic-mass,rf,EvoCluster_PSO,cluster_0,0.5,0.5,1.0,0.0,0.5,0.0,0.0,0.0,0.5,0.0,0.0,0.0,8.0
mammographic-mass,rf,EvoCluster_PSO,cluster_1,0.5,0.5,0.5,0.5,0.5,0.5,0.5,0.5,0.5,0.5,0.5,0.5,12.0
mammographic-mass,rf,EvoCluster_PSO,cluster_2,0.5,0.5,0.5,0.5,0.5,0.5,0.5,0.5,0.5,0.5,0.5,0.5,7.0
mammographic-mass,rf,EvoCluster_PSO,cluster_3,1.0,1.0,1.0,1.0,1.0,1.0,1.0,1.0,1.0,1.0,1.0,1.0,2.0
mammographic-mass,rf,EvoCluster_PSO,cluster_4,0.5,0.5,1.0,0.0,0.5,0.0,0.0,0.0,0.5,0.0,0.0,0.0,10.0
mammographic-mass,rf,EvoCluster_PSO,cluster_5,0.5,0.5,0.5,0.0,0.0,0.5,0.5,0.0,0.0,0.0,0.0,0.0,2.0
mammographic-mass,rf,EvoCluster_PSO,cluster_6,0.5,0.5,1.0,0.0,0.5,0.0,0.0,0.0,0.5,0.0,0.0,0.0,4.0
mammographic-mass,rf,EvoCluster_PSO,cluster_7,0.5,0.0,0.0,0.5,0.0,0.0,0.5,0.0,0.0,0.5,0.0,0.0,9.0
mammographic-mass,rf,EvoCluster_PSO,cluster_8,1.0,0.5,0.5,0.0,0.5,0.0,1.0,0.5,0.5,0.0,0.5,0.0,4.0
mammographic-mass,rf,EvoCluster_PSO,cluster_9,0.5,0.0,0.0,0.5,0.0,0.0,0.5,0.0,0.0,0.5,0.0,0.0,1.0
mammographic-mass,rf,EvoCluster_PSO,cluster_10,1.0,0.5,0.5,1.0,0.5,0.5,1.0,0.5,0.5,1.0,0.5,0.5,8.0
mammographic-mass,rf,GWO,cluster_0,0.5,0.5,0.5,0.5,0.5,0.5,0.5,0.5,0.5,0.5,0.5,0.5,8.0
mammographic-mass,rf,GWO,cluster_1,0.5,0.5,1.0,0.0,0.5,0.0,0.0,0.0,0.5,0.0,0.0,0.0,12.0
mammographic-mass,rf,GWO,cluster_2,0.5,0.5,0.5,0.5,0.5,0.5,0.5,0.5,0.5,0.5,0.5,0.5,7.0
mammographic-mass,rf,GWO,cluster_3,0.5,0.5,0.5,0.5,0.5,0.5,0.5,0.5,0.5,0.5,0.5,0.5,2.0
mammographic-mass,rf,GWO,cluster_4,1.0,0.5,0.5,1.0,0.5,0.5,0.5,0.5,0.5,0.5,0.5,0.5,10.0
mammographic-mass,rf,GWO,cluster_5,0.5,0.5,1.0,0.0,0.5,0.0,0.0,0.0,0.5,0.0,0.0,0.0,2.0
mammographic-mass,rf,GWO,cluster_6,1.0,1.0,1.0,1.0,1.0,1.0,1.0,1.0,1.0,1.0,1.0,1.0,4.0
mammographic-mass,rf,GWO,cluster_7,1.0,0.5,0.5,1.0,0.5,0.5,0.5,0.5,0.5,0.5,0.5,0.5,9.0
mammographic-mass,rf,GWO,cluster_8,1.0,1.0,1.0,1.0,1.0,1.0,1.0,1.0,1.0,1.0,1.0,1.0,4.0
mammographic-mass,rf,GWO,cluster_9,0.5,0.5,0.5,0.5,0.5,0.5,0.5,0.5,0.5,0.5,0.5,0.5,1.0
mammographic-mass,rf,GWO,cluster_10,0.5,0.5,0.5,0.5,0.5,0.5,0.5,0.5,0.5,0.5,0.5,0.5,8.0
mammographic-mass,rf,PSO,cluster_0,0.5,0.0,0.5,0.5,0.0,0.5,0.5,0.0,0.5,0.5,0.0,0.5,8.0
mammographic-mass,rf,PSO,cluster_1,0.5,0.5,0.5,0.5,0.5,0.5,0.5,0.5,0.5,0.5,0.5,0.5,12.0
mammographic-mass,rf,PSO,cluster_2,1.0,1.0,1.0,1.0,1.0,1.0,1.0,1.0,1.0,1.0,1.0,1.0,7.0
mammographic-mass,rf,PSO,cluster_3,0.5,0.5,0.0,0.5,0.5,0.0,0.5,0.5,0.0,0.5,0.5,0.0,2.0
mammographic-mass,rf,PSO,cluster_4,1.0,1.0,1.0,1.0,1.0,1.0,1.0,1.0,1.0,1.0,1.0,1.0,10.0
mammographic-mass,rf,PSO,cluster_5,0.5,0.5,0.5,0.5,0.5,0.5,0.5,0.5,0.5,0.5,0.5,0.5,2.0
mammographic-mass,rf,PSO,cluster_6,0.5,0.5,1.0,0.5,0.5,1.0,0.5,0.5,1.0,0.5,0.5,1.0,4.0
mammographic-mass,rf,PSO,cluster_7,0.5,0.5,0.5,0.5,0.5,0.5,0.5,0.5,0.5,0.5,0.5,0.5,9.0
mammographic-mass,rf,PSO,cluster_8,1.0,0.5,0.5,1.0,0.5,0.5,1.0,0.5,0.5,1.0,0.5,0.5,4.0
mammographic-mass,rf,PSO,cluster_9,1.0,0.5,0.5,0.0,0.5,0.0,1.0,0.5,0.5,0.0,0.5,0.0,1.0
mammographic-mass,rf,PSO,cluster_10,1.0,0.5,0.5,1.0,0.5,0.5,0.5,0.5,0.5,0.5,0.5,0.5,8.0
mammographic-mass,rf,WOA,cluster_0,0.5,0.5,1.0,0.0,0.5,0.0,0.0,0.0,0.5,0.0,0.0,0.0,8.0
mammographic-mass,rf,WOA,cluster_1,1.0,1.0,1.0,1.0,1.0,1.0,1.0,1.0,1.0,1.0,1.0,1.0,12.0
mammographic-mass,rf,WOA,cluster_2,0.5,0.5,1.0,0.0,0.5,0.0,0.0,0.0,0.5,0.0,0.0,0.0,7.0
mammographic-mass,rf,WOA,cluster_3,1.0,0.5,0.5,1.0,0.5,0.5,0.5,0.5,0.5,0.5,0.5,0.5,2.0
mammographic-mass,rf,WOA,cluster_4,1.0,0.5,0.5,1.0,0.5,0.5,0.5,0.5,0.5,0.5,0.5,0.5,10.0
mammographic-mass,rf,WOA,cluster_5,1.0,1.0,1.0,1.0,1.0,1.0,1.0,1.0,1.0,1.0,1.0,1.0,2.0
mammographic-mass,rf,WOA,cluster_6,0.5,0.5,0.5,0.5,0.5,0.5,0.5,0.5,0.5,0.5,0.5,0.5,4.0
mammographic-mass,rf,WOA,cluster_7,0.5,0.5,1.0,0.0,0.5,0.0,0.0,0.0,0.5,0.0,0.0,0.0,9.0
mammographic-mass,rf,WOA,cluster_8,0.5,0.5,1.0,0.0,0.5,0.0,0.0,0.0,0.5,0.0,0.0,0.0,4.0
mammographic-mass,rf,WOA,cluster_9,1.0,0.5,0.5,1.0,0.5,0.5,0.5,0.5,0.5,0.5,0.5,0.5,1.0
mammographic-mass,rf,WOA,cluster_10,0.5,0.5,0.5,0.5,0.5,0.5,0.5,0.5,0.5,0.5,0.5,0.5,8.0
mammographic-mass,svm,AP,cluster_0,1.0,1.0,1.0,1.0,1.0,1.0,1.0,1.0,1.0,1.0,1.0,1.0,11.0
mammographic-mass,svm,AP,cluster_1,1.0,1.0,1.0,1.0,1.0,1.0,1.0,1.0,1.0,1.0,1.0,1.0,8.0
mammographic-mass,svm,AP,cluster_2,1.0,0.5,0.5,1.0,0.5,0.5,1.0,0.5,0.5,1.0,0.5,0.5,3.0
mammographic-mass,svm,AP,cluster_3,1.0,0.5,0.5,0.0,0.0,0.5,1.0,0.5,0.5,0.0,0.0,0.5,14.0
mammographic-mass,svm,AP,cluster_4,1.0,1.0,1.0,0.0,0.0,1.0,1.0,1.0,1.0,0.0,0.0,1.0,5.0
mammographic-mass,svm,AP,cluster_5,1.0,1.0,1.0,1.0,1.0,1.0,1.0,1.0,1.0,1.0,1.0,1.0,1.0
mammographic-mass,svm,AP,cluster_6,1.0,1.0,1.0,1.0,1.0,1.0,1.0,1.0,1.0,1.0,1.0,1.0,2.0
mammographic-mass,svm,AP,cluster_7,1.0,1.0,1.0,1.0,1.0,1.0,1.0,1.0,1.0,1.0,1.0,1.0,3.0
mammographic-mass,svm,AP,cluster_8,1.0,1.0,1.0,1.0,0.0,0.0,1.0,1.0,1.0,1.0,0.0,0.0,7.0
mammographic-mass,svm,AP,cluster_9,0.5,1.0,0.5,0.5,1.0,0.5,0.5,1.0,0.5,0.5,1.0,0.5,7.0
mammographic-mass,svm,EvoCluster_PSO,cluster_0,1.0,1.0,1.0,1.0,1.0,1.0,1.0,1.0,1.0,1.0,1.0,1.0,11.0
mammographic-mass,svm,EvoCluster_PSO,cluster_1,1.0,1.0,1.0,1.0,1.0,1.0,1.0,1.0,1.0,1.0,1.0,1.0,8.0
mammographic-mass,svm,EvoCluster_PSO,cluster_2,1.0,1.0,1.0,1.0,1.0,1.0,1.0,1.0,1.0,1.0,1.0,1.0,3.0
mammographic-mass,svm,EvoCluster_PSO,cluster_3,1.0,1.0,1.0,1.0,1.0,1.0,1.0,1.0,1.0,1.0,1.0,1.0,14.0
mammographic-mass,svm,EvoCluster_PSO,cluster_4,1.0,1.0,1.0,1.0,1.0,1.0,1.0,1.0,1.0,1.0,1.0,1.0,5.0
mammographic-mass,svm,EvoCluster_PSO,cluster_5,1.0,1.0,1.0,0.0,0.0,1.0,1.0,1.0,1.0,0.0,0.0,1.0,1.0
mammographic-mass,svm,EvoCluster_PSO,cluster_6,1.0,0.5,0.5,1.0,0.0,0.0,1.0,0.5,0.5,1.0,0.0,0.0,2.0
mammographic-mass,svm,EvoCluster_PSO,cluster_7,1.0,1.0,1.0,1.0,1.0,1.0,1.0,1.0,1.0,1.0,1.0,1.0,3.0
mammographic-mass,svm,EvoCluster_PSO,cluster_8,1.0,1.0,1.0,0.0,1.0,0.0,1.0,1.0,1.0,0.0,1.0,0.0,7.0
mammographic-mass,svm,EvoCluster_PSO,cluster_9,1.0,1.0,1.0,1.0,1.0,1.0,1.0,1.0,1.0,1.0,1.0,1.0,7.0
mammographic-mass,svm,GWO,cluster_0,1.0,1.0,1.0,1.0,1.0,1.0,1.0,1.0,1.0,1.0,1.0,1.0,11.0
mammographic-mass,svm,GWO,cluster_1,1.0,1.0,1.0,1.0,1.0,1.0,1.0,1.0,1.0,1.0,1.0,1.0,8.0
mammographic-mass,svm,GWO,cluster_2,1.0,1.0,1.0,1.0,1.0,1.0,1.0,1.0,1.0,1.0,1.0,1.0,3.0
mammographic-mass,svm,GWO,cluster_3,1.0,1.0,1.0,1.0,1.0,1.0,1.0,1.0,1.0,1.0,1.0,1.0,14.0
mammographic-mass,svm,GWO,cluster_4,1.0,1.0,1.0,1.0,1.0,1.0,1.0,1.0,1.0,1.0,1.0,1.0,5.0
mammographic-mass,svm,GWO,cluster_5,1.0,1.0,1.0,0.0,0.0,1.0,1.0,1.0,1.0,0.0,0.0,1.0,1.0
mammographic-mass,svm,GWO,cluster_6,1.0,1.0,1.0,1.0,1.0,1.0,1.0,1.0,1.0,1.0,1.0,1.0,2.0
mammographic-mass,svm,GWO,cluster_7,0.5,0.5,1.0,0.5,0.5,1.0,0.5,0.5,1.0,0.5,0.5,1.0,3.0
mammographic-mass,svm,GWO,cluster_8,1.0,1.0,1.0,1.0,1.0,1.0,1.0,1.0,1.0,1.0,1.0,1.0,7.0
mammographic-mass,svm,GWO,cluster_9,1.0,1.0,1.0,1.0,1.0,1.0,1.0,1.0,1.0,1.0,1.0,1.0,7.0
mammographic-mass,svm,PSO,cluster_0,1.0,1.0,1.0,1.0,1.0,1.0,1.0,1.0,1.0,1.0,1.0,1.0,11.0
mammographic-mass,svm,PSO,cluster_1,1.0,1.0,1.0,1.0,1.0,1.0,1.0,1.0,1.0,1.0,1.0,1.0,8.0
mammographic-mass,svm,PSO,cluster_2,1.0,1.0,1.0,1.0,1.0,1.0,1.0,1.0,1.0,1.0,1.0,1.0,3.0
mammographic-mass,svm,PSO,cluster_3,1.0,1.0,1.0,1.0,1.0,1.0,1.0,1.0,1.0,1.0,1.0,1.0,14.0
mammographic-mass,svm,PSO,cluster_4,1.0,1.0,1.0,1.0,1.0,1.0,1.0,1.0,1.0,1.0,1.0,1.0,5.0
mammographic-mass,svm,PSO,cluster_5,1.0,1.0,1.0,1.0,1.0,1.0,1.0,1.0,1.0,1.0,1.0,1.0,1.0
mammographic-mass,svm,PSO,cluster_6,1.0,1.0,1.0,0.0,0.0,1.0,1.0,1.0,1.0,0.0,0.0,1.0,2.0
mammographic-mass,svm,PSO,cluster_7,1.0,0.5,0.5,1.0,0.5,0.5,1.0,0.5,0.5,1.0,0.5,0.5,3.0
mammographic-mass,svm,PSO,cluster_8,1.0,1.0,1.0,0.0,1.0,0.0,1.0,1.0,1.0,0.0,1.0,0.0,7.0
mammographic-mass,svm,PSO,cluster_9,1.0,0.5,0.5,1.0,0.5,0.5,1.0,0.5,0.5,1.0,0.5,0.5,7.0
mammographic-mass,svm,WOA,cluster_0,1.0,1.0,1.0,1.0,1.0,1.0,1.0,1.0,1.0,1.0,1.0,1.0,11.0
mammographic-mass,svm,WOA,cluster_1,1.0,1.0,1.0,1.0,1.0,1.0,1.0,1.0,1.0,1.0,1.0,1.0,8.0
mammographic-mass,svm,WOA,cluster_2,1.0,1.0,1.0,1.0,1.0,1.0,1.0,1.0,1.0,1.0,1.0,1.0,3.0
mammographic-mass,svm,WOA,cluster_3,1.0,1.0,1.0,1.0,1.0,1.0,1.0,1.0,1.0,1.0,1.0,1.0,14.0
mammographic-mass,svm,WOA,cluster_4,1.0,1.0,1.0,0.0,1.0,0.0,1.0,1.0,1.0,0.0,1.0,0.0,5.0
mammographic-mass,svm,WOA,cluster_5,1.0,1.0,1.0,1.0,1.0,1.0,1.0,1.0,1.0,1.0,1.0,1.0,1.0
mammographic-mass,svm,WOA,cluster_6,1.0,1.0,1.0,1.0,1.0,1.0,1.0,1.0,1.0,1.0,1.0,1.0,2.0
mammographic-mass,svm,WOA,cluster_7,1.0,1.0,1.0,1.0,1.0,1.0,1.0,1.0,1.0,1.0,1.0,1.0,3.0
mammographic-mass,svm,WOA,cluster_8,1.0,0.5,0.5,1.0,0.5,0.5,1.0,0.5,0.5,1.0,0.5,0.5,7.0
mammographic-mass,svm,WOA,cluster_9,1.0,1.0,1.0,1.0,1.0,1.0,1.0,1.0,1.0,1.0,1.0,1.0,7.0
mammographic-mass,xgb,AP,cluster_0,1.0,0.0,0.0,1.0,0.0,0.0,1.0,0.0,0.0,1.0,0.0,0.0,8.0
mammographic-mass,xgb,AP,cluster_1,0.5,0.5,0.5,0.5,0.0,0.0,0.5,0.5,0.5,0.5,0.0,0.0,16.0
mammographic-mass,xgb,AP,cluster_2,1.0,0.5,0.5,0.0,0.0,0.5,1.0,0.0,0.0,0.0,0.0,0.0,3.0
mammographic-mass,xgb,AP,cluster_3,0.5,0.0,0.0,0.5,0.0,0.0,0.5,0.0,0.0,0.5,0.0,0.0,10.0
mammographic-mass,xgb,AP,cluster_4,1.0,1.0,1.0,1.0,0.0,0.0,1.0,1.0,1.0,1.0,0.0,0.0,1.0
mammographic-mass,xgb,AP,cluster_5,1.0,0.5,0.5,1.0,0.5,0.5,1.0,0.5,0.5,1.0,0.5,0.5,2.0
mammographic-mass,xgb,AP,cluster_6,0.5,0.5,0.5,0.5,0.5,0.5,0.5,0.5,0.5,0.5,0.5,0.5,4.0
mammographic-mass,xgb,AP,cluster_7,1.0,1.0,1.0,1.0,1.0,1.0,1.0,1.0,1.0,1.0,1.0,1.0,12.0
mammographic-mass,xgb,AP,cluster_8,1.0,1.0,1.0,0.0,0.0,1.0,1.0,1.0,1.0,0.0,0.0,1.0,1.0
mammographic-mass,xgb,AP,cluster_9,1.0,1.0,1.0,0.0,0.0,1.0,1.0,0.5,0.5,0.0,0.0,0.5,2.0
mammographic-mass,xgb,AP,cluster_10,1.0,0.5,0.5,1.0,0.5,0.5,1.0,0.5,0.5,1.0,0.5,0.5,6.0
mammographic-mass,xgb,EvoCluster_PSO,cluster_0,1.0,0.5,0.5,0.0,0.5,0.0,1.0,0.5,0.5,0.0,0.5,0.0,8.0
mammographic-mass,xgb,EvoCluster_PSO,cluster_1,1.0,1.0,1.0,0.0,0.0,1.0,1.0,1.0,1.0,0.0,0.0,1.0,16.0
mammographic-mass,xgb,EvoCluster_PSO,cluster_2,1.0,1.0,1.0,0.0,0.0,1.0,1.0,1.0,1.0,0.0,0.0,1.0,3.0
mammographic-mass,xgb,EvoCluster_PSO,cluster_3,0.5,0.5,0.5,0.5,0.5,0.5,0.5,0.0,0.0,0.5,0.0,0.0,10.0
mammographic-mass,xgb,EvoCluster_PSO,cluster_4,0.5,0.5,0.5,0.5,0.5,0.5,0.5,0.5,0.5,0.5,0.5,0.5,1.0
mammographic-mass,xgb,EvoCluster_PSO,cluster_5,1.0,0.5,0.5,1.0,0.5,0.5,1.0,0.5,0.5,1.0,0.5,0.5,2.0
mammographic-mass,xgb,EvoCluster_PSO,cluster_6,1.0,1.0,1.0,0.0,0.0,1.0,1.0,0.5,0.5,0.0,0.0,0.5,4.0
mammographic-mass,xgb,EvoCluster_PSO,cluster_7,1.0,0.0,0.0,1.0,0.0,0.0,1.0,0.0,0.0,1.0,0.0,0.0,12.0
mammographic-mass,xgb,EvoCluster_PSO,cluster_8,0.5,0.0,0.0,0.5,0.0,0.0,0.5,0.0,0.0,0.5,0.0,0.0,1.0
mammographic-mass,xgb,EvoCluster_PSO,cluster_9,0.5,0.0,0.0,0.5,0.0,0.0,0.5,0.0,0.0,0.5,0.0,0.0,2.0
mammographic-mass,xgb,EvoCluster_PSO,cluster_10,0.5,0.5,0.5,0.5,0.5,0.5,0.5,0.0,0.0,0.5,0.0,0.0,6.0
mammographic-mass,xgb,GWO,cluster_0,0.5,0.0,0.0,0.5,0.0,0.0,0.5,0.0,0.0,0.5,0.0,0.0,8.0
mammographic-mass,xgb,GWO,cluster_1,0.5,0.5,0.0,0.5,0.5,0.0,0.5,0.0,0.0,0.5,0.0,0.0,16.0
mammographic-mass,xgb,GWO,cluster_2,1.0,0.5,0.5,0.0,0.0,0.5,1.0,0.0,0.0,0.0,0.0,0.0,3.0
mammographic-mass,xgb,GWO,cluster_3,0.5,0.5,0.5,0.5,0.5,0.5,0.5,0.5,0.5,0.5,0.5,0.5,10.0
mammographic-mass,xgb,GWO,cluster_4,0.5,0.5,0.5,0.5,0.5,0.5,0.5,0.5,0.5,0.5,0.5,0.5,1.0
mammographic-mass,xgb,GWO,cluster_5,1.0,0.0,0.0,0.0,0.0,0.0,1.0,0.0,0.0,0.0,0.0,0.0,2.0
mammographic-mass,xgb,GWO,cluster_6,0.5,0.5,0.5,0.5,0.5,0.5,0.5,0.0,0.0,0.5,0.0,0.0,4.0
mammographic-mass,xgb,GWO,cluster_7,1.0,1.0,1.0,1.0,0.0,0.0,1.0,1.0,1.0,1.0,0.0,0.0,12.0
mammographic-mass,xgb,GWO,cluster_8,0.5,0.0,0.0,0.5,0.0,0.0,0.5,0.0,0.0,0.5,0.0,0.0,1.0
mammographic-mass,xgb,GWO,cluster_9,0.5,0.5,1.0,0.5,0.5,1.0,0.5,0.5,1.0,0.5,0.5,1.0,2.0
mammographic-mass,xgb,GWO,cluster_10,0.5,0.0,0.0,0.5,0.0,0.0,0.5,0.0,0.0,0.5,0.0,0.0,6.0
mammographic-mass,xgb,PSO,cluster_0,1.0,0.5,0.5,0.0,0.0,0.5,1.0,0.0,0.0,0.0,0.0,0.0,8.0
mammographic-mass,xgb,PSO,cluster_1,1.0,1.0,1.0,0.0,0.0,1.0,1.0,1.0,1.0,0.0,0.0,1.0,16.0
mammographic-mass,xgb,PSO,cluster_2,0.5,0.5,0.5,0.5,0.5,0.5,0.5,0.0,0.0,0.5,0.0,0.0,3.0
mammographic-mass,xgb,PSO,cluster_3,0.5,0.0,0.0,0.5,0.0,0.0,0.5,0.0,0.0,0.5,0.0,0.0,10.0
mammographic-mass,xgb,PSO,cluster_4,1.0,1.0,1.0,1.0,1.0,1.0,1.0,1.0,1.0,1.0,1.0,1.0,1.0
mammographic-mass,xgb,PSO,cluster_5,0.5,0.0,0.0,0.5,0.0,0.0,0.5,0.0,0.0,0.5,0.0,0.0,2.0
mammographic-mass,xgb,PSO,cluster_6,0.5,0.5,0.5,0.5,0.5,0.5,0.5,0.0,0.0,0.5,0.0,0.0,4.0
mammographic-mass,xgb,PSO,cluster_7,0.5,0.0,0.0,0.5,0.0,0.0,0.5,0.0,0.0,0.5,0.0,0.0,12.0
mammographic-mass,xgb,PSO,cluster_8,1.0,0.5,0.5,0.0,0.0,0.5,1.0,0.5,0.5,0.0,0.0,0.5,1.0
mammographic-mass,xgb,PSO,cluster_9,1.0,0.0,0.0,1.0,0.0,0.0,1.0,0.0,0.0,1.0,0.0,0.0,2.0
mammographic-mass,xgb,PSO,cluster_10,1.0,1.0,1.0,0.0,0.0,1.0,1.0,0.5,0.5,0.0,0.0,0.5,6.0
mammographic-mass,xgb,WOA,cluster_0,0.5,0.5,0.5,0.5,0.5,0.5,0.5,0.0,0.0,0.5,0.0,0.0,8.0
mammographic-mass,xgb,WOA,cluster_1,0.5,0.5,0.5,0.5,0.5,0.5,0.5,0.0,0.0,0.5,0.0,0.0,16.0
mammographic-mass,xgb,WOA,cluster_2,0.5,0.5,0.5,0.5,0.5,0.5,0.5,0.0,0.0,0.5,0.0,0.0,3.0
mammographic-mass,xgb,WOA,cluster_3,0.5,0.5,0.5,0.5,0.5,0.5,0.5,0.0,0.0,0.5,0.0,0.0,10.0
mammographic-mass,xgb,WOA,cluster_4,0.5,0.5,0.5,0.5,0.5,0.5,0.5,0.0,0.0,0.5,0.0,0.0,1.0
mammographic-mass,xgb,WOA,cluster_5,0.5,0.5,0.5,0.5,0.5,0.5,0.5,0.0,0.0,0.5,0.0,0.0,2.0
mammographic-mass,xgb,WOA,cluster_6,0.5,0.5,0.5,0.5,0.5,0.5,0.5,0.0,0.0,0.5,0.0,0.0,4.0
mammographic-mass,xgb,WOA,cluster_7,1.0,0.5,0.5,0.0,0.0,0.5,1.0,0.0,0.0,0.0,0.0,0.0,12.0
mammographic-mass,xgb,WOA,cluster_8,0.5,0.5,0.5,0.5,0.5,0.5,0.5,0.0,0.0,0.5,0.0,0.0,1.0
mammographic-mass,xgb,WOA,cluster_9,0.5,0.5,0.5,0.5,0.5,0.5,0.5,0.0,0.0,0.5,0.0,0.0,2.0
mammographic-mass,xgb,WOA,cluster_10,0.5,0.5,0.5,0.5,0.5,0.5,0.5,0.0,0.0,0.5,0.0,0.0,6.0
ozone-level-8hr,rf,AP,cluster_0,0.8,0.2,0.3,0.1,0.0,0.0,0.8,0.2,0.3,0.1,0.0,0.0,2.0
ozone-level-8hr,rf,AP,cluster_1,0.7,0.6,0.4,0.2,0.0,0.1,0.7,0.6,0.4,0.2,0.0,0.1,1.0
ozone-level-8hr,rf,AP,cluster_2,0.6,0.4,0.4,0.0,0.2,0.0,0.6,0.4,0.4,0.0,0.2,0.0,6.0
ozone-level-8hr,rf,AP,cluster_3,0.7,0.4,0.7,0.1,0.3,0.1,0.7,0.4,0.7,0.1,0.3,0.1,4.0
ozone-level-8hr,rf,AP,cluster_4,0.6,0.6,0.8,0.2,0.3,0.4,0.6,0.6,0.8,0.2,0.3,0.4,15.0
ozone-level-8hr,rf,AP,cluster_5,0.6,0.5,0.5,0.2,0.1,0.2,0.6,0.5,0.5,0.2,0.1,0.2,1.0
ozone-level-8hr,rf,AP,cluster_6,0.7,0.3,0.4,0.2,0.0,0.1,0.7,0.2,0.3,0.2,0.0,0.1,4.0
ozone-level-8hr,rf,AP,cluster_7,0.7,0.7,0.8,0.0,0.0,0.1,0.7,0.7,0.8,0.0,0.0,0.1,11.0
ozone-level-8hr,rf,EvoCluster_PSO,cluster_0,0.6,0.6,0.5,0.2,0.0,0.0,0.6,0.6,0.5,0.2,0.0,0.0,2.0
ozone-level-8hr,rf,EvoCluster_PSO,cluster_1,0.8,0.7,0.7,0.2,0.2,0.1,0.8,0.7,0.7,0.2,0.2,0.1,1.0
ozone-level-8hr,rf,EvoCluster_PSO,cluster_2,0.8,0.7,0.9,0.4,0.1,0.1,0.8,0.7,0.9,0.4,0.1,0.1,6.0
ozone-level-8hr,rf,EvoCluster_PSO,cluster_3,0.8,0.6,0.8,0.2,0.0,0.1,0.8,0.6,0.8,0.2,0.0,0.1,4.0
ozone-level-8hr,rf,EvoCluster_PSO,cluster_4,0.6,0.6,0.5,0.2,0.0,0.0,0.6,0.6,0.5,0.2,0.0,0.0,15.0
ozone-level-8hr,rf,EvoCluster_PSO,cluster_5,0.7,0.7,0.6,0.1,0.1,0.2,0.7,0.7,0.6,0.1,0.1,0.2,1.0
ozone-level-8hr,rf,EvoCluster_PSO,cluster_6,0.6,0.6,0.5,0.2,0.0,0.0,0.6,0.6,0.5,0.2,0.0,0.0,4.0
ozone-level-8hr,rf,EvoCluster_PSO,cluster_7,0.7,0.4,0.7,0.1,0.3,0.1,0.7,0.4,0.7,0.1,0.3,0.1,11.0
ozone-level-8hr,rf,GWO,cluster_0,0.6,0.6,0.5,0.0,0.1,0.0,0.6,0.6,0.5,0.0,0.1,0.0,2.0
ozone-level-8hr,rf,GWO,cluster_1,0.7,0.4,0.6,0.1,0.0,0.1,0.7,0.4,0.6,0.1,0.0,0.1,1.0
ozone-level-8hr,rf,GWO,cluster_2,0.7,0.7,0.6,0.1,0.1,0.2,0.7,0.7,0.6,0.1,0.1,0.2,6.0
ozone-level-8hr,rf,GWO,cluster_3,0.9,0.7,0.8,0.1,0.5,0.3,0.9,0.7,0.8,0.1,0.5,0.3,4.0
ozone-level-8hr,rf,GWO,cluster_4,0.7,0.7,0.6,0.1,0.1,0.2,0.7,0.7,0.6,0.1,0.1,0.2,15.0
ozone-level-8hr,rf,GWO,cluster_5,0.6,0.4,0.7,0.1,0.1,0.1,0.6,0.4,0.7,0.1,0.1,0.1,1.0
ozone-level-8hr,rf,GWO,cluster_6,0.8,0.7,0.5,0.1,0.1,0.0,0.8,0.7,0.5,0.1,0.1,0.0,4.0
ozone-level-8hr,rf,GWO,cluster_7,0.7,0.6,0.6,0.3,0.3,0.2,0.7,0.6,0.6,0.3,0.3,0.2,11.0
ozone-level-8hr,rf,PSO,cluster_0,0.6,0.4,0.4,0.0,0.2,0.0,0.6,0.4,0.4,0.0,0.2,0.0,2.0
ozone-level-8hr,rf,PSO,cluster_1,0.7,0.7,0.8,0.1,0.4,0.1,0.7,0.7,0.8,0.1,0.4,0.1,1.0
ozone-level-8hr,rf,PSO,cluster_2,0.8,0.6,0.7,0.1,0.1,0.0,0.8,0.6,0.7,0.1,0.1,0.0,6.0
ozone-level-8hr,rf,PSO,cluster_3,0.8,0.6,0.7,0.1,0.1,0.0,0.8,0.6,0.7,0.1,0.1,0.0,4.0
ozone-level-8hr,rf,PSO,cluster_4,0.7,0.6,0.7,0.1,0.1,0.4,0.7,0.6,0.7,0.1,0.1,0.4,15.0
ozone-level-8hr,rf,PSO,cluster_5,0.7,0.4,0.7,0.1,0.3,0.1,0.7,0.4,0.7,0.1,0.3,0.1,1.0
ozone-level-8hr,rf,PSO,cluster_6,0.8,0.6,0.7,0.1,0.1,0.0,0.8,0.6,0.7,0.1,0.1,0.0,4.0
ozone-level-8hr,rf,PSO,cluster_7,0.7,0.6,0.7,0.1,0.1,0.4,0.7,0.6,0.7,0.1,0.1,0.4,11.0
ozone-level-8hr,rf,WOA,cluster_0,0.8,0.6,0.7,0.1,0.1,0.0,0.8,0.6,0.7,0.1,0.1,0.0,2.0
ozone-level-8hr,rf,WOA,cluster_1,0.7,0.6,0.5,0.0,0.2,0.0,0.7,0.6,0.5,0.0,0.2,0.0,1.0
ozone-level-8hr,rf,WOA,cluster_2,0.8,0.6,0.7,0.1,0.1,0.0,0.8,0.6,0.7,0.1,0.1,0.0,6.0
ozone-level-8hr,rf,WOA,cluster_3,0.7,0.6,0.6,0.3,0.3,0.2,0.7,0.6,0.6,0.3,0.3,0.2,4.0
ozone-level-8hr,rf,WOA,cluster_4,0.8,0.6,0.7,0.1,0.1,0.0,0.8,0.6,0.7,0.1,0.1,0.0,15.0
ozone-level-8hr,rf,WOA,cluster_5,0.7,0.6,0.6,0.3,0.3,0.2,0.7,0.6,0.6,0.3,0.3,0.2,1.0
ozone-level-8hr,rf,WOA,cluster_6,0.7,0.6,0.7,0.2,0.1,0.1,0.7,0.6,0.7,0.2,0.1,0.1,4.0
ozone-level-8hr,rf,WOA,cluster_7,0.6,0.7,0.6,0.1,0.1,0.1,0.6,0.7,0.6,0.1,0.1,0.1,11.0
ozone-level-8hr,svm,AP,cluster_0,0.4,0.2,0.6,0.1,0.0,0.0,0.4,0.2,0.6,0.1,0.0,0.0,2.0
ozone-level-8hr,svm,AP,cluster_1,0.8,0.8,0.8,0.1,0.0,0.0,0.8,0.8,0.8,0.1,0.0,0.0,1.0
ozone-level-8hr,svm,AP,cluster_2,0.4,0.5,0.7,0.0,0.0,0.0,0.4,0.5,0.7,0.0,0.0,0.0,7.0
ozone-level-8hr,svm,AP,cluster_3,0.9,0.7,0.6,0.0,0.2,0.0,0.9,0.7,0.6,0.0,0.2,0.0,3.0
ozone-level-8hr,svm,AP,cluster_4,1.0,0.8,0.8,0.2,0.3,0.2,1.0,0.8,0.8,0.2,0.3,0.2,4.0
ozone-level-8hr,svm,AP,cluster_5,0.8,0.8,0.9,0.1,0.0,0.1,0.8,0.8,0.9,0.1,0.0,0.1,17.0
ozone-level-8hr,svm,AP,cluster_6,0.5,0.5,0.5,0.0,0.1,0.1,0.5,0.5,0.5,0.0,0.1,0.1,1.0
ozone-level-8hr,svm,AP,cluster_7,0.9,0.6,0.7,0.1,0.2,0.0,0.9,0.6,0.7,0.1,0.2,0.0,4.0
ozone-level-8hr,svm,AP,cluster_8,0.7,0.4,0.7,0.1,0.1,0.1,0.7,0.4,0.7,0.1,0.1,0.1,10.0
ozone-level-8hr,svm,EvoCluster_PSO,cluster_0,0.9,0.7,0.8,0.2,0.1,0.0,0.9,0.7,0.8,0.2,0.1,0.0,2.0
ozone-level-8hr,svm,EvoCluster_PSO,cluster_1,0.9,0.7,0.8,0.3,0.0,0.3,0.9,0.7,0.8,0.3,0.0,0.3,1.0
ozone-level-8hr,svm,EvoCluster_PSO,cluster_2,0.8,0.9,0.8,0.1,0.3,0.2,0.8,0.9,0.8,0.1,0.3,0.2,7.0
ozone-level-8hr,svm,EvoCluster_PSO,cluster_3,0.8,0.6,0.8,0.0,0.0,0.1,0.8,0.6,0.8,0.0,0.0,0.1,3.0
ozone-level-8hr,svm,EvoCluster_PSO,cluster_4,0.8,0.7,0.8,0.0,0.2,0.1,0.8,0.7,0.8,0.0,0.2,0.1,4.0
ozone-level-8hr,svm,EvoCluster_PSO,cluster_5,0.9,0.8,0.8,0.0,0.0,0.0,0.9,0.8,0.8,0.0,0.0,0.0,17.0
ozone-level-8hr,svm,EvoCluster_PSO,cluster_6,0.9,0.8,0.9,0.3,0.2,0.1,0.9,0.8,0.9,0.3,0.2,0.1,1.0
ozone-level-8hr,svm,EvoCluster_PSO,cluster_7,0.7,0.5,0.8,0.1,0.1,0.1,0.7,0.5,0.8,0.1,0.1,0.1,4.0
ozone-level-8hr,svm,EvoCluster_PSO,cluster_8,0.9,0.7,0.8,0.0,0.1,0.0,0.9,0.7,0.8,0.0,0.1,0.0,10.0
ozone-level-8hr,svm,GWO,cluster_0,0.7,0.5,0.8,0.1,0.1,0.1,0.7,0.5,0.8,0.1,0.1,0.1,2.0
ozone-level-8hr,svm,GWO,cluster_1,0.9,0.7,0.6,0.0,0.2,0.0,0.9,0.7,0.6,0.0,0.2,0.0,1.0
ozone-level-8hr,svm,GWO,cluster_2,0.7,0.7,0.8,0.0,0.1,0.1,0.7,0.7,0.8,0.0,0.1,0.1,7.0
ozone-level-8hr,svm,GWO,cluster_3,0.8,0.7,0.8,0.0,0.2,0.1,0.8,0.7,0.8,0.0,0.2,0.1,3.0
ozone-level-8hr,svm,GWO,cluster_4,0.9,0.7,0.7,0.0,0.2,0.2,0.9,0.7,0.7,0.0,0.2,0.2,4.0
ozone-level-8hr,svm,GWO,cluster_5,0.9,0.8,0.8,0.0,0.0,0.0,0.9,0.8,0.8,0.0,0.0,0.0,17.0
ozone-level-8hr,svm,GWO,cluster_6,1.0,0.8,0.8,0.2,0.3,0.2,1.0,0.8,0.8,0.2,0.3,0.2,1.0
ozone-level-8hr,svm,GWO,cluster_7,1.0,0.8,0.8,0.2,0.3,0.2,1.0,0.8,0.8,0.2,0.3,0.2,4.0
ozone-level-8hr,svm,GWO,cluster_8,1.0,0.9,0.9,0.1,0.0,0.0,1.0,0.9,0.9,0.1,0.0,0.0,10.0
ozone-level-8hr,svm,PSO,cluster_0,0.9,0.7,0.7,0.2,0.0,0.0,0.9,0.7,0.7,0.2,0.0,0.0,2.0
ozone-level-8hr,svm,PSO,cluster_1,0.9,0.9,0.8,0.3,0.2,0.1,0.9,0.9,0.8,0.3,0.2,0.1,1.0
ozone-level-8hr,svm,PSO,cluster_2,0.8,0.7,0.8,0.3,0.0,0.0,0.8,0.7,0.8,0.3,0.0,0.0,7.0
ozone-level-8hr,svm,PSO,cluster_3,0.7,0.7,0.8,0.0,0.1,0.1,0.7,0.7,0.8,0.0,0.1,0.1,3.0
ozone-level-8hr,svm,PSO,cluster_4,0.9,0.7,0.8,0.3,0.0,0.3,0.9,0.7,0.8,0.3,0.0,0.3,4.0
ozone-level-8hr,svm,PSO,cluster_5,0.9,0.7,0.8,0.2,0.1,0.0,0.9,0.7,0.8,0.2,0.1,0.0,17.0
ozone-level-8hr,svm,PSO,cluster_6,0.9,0.7,0.8,0.2,0.1,0.0,0.9,0.7,0.8,0.2,0.1,0.0,1.0
ozone-level-8hr,svm,PSO,cluster_7,1.0,0.8,0.8,0.2,0.3,0.2,1.0,0.8,0.8,0.2,0.3,0.2,4.0
ozone-level-8hr,svm,PSO,cluster_8,1.0,0.9,0.9,0.1,0.0,0.0,1.0,0.9,0.9,0.1,0.0,0.0,10.0
ozone-level-8hr,svm,WOA,cluster_0,0.7,0.4,0.7,0.1,0.1,0.1,0.7,0.4,0.7,0.1,0.1,0.1,2.0
ozone-level-8hr,svm,WOA,cluster_1,1.0,0.8,0.8,0.2,0.3,0.2,1.0,0.8,0.8,0.2,0.3,0.2,1.0
ozone-level-8hr,svm,WOA,cluster_2,0.9,0.7,0.6,0.0,0.2,0.0,0.9,0.7,0.6,0.0,0.2,0.0,7.0
ozone-level-8hr,svm,WOA,cluster_3,0.9,0.7,0.8,0.2,0.1,0.0,0.9,0.7,0.8,0.2,0.1,0.0,3.0
ozone-level-8hr,svm,WOA,cluster_4,1.0,0.9,0.9,0.1,0.0,0.0,1.0,0.9,0.9,0.1,0.0,0.0,4.0
ozone-level-8hr,svm,WOA,cluster_5,0.8,0.8,0.9,0.1,0.0,0.1,0.8,0.8,0.9,0.1,0.0,0.1,17.0
ozone-level-8hr,svm,WOA,cluster_6,0.9,0.8,0.8,0.0,0.0,0.0,0.9,0.8,0.8,0.0,0.0,0.0,1.0
ozone-level-8hr,svm,WOA,cluster_7,0.9,0.7,0.8,0.0,0.1,0.0,0.9,0.7,0.8,0.0,0.1,0.0,4.0
ozone-level-8hr,svm,WOA,cluster_8,1.0,0.8,0.8,0.2,0.3,0.2,1.0,0.8,0.8,0.2,0.3,0.2,10.0
ozone-level-8hr,xgb,AP,cluster_0,0.5,0.5,0.7,0.0,0.1,0.3,0.5,0.5,0.7,0.0,0.1,0.3,1.0
ozone-level-8hr,xgb,AP,cluster_1,0.6,0.5,0.7,0.1,0.0,0.1,0.6,0.5,0.7,0.1,0.0,0.1,1.0
ozone-level-8hr,xgb,AP,cluster_2,0.5,0.2,0.4,0.1,0.0,0.0,0.5,0.2,0.4,0.1,0.0,0.0,9.0
ozone-level-8hr,xgb,AP,cluster_3,0.5,0.5,0.5,0.1,0.0,0.0,0.5,0.4,0.5,0.1,0.0,0.0,8.0
ozone-level-8hr,xgb,AP,cluster_4,0.4,0.6,0.4,0.1,0.0,0.0,0.4,0.6,0.4,0.1,0.0,0.0,6.0
ozone-level-8hr,xgb,AP,cluster_5,0.6,0.3,0.6,0.3,0.0,0.0,0.6,0.3,0.5,0.3,0.0,0.0,4.0
ozone-level-8hr,xgb,AP,cluster_6,0.4,0.2,0.6,0.0,0.0,0.0,0.4,0.2,0.5,0.0,0.0,0.0,1.0
ozone-level-8hr,xgb,AP,cluster_7,0.7,0.6,0.6,0.0,0.3,0.0,0.7,0.6,0.6,0.0,0.3,0.0,5.0
ozone-level-8hr,xgb,AP,cluster_8,0.5,0.6,0.5,0.0,0.0,0.1,0.5,0.6,0.5,0.0,0.0,0.1,9.0
ozone-level-8hr,xgb,EvoCluster_PSO,cluster_0,0.5,0.6,0.5,0.1,0.0,0.0,0.5,0.6,0.5,0.1,0.0,0.0,1.0
ozone-level-8hr,xgb,EvoCluster_PSO,cluster_1,0.4,0.2,0.6,0.0,0.0,0.0,0.4,0.2,0.6,0.0,0.0,0.0,1.0
ozone-level-8hr,xgb,EvoCluster_PSO,cluster_2,0.4,0.2,0.6,0.0,0.0,0.0,0.4,0.2,0.6,0.0,0.0,0.0,9.0
ozone-level-8hr,xgb,EvoCluster_PSO,cluster_3,0.4,0.6,0.4,0.1,0.0,0.0,0.4,0.6,0.4,0.1,0.0,0.0,8.0
ozone-level-8hr,xgb,EvoCluster_PSO,cluster_4,0.6,0.5,0.6,0.1,0.1,0.1,0.6,0.4,0.5,0.1,0.0,0.1,6.0
ozone-level-8hr,xgb,EvoCluster_PSO,cluster_5,0.4,0.7,0.5,0.0,0.1,0.1,0.4,0.7,0.5,0.0,0.1,0.1,4.0
ozone-level-8hr,xgb,EvoCluster_PSO,cluster_6,0.5,0.2,0.4,0.0,0.0,0.0,0.5,0.2,0.4,0.0,0.0,0.0,1.0
ozone-level-8hr,xgb,EvoCluster_PSO,cluster_7,0.4,0.2,0.6,0.0,0.0,0.0,0.4,0.2,0.6,0.0,0.0,0.0,5.0
ozone-level-8hr,xgb,EvoCluster_PSO,cluster_8,0.5,0.3,0.4,0.0,0.0,0.0,0.5,0.3,0.4,0.0,0.0,0.0,9.0
ozone-level-8hr,xgb,GWO,cluster_0,0.6,0.6,0.6,0.2,0.0,0.1,0.6,0.6,0.6,0.2,0.0,0.1,1.0
ozone-level-8hr,xgb,GWO,cluster_1,0.5,0.3,0.4,0.0,0.0,0.0,0.5,0.3,0.4,0.0,0.0,0.0,1.0
ozone-level-8hr,xgb,GWO,cluster_2,0.4,0.6,0.6,0.0,0.0,0.1,0.4,0.6,0.6,0.0,0.0,0.1,9.0
ozone-level-8hr,xgb,GWO,cluster_3,0.5,0.3,0.4,0.0,0.0,0.0,0.5,0.3,0.4,0.0,0.0,0.0,8.0
ozone-level-8hr,xgb,GWO,cluster_4,0.3,0.3,0.6,0.1,0.0,0.1,0.3,0.3,0.6,0.1,0.0,0.1,6.0
ozone-level-8hr,xgb,GWO,cluster_5,0.4,0.6,0.4,0.1,0.0,0.0,0.4,0.6,0.4,0.1,0.0,0.0,4.0
ozone-level-8hr,xgb,GWO,cluster_6,0.4,0.2,0.6,0.0,0.0,0.0,0.4,0.2,0.6,0.0,0.0,0.0,1.0
ozone-level-8hr,xgb,GWO,cluster_7,0.3,0.3,0.6,0.1,0.0,0.1,0.3,0.3,0.6,0.1,0.0,0.1,5.0
ozone-level-8hr,xgb,GWO,cluster_8,0.5,0.2,0.4,0.1,0.0,0.0,0.5,0.2,0.4,0.1,0.0,0.0,9.0
ozone-level-8hr,xgb,PSO,cluster_0,0.5,0.2,0.4,0.0,0.0,0.0,0.5,0.2,0.4,0.0,0.0,0.0,1.0
ozone-level-8hr,xgb,PSO,cluster_1,0.4,0.2,0.6,0.0,0.0,0.0,0.4,0.2,0.6,0.0,0.0,0.0,1.0
ozone-level-8hr,xgb,PSO,cluster_2,0.6,0.6,0.6,0.2,0.0,0.1,0.6,0.6,0.6,0.2,0.0,0.1,9.0
ozone-level-8hr,xgb,PSO,cluster_3,0.4,0.2,0.6,0.0,0.0,0.0,0.4,0.2,0.6,0.0,0.0,0.0,8.0
ozone-level-8hr,xgb,PSO,cluster_4,0.4,0.2,0.6,0.0,0.0,0.0,0.4,0.2,0.6,0.0,0.0,0.0,6.0
ozone-level-8hr,xgb,PSO,cluster_5,0.6,0.6,0.6,0.1,0.0,0.1,0.6,0.6,0.6,0.1,0.0,0.1,4.0
ozone-level-8hr,xgb,PSO,cluster_6,0.6,0.5,0.6,0.1,0.1,0.1,0.6,0.4,0.5,0.1,0.0,0.1,1.0
ozone-level-8hr,xgb,PSO,cluster_7,0.6,0.5,0.6,0.1,0.0,0.0,0.6,0.5,0.6,0.1,0.0,0.0,5.0
ozone-level-8hr,xgb,PSO,cluster_8,0.6,0.5,0.5,0.1,0.1,0.0,0.6,0.5,0.5,0.1,0.1,0.0,9.0
ozone-level-8hr,xgb,WOA,cluster_0,0.6,0.3,0.6,0.3,0.0,0.0,0.6,0.3,0.5,0.3,0.0,0.0,1.0
ozone-level-8hr,xgb,WOA,cluster_1,0.6,0.5,0.9,0.1,0.0,0.2,0.6,0.5,0.9,0.1,0.0,0.2,1.0
ozone-level-8hr,xgb,WOA,cluster_2,0.5,0.3,0.4,0.0,0.0,0.0,0.5,0.3,0.4,0.0,0.0,0.0,9.0
ozone-level-8hr,xgb,WOA,cluster_3,0.4,0.6,0.6,0.0,0.0,0.1,0.4,0.6,0.6,0.0,0.0,0.1,8.0
ozone-level-8hr,xgb,WOA,cluster_4,0.4,0.6,0.4,0.1,0.0,0.0,0.4,0.6,0.4,0.1,0.0,0.0,6.0
ozone-level-8hr,xgb,WOA,cluster_5,0.5,0.2,0.4,0.0,0.0,0.0,0.5,0.2,0.4,0.0,0.0,0.0,4.0
ozone-level-8hr,xgb,WOA,cluster_6,0.6,0.5,0.9,0.1,0.0,0.2,0.6,0.5,0.9,0.1,0.0,0.2,1.0
ozone-level-8hr,xgb,WOA,cluster_7,0.4,0.6,0.4,0.1,0.0,0.0,0.4,0.6,0.4,0.1,0.0,0.0,5.0
ozone-level-8hr,xgb,WOA,cluster_8,0.5,0.4,0.8,0.0,0.1,0.1,0.5,0.4,0.8,0.0,0.1,0.1,9.0
phoneme,rf,AP,cluster_0,0.0,0.5,0.5,0.0,0.5,0.0,0.0,0.0,0.5,0.0,0.0,0.0,4.0
phoneme,rf,AP,cluster_1,1.0,0.5,0.5,0.0,0.5,0.0,1.0,0.5,0.5,0.0,0.5,0.0,21.0
phoneme,rf,AP,cluster_2,0.0,1.0,0.0,0.0,1.0,0.0,0.0,1.0,0.0,0.0,1.0,0.0,17.0
phoneme,rf,AP,cluster_3,1.0,1.0,1.0,1.0,0.0,0.0,1.0,1.0,1.0,1.0,0.0,0.0,5.0
phoneme,rf,AP,cluster_4,0.5,1.0,0.5,0.5,1.0,0.5,0.5,1.0,0.5,0.5,1.0,0.5,11.0
phoneme,rf,AP,cluster_5,0.5,0.5,1.0,0.0,0.5,0.0,0.5,0.5,1.0,0.0,0.5,0.0,20.0
phoneme,rf,AP,cluster_6,0.5,0.5,0.5,0.5,0.5,0.5,0.5,0.5,0.5,0.5,0.5,0.5,3.0
phoneme,rf,AP,cluster_7,0.5,1.0,0.5,0.0,1.0,0.0,0.5,1.0,0.5,0.0,1.0,0.0,6.0
phoneme,rf,AP,cluster_8,0.5,1.0,0.5,0.5,1.0,0.5,0.5,1.0,0.5,0.5,1.0,0.5,12.0
phoneme,rf,AP,cluster_9,0.5,1.0,0.5,0.5,1.0,0.5,0.5,1.0,0.5,0.5,1.0,0.5,9.0
phoneme,rf,AP,cluster_10,0.5,0.5,0.5,0.0,0.0,0.0,0.5,0.5,0.5,0.0,0.0,0.0,12.0
phoneme,rf,AP,cluster_11,0.5,0.5,0.5,0.5,0.0,0.5,0.5,0.5,0.5,0.5,0.0,0.5,11.0
phoneme,rf,AP,cluster_12,1.0,0.5,0.5,1.0,0.5,0.5,1.0,0.5,0.5,1.0,0.5,0.5,4.0
phoneme,rf,AP,cluster_13,0.5,0.5,0.5,0.5,0.5,0.5,0.5,0.5,0.5,0.5,0.5,0.5,1.0
phoneme,rf,AP,cluster_14,0.5,0.5,0.5,0.5,0.0,0.0,0.5,0.5,0.5,0.5,0.0,0.0,11.0
phoneme,rf,AP,cluster_15,1.0,0.5,0.5,1.0,0.5,0.5,1.0,0.0,0.0,1.0,0.0,0.0,11.0
phoneme,rf,AP,cluster_16,0.5,1.0,0.5,0.0,0.0,0.5,0.5,1.0,0.5,0.0,0.0,0.5,12.0
phoneme,rf,EvoCluster_PSO,cluster_0,1.0,1.0,1.0,0.0,0.0,1.0,0.5,0.5,1.0,0.0,0.0,1.0,4.0
phoneme,rf,EvoCluster_PSO,cluster_1,1.0,1.0,1.0,0.0,1.0,0.0,1.0,0.5,0.5,0.0,0.5,0.0,21.0
phoneme,rf,EvoCluster_PSO,cluster_2,0.5,0.0,0.0,0.0,0.0,0.0,0.5,0.0,0.0,0.0,0.0,0.0,17.0
phoneme,rf,EvoCluster_PSO,cluster_3,1.0,1.0,1.0,1.0,1.0,1.0,1.0,1.0,1.0,1.0,1.0,1.0,5.0
phoneme,rf,EvoCluster_PSO,cluster_4,0.5,0.5,0.0,0.0,0.5,0.0,0.5,0.5,0.0,0.0,0.5,0.0,11.0
phoneme,rf,EvoCluster_PSO,cluster_5,1.0,1.0,1.0,0.0,1.0,0.0,1.0,0.5,0.5,0.0,0.5,0.0,20.0
phoneme,rf,EvoCluster_PSO,cluster_6,1.0,1.0,1.0,0.0,0.0,1.0,0.5,0.5,1.0,0.0,0.0,1.0,3.0
phoneme,rf,EvoCluster_PSO,cluster_7,0.5,0.5,0.0,0.0,0.0,0.0,0.5,0.0,0.0,0.0,0.0,0.0,6.0
phoneme,rf,EvoCluster_PSO,cluster_8,1.0,1.0,1.0,0.0,1.0,0.0,1.0,1.0,1.0,0.0,1.0,0.0,12.0
phoneme,rf,EvoCluster_PSO,cluster_9,0.5,0.5,0.5,0.5,0.5,0.5,0.5,0.5,0.5,0.5,0.5,0.5,9.0
phoneme,rf,EvoCluster_PSO,cluster_10,1.0,0.0,0.0,1.0,0.0,0.0,1.0,0.0,0.0,1.0,0.0,0.0,12.0
phoneme,rf,EvoCluster_PSO,cluster_11,0.5,0.5,0.5,0.0,0.5,0.0,0.5,0.5,0.5,0.0,0.5,0.0,11.0
phoneme,rf,EvoCluster_PSO,cluster_12,0.5,0.5,0.5,0.5,0.5,0.5,0.5,0.5,0.5,0.5,0.5,0.5,4.0
phoneme,rf,EvoCluster_PSO,cluster_13,1.0,0.5,0.5,0.0,0.0,0.5,1.0,0.5,0.5,0.0,0.0,0.5,1.0
phoneme,rf,EvoCluster_PSO,cluster_14,1.0,1.0,1.0,0.0,1.0,0.0,1.0,1.0,1.0,0.0,1.0,0.0,11.0
phoneme,rf,EvoCluster_PSO,cluster_15,0.5,1.0,0.5,0.5,1.0,0.5,0.5,1.0,0.5,0.5,1.0,0.5,11.0
phoneme,rf,EvoCluster_PSO,cluster_16,1.0,0.5,0.5,0.0,0.5,0.0,1.0,0.5,0.5,0.0,0.5,0.0,12.0
phoneme,rf,GWO,cluster_0,0.5,1.0,0.5,0.0,0.0,0.5,0.5,1.0,0.5,0.0,0.0,0.5,4.0
phoneme,rf,GWO,cluster_1,0.5,0.5,1.0,0.0,0.0,1.0,0.5,0.5,1.0,0.0,0.0,1.0,21.0
phoneme,rf,GWO,cluster_2,1.0,0.5,0.5,1.0,0.5,0.5,1.0,0.5,0.5,1.0,0.5,0.5,17.0
phoneme,rf,GWO,cluster_3,1.0,1.0,1.0,1.0,1.0,1.0,1.0,1.0,1.0,1.0,1.0,1.0,5.0
phoneme,rf,GWO,cluster_4,1.0,1.0,1.0,1.0,1.0,1.0,1.0,1.0,1.0,1.0,1.0,1.0,11.0
phoneme,rf,GWO,cluster_5,0.5,0.5,0.5,0.5,0.5,0.5,0.5,0.5,0.5,0.5,0.5,0.5,20.0
phoneme,rf,GWO,cluster_6,1.0,1.0,1.0,0.0,1.0,0.0,1.0,0.5,0.5,0.0,0.5,0.0,3.0
phoneme,rf,GWO,cluster_7,0.5,0.5,0.5,0.5,0.0,0.5,0.5,0.5,0.5,0.5,0.0,0.5,6.0
phoneme,rf,GWO,cluster_8,1.0,0.5,0.5,1.0,0.5,0.5,1.0,0.5,0.5,1.0,0.5,0.5,12.0
phoneme,rf,GWO,cluster_9,0.5,1.0,0.5,0.5,1.0,0.5,0.5,1.0,0.5,0.5,1.0,0.5,9.0
phoneme,rf,GWO,cluster_10,0.5,0.5,0.0,0.0,0.5,0.0,0.5,0.5,0.0,0.0,0.5,0.0,12.0
phoneme,rf,GWO,cluster_11,1.0,1.0,1.0,0.0,0.0,1.0,0.5,0.5,1.0,0.0,0.0,1.0,11.0
phoneme,rf,GWO,cluster_12,1.0,1.0,1.0,1.0,1.0,1.0,1.0,1.0,1.0,1.0,1.0,1.0,4.0
phoneme,rf,GWO,cluster_13,0.5,1.0,0.5,0.5,1.0,0.5,0.5,1.0,0.5,0.5,1.0,0.5,1.0
phoneme,rf,GWO,cluster_14,0.5,1.0,0.5,0.5,0.0,0.0,0.5,1.0,0.5,0.5,0.0,0.0,11.0
phoneme,rf,GWO,cluster_15,0.5,1.0,0.5,0.0,0.0,0.5,0.5,1.0,0.5,0.0,0.0,0.5,11.0
phoneme,rf,GWO,cluster_16,0.5,1.0,0.5,0.0,0.0,0.5,0.5,1.0,0.5,0.0,0.0,0.5,12.0
phoneme,rf,PSO,cluster_0,0.5,0.0,0.5,0.0,0.0,0.0,0.5,0.0,0.5,0.0,0.0,0.0,4.0
phoneme,rf,PSO,cluster_1,0.5,0.5,0.5,0.0,0.5,0.0,0.5,0.5,0.5,0.0,0.5,0.0,21.0
phoneme,rf,PSO,cluster_2,0.5,0.5,1.0,0.0,0.0,1.0,0.5,0.5,1.0,0.0,0.0,1.0,17.0
phoneme,rf,PSO,cluster_3,0.5,0.5,0.5,0.5,0.5,0.5,0.5,0.5,0.5,0.5,0.5,0.5,5.0
phoneme,rf,PSO,cluster_4,1.0,1.0,1.0,1.0,1.0,1.0,1.0,1.0,1.0,1.0,1.0,1.0,11.0
phoneme,rf,PSO,cluster_5,0.5,1.0,0.5,0.0,1.0,0.0,0.5,1.0,0.5,0.0,1.0,0.0,20.0
phoneme,rf,PSO,cluster_6,0.5,0.5,1.0,0.5,0.5,1.0,0.5,0.5,1.0,0.5,0.5,1.0,3.0
phoneme,rf,PSO,cluster_7,1.0,1.0,1.0,0.0,0.0,1.0,1.0,1.0,1.0,0.0,0.0,1.0,6.0
phoneme,rf,PSO,cluster_8,0.5,0.0,0.0,0.0,0.0,0.0,0.5,0.0,0.0,0.0,0.0,0.0,12.0
phoneme,rf,PSO,cluster_9,1.0,1.0,1.0,0.0,1.0,0.0,1.0,0.5,0.5,0.0,0.5,0.0,9.0
phoneme,rf,PSO,cluster_10,0.0,0.5,0.5,0.0,0.5,0.0,0.0,0.5,0.5,0.0,0.5,0.0,12.0
phoneme,rf,PSO,cluster_11,0.5,0.0,0.0,0.0,0.0,0.0,0.5,0.0,0.0,0.0,0.0,0.0,11.0
phoneme,rf,PSO,cluster_12,0.5,0.5,1.0,0.5,0.5,1.0,0.5,0.5,1.0,0.5,0.5,1.0,4.0
phoneme,rf,PSO,cluster_13,0.5,0.5,0.5,0.5,0.5,0.5,0.5,0.5,0.5,0.5,0.5,0.5,1.0
phoneme,rf,PSO,cluster_14,0.5,1.0,0.5,0.5,1.0,0.5,0.5,1.0,0.5,0.5,1.0,0.5,11.0
phoneme,rf,PSO,cluster_15,0.5,1.0,0.5,0.5,1.0,0.5,0.5,1.0,0.5,0.5,1.0,0.5,11.0
phoneme,rf,PSO,cluster_16,1.0,0.5,0.5,1.0,0.5,0.5,1.0,0.0,0.0,1.0,0.0,0.0,12.0
phoneme,rf,WOA,cluster_0,1.0,0.5,0.5,0.0,0.5,0.0,1.0,0.5,0.5,0.0,0.5,0.0,4.0
phoneme,rf,WOA,cluster_1,1.0,1.0,1.0,0.0,0.0,1.0,1.0,1.0,1.0,0.0,0.0,1.0,21.0
phoneme,rf,WOA,cluster_2,1.0,0.5,0.5,1.0,0.5,0.5,1.0,0.5,0.5,1.0,0.5,0.5,17.0
phoneme,rf,WOA,cluster_3,0.5,0.5,1.0,0.5,0.5,1.0,0.5,0.5,1.0,0.5,0.5,1.0,5.0
phoneme,rf,WOA,cluster_4,0.5,0.0,0.5,0.0,0.0,0.0,0.5,0.0,0.5,0.0,0.0,0.0,11.0
phoneme,rf,WOA,cluster_5,1.0,1.0,1.0,0.0,0.0,1.0,1.0,1.0,1.0,0.0,0.0,1.0,20.0
phoneme,rf,WOA,cluster_6,0.5,1.0,0.5,0.5,1.0,0.5,0.5,1.0,0.5,0.5,1.0,0.5,3.0
phoneme,rf,WOA,cluster_7,0.5,1.0,0.5,0.5,1.0,0.5,0.5,1.0,0.5,0.5,1.0,0.5,6.0
phoneme,rf,WOA,cluster_8,0.5,1.0,0.5,0.5,1.0,0.5,0.5,1.0,0.5,0.5,1.0,0.5,12.0
phoneme,rf,WOA,cluster_9,1.0,1.0,1.0,0.0,0.0,1.0,1.0,1.0,1.0,0.0,0.0,1.0,9.0
phoneme,rf,WOA,cluster_10,1.0,1.0,1.0,0.0,0.0,1.0,1.0,1.0,1.0,0.0,0.0,1.0,12.0
phoneme,rf,WOA,cluster_11,1.0,0.5,0.5,1.0,0.5,0.5,1.0,0.0,0.0,1.0,0.0,0.0,11.0
phoneme,rf,WOA,cluster_12,0.5,1.0,0.5,0.5,1.0,0.5,0.5,1.0,0.5,0.5,1.0,0.5,4.0
phoneme,rf,WOA,cluster_13,1.0,1.0,1.0,0.0,0.0,1.0,1.0,1.0,1.0,0.0,0.0,1.0,1.0
phoneme,rf,WOA,cluster_14,1.0,1.0,1.0,0.0,0.0,1.0,1.0,1.0,1.0,0.0,0.0,1.0,11.0
phoneme,rf,WOA,cluster_15,1.0,0.5,0.5,0.0,0.5,0.0,1.0,0.5,0.5,0.0,0.5,0.0,11.0
phoneme,rf,WOA,cluster_16,0.5,1.0,0.5,0.5,1.0,0.5,0.5,1.0,0.5,0.5,1.0,0.5,12.0
phoneme,svm,AP,cluster_0,1.0,1.0,1.0,1.0,1.0,1.0,1.0,1.0,1.0,1.0,1.0,1.0,1.0
phoneme,svm,AP,cluster_1,1.0,0.5,0.5,1.0,0.5,0.5,1.0,0.5,0.5,1.0,0.5,0.5,10.0
phoneme,svm,AP,cluster_2,1.0,1.0,1.0,1.0,1.0,1.0,1.0,1.0,1.0,1.0,1.0,1.0,38.0
phoneme,svm,AP,cluster_3,1.0,1.0,1.0,1.0,1.0,1.0,1.0,1.0,1.0,1.0,1.0,1.0,28.0
phoneme,svm,AP,cluster_4,0.5,0.5,0.5,0.0,0.5,0.5,0.5,0.5,0.5,0.0,0.5,0.5,16.0
phoneme,svm,AP,cluster_5,1.0,0.5,0.5,1.0,0.5,0.5,1.0,0.5,0.5,1.0,0.5,0.5,17.0
phoneme,svm,AP,cluster_6,1.0,0.5,0.5,1.0,0.5,0.5,1.0,0.5,0.5,1.0,0.5,0.5,1.0
phoneme,svm,AP,cluster_7,1.0,1.0,1.0,0.0,0.0,1.0,1.0,1.0,1.0,0.0,0.0,1.0,25.0
phoneme,svm,AP,cluster_8,1.0,1.0,1.0,1.0,1.0,1.0,1.0,1.0,1.0,1.0,1.0,1.0,27.0
phoneme,svm,AP,cluster_9,1.0,0.0,0.0,1.0,0.0,0.0,1.0,0.0,0.0,1.0,0.0,0.0,27.0
phoneme,svm,AP,cluster_10,1.0,0.5,0.5,1.0,0.5,0.5,1.0,0.5,0.5,1.0,0.5,0.5,13.0
phoneme,svm,AP,cluster_11,1.0,0.5,0.5,1.0,0.5,0.5,1.0,0.5,0.5,1.0,0.5,0.5,16.0
phoneme,svm,AP,cluster_12,1.0,0.5,0.5,1.0,0.5,0.5,1.0,0.5,0.5,1.0,0.5,0.5,8.0
phoneme,svm,AP,cluster_13,1.0,1.0,1.0,1.0,1.0,1.0,1.0,1.0,1.0,1.0,1.0,1.0,14.0
phoneme,svm,AP,cluster_14,1.0,1.0,1.0,1.0,1.0,1.0,1.0,1.0,1.0,1.0,1.0,1.0,13.0
phoneme,svm,AP,cluster_15,1.0,1.0,1.0,1.0,1.0,1.0,1.0,1.0,1.0,1.0,1.0,1.0,16.0
phoneme,svm,AP,cluster_16,1.0,1.0,1.0,0.0,0.0,1.0,1.0,1.0,1.0,0.0,0.0,1.0,9.0
phoneme,svm,AP,cluster_17,1.0,1.0,1.0,1.0,1.0,1.0,1.0,1.0,1.0,1.0,1.0,1.0,16.0
phoneme,svm,AP,cluster_18,1.0,1.0,1.0,1.0,1.0,1.0,1.0,1.0,1.0,1.0,1.0,1.0,7.0
phoneme,svm,AP,cluster_19,1.0,1.0,1.0,1.0,1.0,1.0,1.0,1.0,1.0,1.0,1.0,1.0,19.0
phoneme,svm,AP,cluster_20,1.0,1.0,1.0,1.0,1.0,1.0,1.0,1.0,1.0,1.0,1.0,1.0,9.0
phoneme,svm,AP,cluster_21,1.0,1.0,1.0,1.0,1.0,1.0,1.0,1.0,1.0,1.0,1.0,1.0,9.0
phoneme,svm,AP,cluster_22,0.5,1.0,0.5,0.5,1.0,0.5,0.5,1.0,0.5,0.5,1.0,0.5,14.0
phoneme,svm,AP,cluster_23,1.0,0.5,0.5,1.0,0.5,0.5,1.0,0.5,0.5,1.0,0.5,0.5,5.0
phoneme,svm,AP,cluster_24,1.0,1.0,1.0,1.0,1.0,1.0,1.0,1.0,1.0,1.0,1.0,1.0,17.0
phoneme,svm,EvoCluster_PSO,cluster_0,1.0,1.0,1.0,1.0,1.0,1.0,1.0,1.0,1.0,1.0,1.0,1.0,1.0
phoneme,svm,EvoCluster_PSO,cluster_1,1.0,0.5,0.5,1.0,0.5,0.5,1.0,0.5,0.5,1.0,0.5,0.5,10.0
phoneme,svm,EvoCluster_PSO,cluster_2,1.0,0.5,0.5,1.0,0.5,0.5,1.0,0.5,0.5,1.0,0.5,0.5,38.0
phoneme,svm,EvoCluster_PSO,cluster_3,1.0,0.5,0.5,1.0,0.5,0.5,1.0,0.5,0.5,1.0,0.5,0.5,28.0
phoneme,svm,EvoCluster_PSO,cluster_4,1.0,0.5,0.5,1.0,0.5,0.5,1.0,0.5,0.5,1.0,0.5,0.5,16.0
phoneme,svm,EvoCluster_PSO,cluster_5,1.0,0.5,0.5,1.0,0.5,0.5,1.0,0.5,0.5,1.0,0.5,0.5,17.0
phoneme,svm,EvoCluster_PSO,cluster_6,0.5,1.0,0.5,0.5,1.0,0.5,0.5,1.0,0.5,0.5,1.0,0.5,1.0
phoneme,svm,EvoCluster_PSO,cluster_7,1.0,1.0,1.0,1.0,1.0,1.0,1.0,1.0,1.0,1.0,1.0,1.0,25.0
phoneme,svm,EvoCluster_PSO,cluster_8,0.5,1.0,0.5,0.5,1.0,0.5,0.5,1.0,0.5,0.5,1.0,0.5,27.0
phoneme,svm,EvoCluster_PSO,cluster_9,1.0,1.0,1.0,1.0,1.0,1.0,1.0,1.0,1.0,1.0,1.0,1.0,27.0
phoneme,svm,EvoCluster_PSO,cluster_10,1.0,0.5,0.5,1.0,0.5,0.5,1.0,0.5,0.5,1.0,0.5,0.5,13.0
phoneme,svm,EvoCluster_PSO,cluster_11,1.0,1.0,1.0,0.0,0.0,1.0,1.0,1.0,1.0,0.0,0.0,1.0,16.0
phoneme,svm,EvoCluster_PSO,cluster_12,1.0,1.0,1.0,1.0,1.0,1.0,1.0,1.0,1.0,1.0,1.0,1.0,8.0
phoneme,svm,EvoCluster_PSO,cluster_13,1.0,0.5,0.5,0.0,0.5,0.0,1.0,0.5,0.5,0.0,0.5,0.0,14.0
phoneme,svm,EvoCluster_PSO,cluster_14,1.0,1.0,1.0,1.0,1.0,1.0,1.0,1.0,1.0,1.0,1.0,1.0,13.0
phoneme,svm,EvoCluster_PSO,cluster_15,1.0,0.5,0.5,1.0,0.5,0.5,1.0,0.5,0.5,1.0,0.5,0.5,16.0
phoneme,svm,EvoCluster_PSO,cluster_16,1.0,0.5,0.5,1.0,0.5,0.5,1.0,0.5,0.5,1.0,0.5,0.5,9.0
phoneme,svm,EvoCluster_PSO,cluster_17,1.0,0.5,0.5,1.0,0.5,0.5,1.0,0.5,0.5,1.0,0.5,0.5,16.0
phoneme,svm,EvoCluster_PSO,cluster_18,0.0,0.0,1.0,0.0,0.0,0.0,0.0,0.0,1.0,0.0,0.0,0.0,7.0
phoneme,svm,EvoCluster_PSO,cluster_19,1.0,1.0,1.0,1.0,1.0,1.0,1.0,1.0,1.0,1.0,1.0,1.0,19.0
phoneme,svm,GWO,cluster_0,1.0,0.5,0.5,1.0,0.5,0.5,1.0,0.5,0.5,1.0,0.5,0.5,1.0
phoneme,svm,GWO,cluster_1,1.0,1.0,1.0,1.0,1.0,1.0,1.0,1.0,1.0,1.0,1.0,1.0,10.0
phoneme,svm,GWO,cluster_2,1.0,1.0,1.0,1.0,1.0,1.0,1.0,1.0,1.0,1.0,1.0,1.0,38.0
phoneme,svm,GWO,cluster_3,1.0,1.0,1.0,1.0,1.0,1.0,1.0,1.0,1.0,1.0,1.0,1.0,28.0
phoneme,svm,GWO,cluster_4,1.0,1.0,1.0,1.0,1.0,1.0,1.0,1.0,1.0,1.0,1.0,1.0,16.0
phoneme,svm,GWO,cluster_5,0.5,0.5,0.5,0.5,0.5,0.5,0.5,0.5,0.5,0.5,0.5,0.5,17.0
phoneme,svm,GWO,cluster_6,0.5,0.5,1.0,0.5,0.5,1.0,0.5,0.5,1.0,0.5,0.5,1.0,1.0
phoneme,svm,GWO,cluster_7,1.0,1.0,1.0,1.0,1.0,1.0,1.0,1.0,1.0,1.0,1.0,1.0,25.0
phoneme,svm,GWO,cluster_8,1.0,0.5,0.5,0.0,0.5,0.0,1.0,0.5,0.5,0.0,0.5,0.0,27.0
phoneme,svm,GWO,cluster_9,1.0,0.5,0.5,1.0,0.5,0.5,1.0,0.5,0.5,1.0,0.5,0.5,27.0
phoneme,svm,GWO,cluster_10,1.0,1.0,1.0,1.0,1.0,1.0,1.0,1.0,1.0,1.0,1.0,1.0,13.0
phoneme,svm,GWO,cluster_11,0.5,1.0,0.5,0.5,0.0,0.0,0.5,1.0,0.5,0.5,0.0,0.0,16.0
phoneme,svm,GWO,cluster_12,1.0,1.0,1.0,1.0,1.0,1.0,1.0,1.0,1.0,1.0,1.0,1.0,8.0
phoneme,svm,GWO,cluster_13,1.0,0.5,0.5,1.0,0.5,0.5,1.0,0.5,0.5,1.0,0.5,0.5,14.0
phoneme,svm,GWO,cluster_14,1.0,1.0,1.0,1.0,1.0,1.0,1.0,1.0,1.0,1.0,1.0,1.0,13.0
phoneme,svm,GWO,cluster_15,1.0,0.5,0.5,1.0,0.5,0.5,1.0,0.5,0.5,1.0,0.5,0.5,16.0
phoneme,svm,GWO,cluster_16,1.0,1.0,1.0,1.0,1.0,1.0,1.0,1.0,1.0,1.0,1.0,1.0,9.0
phoneme,svm,GWO,cluster_17,1.0,0.5,0.5,1.0,0.5,0.5,1.0,0.5,0.5,1.0,0.5,0.5,16.0
phoneme,svm,GWO,cluster_18,1.0,0.5,0.5,1.0,0.5,0.5,1.0,0.5,0.5,1.0,0.5,0.5,7.0
phoneme,svm,GWO,cluster_19,1.0,1.0,1.0,1.0,1.0,1.0,1.0,1.0,1.0,1.0,1.0,1.0,19.0
phoneme,svm,PSO,cluster_0,1.0,0.5,0.5,1.0,0.5,0.5,1.0,0.5,0.5,1.0,0.5,0.5,1.0
phoneme,svm,PSO,cluster_1,1.0,1.0,1.0,1.0,1.0,1.0,1.0,1.0,1.0,1.0,1.0,1.0,10.0
phoneme,svm,PSO,cluster_2,1.0,0.5,0.5,1.0,0.5,0.5,1.0,0.5,0.5,1.0,0.5,0.5,38.0
phoneme,svm,PSO,cluster_3,1.0,1.0,1.0,1.0,1.0,1.0,1.0,1.0,1.0,1.0,1.0,1.0,28.0
phoneme,svm,PSO,cluster_4,0.5,0.5,1.0,0.5,0.5,1.0,0.5,0.5,1.0,0.5,0.5,1.0,16.0
phoneme,svm,PSO,cluster_5,1.0,1.0,1.0,1.0,1.0,1.0,1.0,1.0,1.0,1.0,1.0,1.0,17.0
phoneme,svm,PSO,cluster_6,1.0,0.5,0.5,1.0,0.5,0.5,1.0,0.5,0.5,1.0,0.5,0.5,1.0
phoneme,svm,PSO,cluster_7,1.0,1.0,1.0,1.0,1.0,1.0,1.0,1.0,1.0,1.0,1.0,1.0,25.0
phoneme,svm,PSO,cluster_8,0.5,0.5,0.5,0.0,0.5,0.5,0.5,0.5,0.5,0.0,0.5,0.5,27.0
phoneme,svm,PSO,cluster_9,1.0,0.5,0.5,1.0,0.5,0.5,1.0,0.5,0.5,1.0,0.5,0.5,27.0
phoneme,svm,PSO,cluster_10,1.0,1.0,1.0,1.0,1.0,1.0,1.0,1.0,1.0,1.0,1.0,1.0,13.0
phoneme,svm,PSO,cluster_11,1.0,1.0,1.0,0.0,1.0,0.0,1.0,1.0,1.0,0.0,1.0,0.0,16.0
phoneme,svm,PSO,cluster_12,1.0,1.0,1.0,1.0,1.0,1.0,1.0,1.0,1.0,1.0,1.0,1.0,8.0
phoneme,svm,PSO,cluster_13,0.5,1.0,0.5,0.5,1.0,0.5,0.5,1.0,0.5,0.5,1.0,0.5,14.0
phoneme,svm,PSO,cluster_14,1.0,0.5,0.5,1.0,0.5,0.5,1.0,0.5,0.5,1.0,0.5,0.5,13.0
phoneme,svm,PSO,cluster_15,1.0,0.5,0.5,1.0,0.5,0.5,1.0,0.5,0.5,1.0,0.5,0.5,16.0
phoneme,svm,PSO,cluster_16,1.0,0.5,0.5,1.0,0.5,0.5,1.0,0.5,0.5,1.0,0.5,0.5,9.0
phoneme,svm,PSO,cluster_17,1.0,1.0,1.0,1.0,1.0,1.0,1.0,1.0,1.0,1.0,1.0,1.0,16.0
phoneme,svm,PSO,cluster_18,1.0,0.5,0.5,1.0,0.5,0.5,1.0,0.5,0.5,1.0,0.5,0.5,7.0
phoneme,svm,PSO,cluster_19,0.5,0.5,0.5,0.5,0.5,0.5,0.5,0.5,0.5,0.5,0.5,0.5,19.0
phoneme,svm,WOA,cluster_0,1.0,0.5,0.5,1.0,0.5,0.5,1.0,0.5,0.5,1.0,0.5,0.5,1.0
phoneme,svm,WOA,cluster_1,1.0,0.5,0.5,1.0,0.5,0.5,1.0,0.5,0.5,1.0,0.5,0.5,10.0
phoneme,svm,WOA,cluster_2,1.0,1.0,1.0,1.0,1.0,1.0,1.0,1.0,1.0,1.0,1.0,1.0,38.0
phoneme,svm,WOA,cluster_3,1.0,1.0,1.0,1.0,1.0,1.0,1.0,1.0,1.0,1.0,1.0,1.0,28.0
phoneme,svm,WOA,cluster_4,1.0,1.0,1.0,1.0,1.0,1.0,1.0,1.0,1.0,1.0,1.0,1.0,16.0
phoneme,svm,WOA,cluster_5,1.0,1.0,1.0,1.0,1.0,1.0,1.0,1.0,1.0,1.0,1.0,1.0,17.0
phoneme,svm,WOA,cluster_6,1.0,1.0,1.0,1.0,1.0,1.0,1.0,1.0,1.0,1.0,1.0,1.0,1.0
phoneme,svm,WOA,cluster_7,1.0,1.0,1.0,1.0,1.0,1.0,1.0,1.0,1.0,1.0,1.0,1.0,25.0
phoneme,svm,WOA,cluster_8,1.0,0.5,0.5,1.0,0.5,0.5,1.0,0.5,0.5,1.0,0.5,0.5,27.0
phoneme,svm,WOA,cluster_9,1.0,1.0,1.0,1.0,1.0,1.0,1.0,1.0,1.0,1.0,1.0,1.0,27.0
phoneme,svm,WOA,cluster_10,1.0,1.0,1.0,1.0,1.0,1.0,1.0,1.0,1.0,1.0,1.0,1.0,13.0
phoneme,svm,WOA,cluster_11,1.0,1.0,1.0,1.0,1.0,1.0,1.0,1.0,1.0,1.0,1.0,1.0,16.0
phoneme,svm,WOA,cluster_12,1.0,0.5,0.5,1.0,0.5,0.5,1.0,0.5,0.5,1.0,0.5,0.5,8.0
phoneme,svm,WOA,cluster_13,1.0,1.0,1.0,1.0,1.0,1.0,1.0,1.0,1.0,1.0,1.0,1.0,14.0
phoneme,svm,WOA,cluster_14,1.0,1.0,1.0,1.0,1.0,1.0,1.0,1.0,1.0,1.0,1.0,1.0,13.0
phoneme,svm,WOA,cluster_15,1.0,1.0,1.0,1.0,1.0,1.0,1.0,1.0,1.0,1.0,1.0,1.0,16.0
phoneme,svm,WOA,cluster_16,1.0,1.0,1.0,1.0,1.0,1.0,1.0,1.0,1.0,1.0,1.0,1.0,9.0
phoneme,svm,WOA,cluster_17,1.0,1.0,1.0,1.0,1.0,1.0,1.0,1.0,1.0,1.0,1.0,1.0,16.0
phoneme,svm,WOA,cluster_18,1.0,1.0,1.0,1.0,1.0,1.0,1.0,1.0,1.0,1.0,1.0,1.0,7.0
phoneme,svm,WOA,cluster_19,1.0,1.0,1.0,1.0,1.0,1.0,1.0,1.0,1.0,1.0,1.0,1.0,19.0
phoneme,xgb,AP,cluster_0,0.5,0.5,0.5,0.5,0.0,0.5,0.5,0.0,0.5,0.5,0.0,0.5,3.0
phoneme,xgb,AP,cluster_1,0.5,0.5,1.0,0.5,0.5,1.0,0.5,0.0,0.5,0.5,0.0,0.5,9.0
phoneme,xgb,AP,cluster_2,0.5,0.5,0.0,0.5,0.0,0.0,0.5,0.0,0.0,0.5,0.0,0.0,10.0
phoneme,xgb,AP,cluster_3,0.5,0.0,0.5,0.5,0.0,0.0,0.5,0.0,0.5,0.5,0.0,0.0,8.0
phoneme,xgb,AP,cluster_4,0.5,0.5,0.5,0.5,0.5,0.5,0.5,0.5,0.5,0.5,0.5,0.5,3.0
phoneme,xgb,AP,cluster_5,1.0,0.5,0.5,0.0,0.0,0.5,1.0,0.0,0.0,0.0,0.0,0.0,11.0
phoneme,xgb,AP,cluster_6,0.5,0.5,1.0,0.0,0.5,0.0,0.5,0.5,0.5,0.0,0.5,0.0,13.0
phoneme,xgb,AP,cluster_7,0.5,0.0,0.5,0.5,0.0,0.0,0.5,0.0,0.5,0.5,0.0,0.0,6.0
phoneme,xgb,AP,cluster_8,0.5,0.5,1.0,0.5,0.5,1.0,0.5,0.5,1.0,0.5,0.5,1.0,21.0
phoneme,xgb,AP,cluster_9,0.5,0.5,0.5,0.0,0.5,0.0,0.5,0.5,0.5,0.0,0.5,0.0,12.0
phoneme,xgb,AP,cluster_10,0.5,1.0,0.5,0.0,0.0,0.5,0.5,1.0,0.5,0.0,0.0,0.5,26.0
phoneme,xgb,AP,cluster_11,0.0,0.5,0.0,0.0,0.5,0.0,0.0,0.5,0.0,0.0,0.5,0.0,16.0
phoneme,xgb,AP,cluster_12,0.5,0.5,1.0,0.0,0.5,0.0,0.5,0.5,1.0,0.0,0.5,0.0,13.0
phoneme,xgb,AP,cluster_13,0.5,0.5,0.0,0.5,0.0,0.0,0.5,0.5,0.0,0.5,0.0,0.0,16.0
phoneme,xgb,AP,cluster_14,1.0,0.5,0.5,0.0,0.0,0.5,1.0,0.5,0.5,0.0,0.0,0.5,5.0
phoneme,xgb,AP,cluster_15,1.0,0.5,0.5,0.0,0.0,0.5,1.0,0.5,0.5,0.0,0.0,0.5,11.0
phoneme,xgb,AP,cluster_16,0.5,0.5,0.5,0.5,0.5,0.0,0.5,0.5,0.5,0.5,0.5,0.0,12.0
phoneme,xgb,EvoCluster_PSO,cluster_0,0.5,0.0,0.5,0.0,0.0,0.5,0.5,0.0,0.5,0.0,0.0,0.5,3.0
phoneme,xgb,EvoCluster_PSO,cluster_1,0.5,0.5,0.5,0.5,0.5,0.5,0.5,0.5,0.5,0.5,0.5,0.5,9.0
phoneme,xgb,EvoCluster_PSO,cluster_2,0.0,1.0,0.0,0.0,0.0,0.0,0.0,1.0,0.0,0.0,0.0,0.0,10.0
phoneme,xgb,EvoCluster_PSO,cluster_3,0.0,0.0,1.0,0.0,0.0,1.0,0.0,0.0,0.0,0.0,0.0,0.0,8.0
phoneme,xgb,EvoCluster_PSO,cluster_4,0.0,0.0,1.0,0.0,0.0,1.0,0.0,0.0,0.0,0.0,0.0,0.0,3.0
phoneme,xgb,EvoCluster_PSO,cluster_5,0.0,1.0,0.0,0.0,0.0,0.0,0.0,1.0,0.0,0.0,0.0,0.0,11.0
phoneme,xgb,EvoCluster_PSO,cluster_6,0.5,0.0,0.5,0.5,0.0,0.0,0.5,0.0,0.5,0.5,0.0,0.0,13.0
phoneme,xgb,EvoCluster_PSO,cluster_7,0.5,1.0,0.5,0.5,1.0,0.5,0.5,0.5,0.5,0.5,0.5,0.5,6.0
phoneme,xgb,EvoCluster_PSO,cluster_8,0.5,0.0,0.5,0.0,0.0,0.0,0.5,0.0,0.5,0.0,0.0,0.0,21.0
phoneme,xgb,EvoCluster_PSO,cluster_9,0.5,0.5,0.5,0.0,0.5,0.5,0.5,0.5,0.5,0.0,0.5,0.5,12.0
phoneme,xgb,EvoCluster_PSO,cluster_10,0.5,0.5,0.0,0.5,0.0,0.0,0.5,0.5,0.0,0.5,0.0,0.0,26.0
phoneme,xgb,EvoCluster_PSO,cluster_11,1.0,1.0,1.0,0.0,0.0,1.0,0.5,0.5,1.0,0.0,0.0,1.0,16.0
phoneme,xgb,EvoCluster_PSO,cluster_12,1.0,1.0,1.0,0.0,0.0,1.0,1.0,1.0,1.0,0.0,0.0,1.0,13.0
phoneme,xgb,EvoCluster_PSO,cluster_13,0.0,0.0,1.0,0.0,0.0,1.0,0.0,0.0,0.0,0.0,0.0,0.0,16.0
phoneme,xgb,EvoCluster_PSO,cluster_14,1.0,1.0,1.0,0.0,0.0,1.0,1.0,1.0,1.0,0.0,0.0,1.0,5.0
phoneme,xgb,EvoCluster_PSO,cluster_15,0.0,0.0,1.0,0.0,0.0,1.0,0.0,0.0,0.0,0.0,0.0,0.0,11.0
phoneme,xgb,EvoCluster_PSO,cluster_16,1.0,1.0,1.0,0.0,0.0,1.0,0.5,0.5,1.0,0.0,0.0,1.0,12.0
phoneme,xgb,GWO,cluster_0,0.5,0.0,0.0,0.5,0.0,0.0,0.5,0.0,0.0,0.5,0.0,0.0,3.0
phoneme,xgb,GWO,cluster_1,1.0,0.5,0.5,1.0,0.5,0.5,0.5,0.5,0.5,0.5,0.5,0.5,9.0
phoneme,xgb,GWO,cluster_2,0.5,0.5,1.0,0.0,0.0,1.0,0.5,0.5,1.0,0.0,0.0,1.0,10.0
phoneme,xgb,GWO,cluster_3,0.0,0.0,1.0,0.0,0.0,1.0,0.0,0.0,0.0,0.0,0.0,0.0,8.0
phoneme,xgb,GWO,cluster_4,0.5,0.5,1.0,0.5,0.5,1.0,0.5,0.5,1.0,0.5,0.5,1.0,3.0
phoneme,xgb,GWO,cluster_5,0.5,0.5,0.0,0.5,0.0,0.0,0.5,0.0,0.0,0.5,0.0,0.0,11.0
phoneme,xgb,GWO,cluster_6,0.5,0.5,1.0,0.5,0.5,1.0,0.5,0.5,1.0,0.5,0.5,1.0,13.0
phoneme,xgb,GWO,cluster_7,1.0,0.5,0.5,0.0,0.0,0.5,1.0,0.5,0.5,0.0,0.0,0.5,6.0
phoneme,xgb,GWO,cluster_8,0.5,0.5,1.0,0.0,0.0,1.0,0.5,0.5,1.0,0.0,0.0,1.0,21.0
phoneme,xgb,GWO,cluster_9,1.0,0.5,0.5,0.0,0.0,0.5,1.0,0.5,0.5,0.0,0.0,0.5,12.0
phoneme,xgb,GWO,cluster_10,0.5,0.0,0.5,0.0,0.0,0.0,0.5,0.0,0.5,0.0,0.0,0.0,26.0
phoneme,xgb,GWO,cluster_11,0.5,0.5,0.5,0.5,0.0,0.5,0.5,0.0,0.5,0.5,0.0,0.5,16.0
phoneme,xgb,GWO,cluster_12,0.5,0.5,0.5,0.0,0.5,0.0,0.5,0.5,0.5,0.0,0.5,0.0,13.0
phoneme,xgb,GWO,cluster_13,1.0,0.5,0.5,0.0,0.0,0.5,1.0,0.5,0.5,0.0,0.0,0.5,16.0
phoneme,xgb,GWO,cluster_14,0.5,0.5,0.5,0.0,0.5,0.5,0.5,0.5,0.5,0.0,0.5,0.5,5.0
phoneme,xgb,GWO,cluster_15,0.5,1.0,0.5,0.5,1.0,0.5,0.5,1.0,0.5,0.5,1.0,0.5,11.0
phoneme,xgb,GWO,cluster_16,0.5,0.5,1.0,0.5,0.5,1.0,0.5,0.0,0.5,0.5,0.0,0.5,12.0
phoneme,xgb,PSO,cluster_0,0.5,0.5,0.5,0.0,0.5,0.5,0.5,0.5,0.5,0.0,0.5,0.5,3.0
phoneme,xgb,PSO,cluster_1,1.0,1.0,1.0,0.0,0.0,1.0,0.5,0.5,1.0,0.0,0.0,1.0,9.0
phoneme,xgb,PSO,cluster_2,0.0,0.0,1.0,0.0,0.0,1.0,0.0,0.0,0.0,0.0,0.0,0.0,10.0
phoneme,xgb,PSO,cluster_3,1.0,0.5,0.5,1.0,0.5,0.5,1.0,0.5,0.5,1.0,0.5,0.5,8.0
phoneme,xgb,PSO,cluster_4,0.5,0.5,0.0,0.5,0.0,0.0,0.5,0.0,0.0,0.5,0.0,0.0,3.0
phoneme,xgb,PSO,cluster_5,0.5,1.0,0.5,0.5,0.0,0.0,0.5,1.0,0.5,0.5,0.0,0.0,11.0
phoneme,xgb,PSO,cluster_6,0.5,1.0,0.5,0.5,1.0,0.5,0.5,1.0,0.5,0.5,1.0,0.5,13.0
phoneme,xgb,PSO,cluster_7,1.0,1.0,1.0,1.0,0.0,0.0,0.5,1.0,0.5,0.5,0.0,0.0,6.0
phoneme,xgb,PSO,cluster_8,0.5,0.5,1.0,0.0,0.0,1.0,0.5,0.5,1.0,0.0,0.0,1.0,21.0
phoneme,xgb,PSO,cluster_9,0.5,0.5,1.0,0.0,0.0,1.0,0.5,0.5,1.0,0.0,0.0,1.0,12.0
phoneme,xgb,PSO,cluster_10,0.5,0.0,0.5,0.5,0.0,0.5,0.5,0.0,0.5,0.5,0.0,0.5,26.0
phoneme,xgb,PSO,cluster_11,0.5,0.5,0.0,0.0,0.5,0.0,0.5,0.5,0.0,0.0,0.5,0.0,16.0
phoneme,xgb,PSO,cluster_12,1.0,1.0,1.0,0.0,0.0,1.0,1.0,1.0,1.0,0.0,0.0,1.0,13.0
phoneme,xgb,PSO,cluster_13,0.5,0.5,0.0,0.5,0.5,0.0,0.5,0.0,0.0,0.5,0.0,0.0,16.0
phoneme,xgb,PSO,cluster_14,0.5,0.5,0.5,0.5,0.5,0.5,0.5,0.5,0.5,0.5,0.5,0.5,5.0
phoneme,xgb,PSO,cluster_15,0.5,0.0,0.5,0.5,0.0,0.5,0.5,0.0,0.5,0.5,0.0,0.5,11.0
phoneme,xgb,PSO,cluster_16,0.5,0.5,0.5,0.5,0.5,0.5,0.5,0.5,0.5,0.5,0.5,0.5,12.0
phoneme,xgb,WOA,cluster_0,0.5,0.5,0.0,0.5,0.0,0.0,0.5,0.0,0.0,0.5,0.0,0.0,3.0
phoneme,xgb,WOA,cluster_1,0.5,0.5,0.0,0.5,0.0,0.0,0.5,0.0,0.0,0.5,0.0,0.0,9.0
phoneme,xgb,WOA,cluster_2,0.5,0.5,0.0,0.5,0.0,0.0,0.5,0.0,0.0,0.5,0.0,0.0,10.0
phoneme,xgb,WOA,cluster_3,0.5,0.5,0.0,0.5,0.0,0.0,0.5,0.0,0.0,0.5,0.0,0.0,8.0
phoneme,xgb,WOA,cluster_4,0.5,0.5,0.0,0.5,0.0,0.0,0.5,0.0,0.0,0.5,0.0,0.0,3.0
phoneme,xgb,WOA,cluster_5,0.5,0.5,0.0,0.5,0.0,0.0,0.5,0.0,0.0,0.5,0.0,0.0,11.0
phoneme,xgb,WOA,cluster_6,0.5,0.5,0.0,0.5,0.0,0.0,0.5,0.0,0.0,0.5,0.0,0.0,13.0
phoneme,xgb,WOA,cluster_7,0.5,1.0,0.5,0.5,1.0,0.5,0.5,0.5,0.0,0.5,0.5,0.0,6.0
phoneme,xgb,WOA,cluster_8,0.5,0.5,0.0,0.5,0.0,0.0,0.5,0.0,0.0,0.5,0.0,0.0,21.0
phoneme,xgb,WOA,cluster_9,0.5,0.5,0.0,0.5,0.0,0.0,0.5,0.0,0.0,0.5,0.0,0.0,12.0
phoneme,xgb,WOA,cluster_10,0.5,0.5,0.0,0.5,0.0,0.0,0.5,0.0,0.0,0.5,0.0,0.0,26.0
phoneme,xgb,WOA,cluster_11,0.5,0.5,0.0,0.5,0.0,0.0,0.5,0.0,0.0,0.5,0.0,0.0,16.0
phoneme,xgb,WOA,cluster_12,0.5,0.5,0.0,0.5,0.0,0.0,0.5,0.0,0.0,0.5,0.0,0.0,13.0
phoneme,xgb,WOA,cluster_13,0.5,1.0,0.5,0.5,1.0,0.5,0.5,0.5,0.0,0.5,0.5,0.0,16.0
phoneme,xgb,WOA,cluster_14,0.5,0.5,0.0,0.5,0.0,0.0,0.5,0.0,0.0,0.5,0.0,0.0,5.0
phoneme,xgb,WOA,cluster_15,1.0,1.0,1.0,0.0,0.0,1.0,1.0,1.0,1.0,0.0,0.0,1.0,11.0
phoneme,xgb,WOA,cluster_16,0.5,0.5,0.0,0.5,0.0,0.0,0.5,0.0,0.0,0.5,0.0,0.0,12.0
usps_bin,rf,AP,cluster_0,0.8,0.5,0.6,0.2,0.0,0.1,0.8,0.5,0.6,0.2,0.0,0.1,2.0
usps_bin,rf,AP,cluster_1,0.8,0.6,0.6,0.1,0.1,0.0,0.8,0.6,0.6,0.1,0.1,0.0,1.0
usps_bin,rf,AP,cluster_2,0.8,0.8,0.9,0.3,0.2,0.0,0.8,0.8,0.9,0.3,0.2,0.0,3.0
usps_bin,rf,EvoCluster_PSO,cluster_0,0.8,0.8,0.9,0.3,0.2,0.0,0.8,0.8,0.9,0.3,0.2,0.0,2.0
usps_bin,rf,EvoCluster_PSO,cluster_1,0.8,0.8,0.9,0.3,0.2,0.0,0.8,0.8,0.9,0.3,0.2,0.0,1.0
usps_bin,rf,EvoCluster_PSO,cluster_2,0.8,0.8,0.9,0.3,0.2,0.0,0.8,0.8,0.9,0.3,0.2,0.0,3.0
usps_bin,rf,GWO,cluster_0,0.8,0.8,0.9,0.3,0.2,0.0,0.8,0.8,0.9,0.3,0.2,0.0,2.0
usps_bin,rf,GWO,cluster_1,0.8,0.8,0.9,0.3,0.2,0.0,0.8,0.8,0.9,0.3,0.2,0.0,1.0
usps_bin,rf,GWO,cluster_2,0.8,0.8,0.9,0.3,0.2,0.0,0.8,0.8,0.9,0.3,0.2,0.0,3.0
usps_bin,rf,PSO,cluster_0,0.8,0.8,0.9,0.3,0.2,0.0,0.8,0.8,0.9,0.3,0.2,0.0,2.0
usps_bin,rf,PSO,cluster_1,0.7,0.7,0.9,0.1,0.0,0.1,0.7,0.7,0.9,0.1,0.0,0.1,1.0
usps_bin,rf,PSO,cluster_2,0.8,0.8,0.9,0.3,0.2,0.0,0.8,0.8,0.9,0.3,0.2,0.0,3.0
usps_bin,rf,WOA,cluster_0,0.8,0.8,0.9,0.3,0.2,0.0,0.8,0.8,0.9,0.3,0.2,0.0,2.0
usps_bin,rf,WOA,cluster_1,0.8,0.8,0.9,0.3,0.2,0.0,0.8,0.8,0.9,0.3,0.2,0.0,1.0
usps_bin,rf,WOA,cluster_2,0.8,0.8,0.9,0.3,0.2,0.0,0.8,0.8,0.9,0.3,0.2,0.0,3.0
usps_bin,svm,AP,cluster_0,0.4,0.4,0.5,0.2,0.0,0.0,0.4,0.4,0.5,0.2,0.0,0.0,1.0
usps_bin,svm,AP,cluster_1,0.6,0.4,0.7,0.0,0.0,0.2,0.6,0.4,0.7,0.0,0.0,0.2,1.0
usps_bin,svm,AP,cluster_2,0.8,0.5,0.5,0.1,0.3,0.0,0.8,0.5,0.5,0.1,0.3,0.0,1.0
usps_bin,svm,AP,cluster_3,0.6,0.4,0.7,0.1,0.0,0.0,0.6,0.4,0.7,0.1,0.0,0.0,8.0
usps_bin,svm,EvoCluster_PSO,cluster_0,0.7,0.5,0.6,0.1,0.1,0.0,0.7,0.5,0.6,0.1,0.1,0.0,1.0
usps_bin,svm,EvoCluster_PSO,cluster_1,0.7,0.5,0.6,0.1,0.1,0.0,0.7,0.5,0.6,0.1,0.1,0.0,1.0
usps_bin,svm,EvoCluster_PSO,cluster_2,0.5,0.4,0.8,0.1,0.0,0.0,0.5,0.4,0.8,0.1,0.0,0.0,1.0
usps_bin,svm,EvoCluster_PSO,cluster_3,0.8,0.5,0.5,0.1,0.3,0.0,0.8,0.5,0.5,0.1,0.3,0.0,8.0
usps_bin,svm,GWO,cluster_0,0.6,0.7,0.7,0.1,0.0,0.3,0.6,0.7,0.7,0.1,0.0,0.3,1.0
usps_bin,svm,GWO,cluster_1,0.5,0.4,0.8,0.1,0.0,0.0,0.5,0.4,0.8,0.1,0.0,0.0,1.0
usps_bin,svm,GWO,cluster_2,0.5,0.4,0.8,0.1,0.0,0.0,0.5,0.4,0.8,0.1,0.0,0.0,1.0
usps_bin,svm,GWO,cluster_3,0.6,0.7,0.7,0.1,0.0,0.3,0.6,0.7,0.7,0.1,0.0,0.3,8.0
usps_bin,svm,PSO,cluster_0,0.7,0.5,0.6,0.1,0.1,0.0,0.7,0.5,0.6,0.1,0.1,0.0,1.0
usps_bin,svm,PSO,cluster_1,0.7,0.5,0.6,0.1,0.1,0.0,0.7,0.5,0.6,0.1,0.1,0.0,1.0
usps_bin,svm,PSO,cluster_2,0.7,0.5,0.6,0.1,0.1,0.0,0.7,0.5,0.6,0.1,0.1,0.0,1.0
usps_bin,svm,PSO,cluster_3,0.5,0.4,0.8,0.1,0.0,0.0,0.5,0.4,0.8,0.1,0.0,0.0,8.0
usps_bin,svm,WOA,cluster_0,0.6,0.4,0.7,0.0,0.0,0.2,0.6,0.4,0.7,0.0,0.0,0.2,1.0
usps_bin,svm,WOA,cluster_1,0.8,0.5,0.5,0.1,0.3,0.0,0.8,0.5,0.5,0.1,0.3,0.0,1.0
usps_bin,svm,WOA,cluster_2,0.6,0.4,0.7,0.0,0.0,0.2,0.6,0.4,0.7,0.0,0.0,0.2,1.0
usps_bin,svm,WOA,cluster_3,0.6,0.4,0.7,0.0,0.0,0.2,0.6,0.4,0.7,0.0,0.0,0.2,8.0
usps_bin,xgb,AP,cluster_0,0.8,0.5,0.6,0.2,0.0,0.2,0.8,0.5,0.6,0.2,0.0,0.2,1.0
usps_bin,xgb,AP,cluster_1,0.7,0.5,0.5,0.1,0.1,0.0,0.7,0.5,0.5,0.1,0.1,0.0,3.0
usps_bin,xgb,AP,cluster_2,0.8,0.5,0.5,0.1,0.3,0.1,0.8,0.5,0.5,0.1,0.3,0.1,4.0
usps_bin,xgb,EvoCluster_PSO,cluster_0,0.7,0.7,0.8,0.1,0.3,0.1,0.7,0.7,0.8,0.1,0.3,0.1,1.0
usps_bin,xgb,EvoCluster_PSO,cluster_1,0.7,0.7,0.8,0.1,0.3,0.1,0.7,0.7,0.8,0.1,0.3,0.1,3.0
usps_bin,xgb,EvoCluster_PSO,cluster_2,0.8,0.5,0.5,0.1,0.3,0.1,0.8,0.5,0.5,0.1,0.3,0.1,4.0
usps_bin,xgb,GWO,cluster_0,0.8,0.5,0.5,0.1,0.3,0.1,0.8,0.5,0.5,0.1,0.3,0.1,1.0
usps_bin,xgb,GWO,cluster_1,0.8,0.5,0.5,0.1,0.3,0.1,0.8,0.5,0.5,0.1,0.3,0.1,3.0
usps_bin,xgb,GWO,cluster_2,0.7,0.7,0.8,0.1,0.3,0.1,0.7,0.7,0.8,0.1,0.3,0.1,4.0
usps_bin,xgb,PSO,cluster_0,0.8,0.5,0.5,0.1,0.3,0.1,0.8,0.5,0.5,0.1,0.3,0.1,1.0
usps_bin,xgb,PSO,cluster_1,0.8,0.5,0.5,0.1,0.3,0.1,0.8,0.5,0.5,0.1,0.3,0.1,3.0
usps_bin,xgb,PSO,cluster_2,0.7,0.7,0.8,0.1,0.3,0.1,0.7,0.7,0.8,0.1,0.3,0.1,4.0
usps_bin,xgb,WOA,cluster_0,0.7,0.7,0.8,0.1,0.3,0.1,0.7,0.7,0.8,0.1,0.3,0.1,1.0
usps_bin,xgb,WOA,cluster_1,0.7,0.7,0.8,0.1,0.3,0.1,0.7,0.7,0.8,0.1,0.3,0.1,3.0
usps_bin,xgb,WOA,cluster_2,0.7,0.7,0.8,0.1,0.3,0.1,0.7,0.7,0.8,0.1,0.3,0.1,4.0
wdbc,rf,AP,cluster_0,0.8888888888888888,0.6666666666666666,0.6666666666666666,0.1111111111111111,0.2222222222222222,0.0,0.8888888888888888,0.5555555555555556,0.5555555555555556,0.1111111111111111,0.2222222222222222,0.0,1.0
wdbc,rf,AP,cluster_1,0.7777777777777778,0.6666666666666666,0.8888888888888888,0.4444444444444444,0.0,0.0,0.7777777777777778,0.6666666666666666,0.8888888888888888,0.4444444444444444,0.0,0.0,5.0
wdbc,rf,AP,cluster_2,0.6666666666666666,0.6666666666666666,0.7777777777777778,0.2222222222222222,0.1111111111111111,0.0,0.6666666666666666,0.6666666666666666,0.7777777777777778,0.2222222222222222,0.1111111111111111,0.0,5.0
wdbc,rf,EvoCluster_PSO,cluster_0,0.8888888888888888,0.4444444444444444,0.4444444444444444,0.2222222222222222,0.0,0.0,0.8888888888888888,0.4444444444444444,0.4444444444444444,0.2222222222222222,0.0,0.0,1.0
wdbc,rf,EvoCluster_PSO,cluster_1,0.8888888888888888,0.5555555555555556,0.5555555555555556,0.3333333333333333,0.1111111111111111,0.0,0.8888888888888888,0.5555555555555556,0.5555555555555556,0.3333333333333333,0.1111111111111111,0.0,5.0
wdbc,rf,EvoCluster_PSO,cluster_2,0.6666666666666666,0.6666666666666666,0.7777777777777778,0.2222222222222222,0.1111111111111111,0.0,0.6666666666666666,0.6666666666666666,0.7777777777777778,0.2222222222222222,0.1111111111111111,0.0,5.0
wdbc,rf,GWO,cluster_0,0.8888888888888888,0.7777777777777778,0.7777777777777778,0.3333333333333333,0.1111111111111111,0.0,0.8888888888888888,0.7777777777777778,0.7777777777777778,0.3333333333333333,0.1111111111111111,0.0,1.0
wdbc,rf,GWO,cluster_1,0.8888888888888888,0.5555555555555556,0.5555555555555556,0.3333333333333333,0.1111111111111111,0.0,0.8888888888888888,0.5555555555555556,0.5555555555555556,0.3333333333333333,0.1111111111111111,0.0,5.0
wdbc,rf,GWO,cluster_2,0.8888888888888888,0.6666666666666666,0.6666666666666666,0.1111111111111111,0.2222222222222222,0.0,0.8888888888888888,0.5555555555555556,0.5555555555555556,0.1111111111111111,0.2222222222222222,0.0,5.0
wdbc,rf,PSO,cluster_0,0.8888888888888888,0.5555555555555556,0.5555555555555556,0.3333333333333333,0.1111111111111111,0.0,0.8888888888888888,0.5555555555555556,0.5555555555555556,0.3333333333333333,0.1111111111111111,0.0,1.0
wdbc,rf,PSO,cluster_1,0.8888888888888888,0.5555555555555556,0.6666666666666666,0.1111111111111111,0.1111111111111111,0.1111111111111111,0.8888888888888888,0.2222222222222222,0.3333333333333333,0.1111111111111111,0.0,0.0,5.0
wdbc,rf,PSO,cluster_2,0.8888888888888888,0.4444444444444444,0.4444444444444444,0.2222222222222222,0.0,0.0,0.8888888888888888,0.4444444444444444,0.4444444444444444,0.2222222222222222,0.0,0.0,5.0
wdbc,rf,WOA,cluster_0,0.8888888888888888,0.5555555555555556,0.5555555555555556,0.3333333333333333,0.1111111111111111,0.0,0.8888888888888888,0.5555555555555556,0.5555555555555556,0.3333333333333333,0.1111111111111111,0.0,1.0
wdbc,rf,WOA,cluster_1,0.8888888888888888,0.7777777777777778,0.8888888888888888,0.0,0.2222222222222222,0.1111111111111111,0.8888888888888888,0.7777777777777778,0.8888888888888888,0.0,0.2222222222222222,0.1111111111111111,5.0
wdbc,rf,WOA,cluster_2,0.8888888888888888,0.5555555555555556,0.5555555555555556,0.3333333333333333,0.1111111111111111,0.0,0.8888888888888888,0.5555555555555556,0.5555555555555556,0.3333333333333333,0.1111111111111111,0.0,5.0
wdbc,xgb,AP,cluster_0,0.8888888888888888,0.6666666666666666,0.6666666666666666,0.1111111111111111,0.1111111111111111,0.0,0.8888888888888888,0.5555555555555556,0.5555555555555556,0.1111111111111111,0.1111111111111111,0.0,1.0
wdbc,xgb,AP,cluster_1,0.7777777777777778,0.7777777777777778,0.6666666666666666,0.2222222222222222,0.0,0.1111111111111111,0.7777777777777778,0.7777777777777778,0.6666666666666666,0.2222222222222222,0.0,0.1111111111111111,4.0
wdbc,xgb,AP,cluster_2,0.5555555555555556,0.6666666666666666,0.7777777777777778,0.1111111111111111,0.1111111111111111,0.4444444444444444,0.4444444444444444,0.6666666666666666,0.7777777777777778,0.1111111111111111,0.1111111111111111,0.4444444444444444,4.0
wdbc,xgb,EvoCluster_PSO,cluster_0,0.8888888888888888,0.7777777777777778,0.7777777777777778,0.1111111111111111,0.0,0.1111111111111111,0.8888888888888888,0.6666666666666666,0.7777777777777778,0.1111111111111111,0.0,0.1111111111111111,1.0
wdbc,xgb,EvoCluster_PSO,cluster_1,0.8888888888888888,0.7777777777777778,0.7777777777777778,0.1111111111111111,0.0,0.1111111111111111,0.8888888888888888,0.6666666666666666,0.7777777777777778,0.1111111111111111,0.0,0.1111111111111111,4.0
wdbc,xgb,EvoCluster_PSO,cluster_2,0.8888888888888888,0.7777777777777778,0.7777777777777778,0.1111111111111111,0.0,0.1111111111111111,0.8888888888888888,0.6666666666666666,0.7777777777777778,0.1111111111111111,0.0,0.1111111111111111,4.0
wdbc,xgb,GWO,cluster_0,0.5555555555555556,0.6666666666666666,0.7777777777777778,0.1111111111111111,0.1111111111111111,0.4444444444444444,0.4444444444444444,0.6666666666666666,0.7777777777777778,0.1111111111111111,0.1111111111111111,0.4444444444444444,1.0
wdbc,xgb,GWO,cluster_1,0.8888888888888888,0.5555555555555556,0.6666666666666666,0.3333333333333333,0.1111111111111111,0.1111111111111111,0.5555555555555556,0.4444444444444444,0.5555555555555556,0.3333333333333333,0.0,0.0,4.0
wdbc,xgb,GWO,cluster_2,0.8888888888888888,0.6666666666666666,0.6666666666666666,0.1111111111111111,0.1111111111111111,0.0,0.8888888888888888,0.5555555555555556,0.5555555555555556,0.1111111111111111,0.1111111111111111,0.0,4.0
wdbc,xgb,PSO,cluster_0,0.8888888888888888,0.5555555555555556,0.6666666666666666,0.3333333333333333,0.1111111111111111,0.1111111111111111,0.5555555555555556,0.4444444444444444,0.5555555555555556,0.3333333333333333,0.0,0.0,1.0
wdbc,xgb,PSO,cluster_1,0.8888888888888888,0.7777777777777778,0.7777777777777778,0.1111111111111111,0.0,0.1111111111111111,0.8888888888888888,0.6666666666666666,0.7777777777777778,0.1111111111111111,0.0,0.1111111111111111,4.0
wdbc,xgb,PSO,cluster_2,0.8888888888888888,0.7777777777777778,0.7777777777777778,0.1111111111111111,0.0,0.1111111111111111,0.8888888888888888,0.6666666666666666,0.7777777777777778,0.1111111111111111,0.0,0.1111111111111111,4.0
wdbc,xgb,WOA,cluster_0,0.8888888888888888,0.7777777777777778,0.7777777777777778,0.1111111111111111,0.0,0.1111111111111111,0.8888888888888888,0.6666666666666666,0.7777777777777778,0.1111111111111111,0.0,0.1111111111111111,1.0
wdbc,xgb,WOA,cluster_1,0.8888888888888888,0.7777777777777778,0.7777777777777778,0.1111111111111111,0.0,0.1111111111111111,0.8888888888888888,0.6666666666666666,0.7777777777777778,0.1111111111111111,0.0,0.1111111111111111,4.0
wdbc,xgb,WOA,cluster_2,0.8888888888888888,1.0,0.8888888888888888,0.2222222222222222,0.0,0.1111111111111111,0.7777777777777778,0.8888888888888888,0.8888888888888888,0.2222222222222222,0.0,0.1111111111111111,4.0
