accuracy,precision,recall,f1,tn,fp,fn,tp
0.8494623655913979,0.8571428571428571,0.9152542372881356,0.8852459016393442,25,9,5,54
