{"false_positives_values": [[0.3630621353569825, 0.4983364968773688, 0.4653560934583771, 0.26910477591917387, 0.5319779791991844, 0.054564044687697905], [0.15785805137529518, 0.41252866030064395, 0.25057635797474537, 0.11666810893207269, 0.5436089927077542, 0.04407554418835407], [0.11475624126886563, 0.26535923819102325, 0.10950929663122327, 0.15155979321766472, 0.5777150743402674, 0.03478563382603421], [0.0664868758118673, 0.11128102621556472, 0.045381835883573474, 0.1850726230996242, 0.5409922186990074, 0.04751509236469309], [0.15787408389742053, 0.3738491062290527, 0.10133634904366706, 0.13672321190087877, 0.6325850624068864, 0.027502709789766305], [0.2184862093110807, 0.4389017611908639, 0.3400679144262586, 0.16117704187129717, 0.7427569781330999, 0.05004882972634412], [0.39918805384310185, 0.3788390485080392, 0.39377563744600746, 0.3656787441521102, 0.575874485845533, 0.08619244946929099], [0.12741130638510878, 0.24231081715891367, 0.20583057983848035, 0.17564362388131993, 0.5133559814268595, 0.030172692780437264], [0.1494799362834558, 0.2748950496157816, 0.19716757201321783, 0.17993672019929619, 0.4997672853310241, 0.01164717416133311]], "false_negatives_values": [[0.19971679335450687, 0.39127897294344577, 0.21477973548363166, 0.16784095665244603, 0.496495368777654, 0.02961090995518893], [0.1957268452955781, 0.26702688931729895, 0.1345705135317699, 0.22838710024828385, 0.4882200123159276, 0.030501899440002936], [0.18609847037134541, 0.2940160293567501, 0.27742382491019935, 0.2051657088550225, 1.0, 0.07302933404920112], [0.2631500431605651, 0.4004386691677185, 0.20731554786791268, 0.22395957078407308, 0.542916243348394, 0.039680352268619816], [0.4116664786323362, 0.5139322886296581, 0.3229946578328597, 0.30766053650983105, 0.38609692495620795, 0.017522903291025245]], "data_columns": ["pelvic_incidence", "pelvic_tilt", "lumbar_lordosis_angle", "sacral_slope", "pelvic_radius", "degree_spondylolisthesis", "class"]}