accuracy,precision,recall,f1,tn,fp,fn,tp
0.6401098901098901,0.6318407960199005,0.6902173913043478,0.6597402597402597,106,74,57,127
