accuracy,precision,recall,f1,tn,fp,fn,tp
0.9861111111111112,1.0,0.9777777777777777,0.9887640449438202,27,0,1,44
