dataset,classifier,method,trial,algo,pop_size,iterations,num_clusters,silhouette,calinski_harabasz,davies_bouldin
diabetes,rf,Optuna_Auto,0,WOA,97,35,2,0.39230792901016465,4.527682671606711,0.442282219699346
diabetes,rf,Optuna_Auto,2,GWO,56,97,2,0.39230792901016465,4.527682671606711,0.442282219699346
diabetes,rf,Optuna_Auto,3,WOA,66,45,2,0.39230792901016465,4.527682671606711,0.442282219699346
diabetes,rf,Optuna_Auto,4,GWO,89,33,2,0.39230792901016465,4.527682671606711,0.442282219699346
diabetes,rf,Optuna_Auto,5,GWO,55,14,2,0.27656923747791995,2.726174459747252,0.5660816880267141
diabetes,rf,Optuna_Auto,6,GWO,69,19,2,0.39230792901016465,4.527682671606711,0.442282219699346
diabetes,rf,Optuna_Auto,7,PSO,57,43,2,0.39230792901016465,4.527682671606711,0.442282219699346
diabetes,rf,Optuna_Auto,8,WOA,54,52,2,0.39230792901016465,4.527682671606711,0.442282219699346
diabetes,rf,Optuna_Auto,9,GWO,96,96,2,0.39230792901016465,4.527682671606711,0.442282219699346
diabetes,rf,Optuna_Auto,10,WOA,12,71,2,0.39230792901016465,4.527682671606711,0.442282219699346
diabetes,rf,Optuna_Auto,11,PSO,29,98,2,0.39230792901016465,4.527682671606711,0.442282219699346
diabetes,rf,Optuna_Auto,13,WOA,74,73,2,0.39230792901016465,4.527682671606711,0.442282219699346
diabetes,rf,Optuna_Auto,14,GWO,83,86,2,0.39230792901016465,4.527682671606711,0.442282219699346
diabetes,rf,Optuna_Auto,15,WOA,41,60,4,0.17301613507542787,3.534726944778141,0.5285764432561213
diabetes,rf,Optuna_Auto,16,PSO,10,22,5,0.07309317480106789,3.2363855467255696,0.5766016553024393
diabetes,rf,Optuna_Auto,17,GA,80,31,2,0.39230792901016465,4.527682671606711,0.442282219699346
diabetes,rf,Optuna_Auto,18,GWO,47,86,3,0.26063623700567407,3.89098257644884,0.5047974632207689
diabetes,rf,Optuna_Auto,19,WOA,30,61,2,0.39230792901016465,4.527682671606711,0.442282219699346
diabetes,rf,Optuna_Auto,20,WOA,63,30,2,0.39230792901016465,4.527682671606711,0.442282219699346
diabetes,rf,Optuna_Auto,21,WOA,69,40,2,0.39230792901016465,4.527682671606711,0.442282219699346
diabetes,rf,Optuna_Auto,22,WOA,89,56,2,0.39230792901016465,4.527682671606711,0.442282219699346
diabetes,rf,Optuna_Auto,23,WOA,46,50,2,0.39230792901016465,4.527682671606711,0.442282219699346
diabetes,rf,Optuna_Auto,24,WOA,76,11,2,0.39230792901016465,4.527682671606711,0.442282219699346
diabetes,rf,Optuna_Auto,25,GWO,63,24,2,0.27656923747791995,2.726174459747252,0.5660816880267141
diabetes,rf,Optuna_Auto,26,PSO,90,66,2,0.39230792901016465,4.527682671606711,0.442282219699346
diabetes,rf,Optuna_Auto,28,WOA,100,37,2,0.39230792901016465,4.527682671606711,0.442282219699346
diabetes,rf,Optuna_Auto,29,GA,18,44,2,0.39230792901016465,4.527682671606711,0.442282219699346
diabetes,svm,Optuna_Auto,0,WOA,55,35,2,0.3768430709531048,4.21649573875533,0.46193593869515537
diabetes,svm,Optuna_Auto,2,GWO,13,14,6,-0.01501976530774122,3.4888599363727995,1.041224888163799
diabetes,svm,Optuna_Auto,3,WOA,23,44,2,0.3768430709531048,4.21649573875533,0.46193593869515537
diabetes,svm,Optuna_Auto,4,PSO,58,14,3,0.17231699892084745,3.9818760249270078,0.8025480753694048
diabetes,svm,Optuna_Auto,5,PSO,86,68,2,0.3768430709531048,4.21649573875533,0.46193593869515537
diabetes,svm,Optuna_Auto,6,GWO,14,52,2,0.3768430709531048,4.21649573875533,0.46193593869515537
diabetes,svm,Optuna_Auto,9,GA,82,52,2,0.3768430709531048,4.21649573875533,0.46193593869515537
diabetes,svm,Optuna_Auto,10,WOA,99,100,2,0.3768430709531048,4.21649573875533,0.46193593869515537
diabetes,svm,Optuna_Auto,11,WOA,56,39,2,0.3768430709531048,4.21649573875533,0.46193593869515537
diabetes,svm,Optuna_Auto,12,WOA,33,37,2,0.3768430709531048,4.21649573875533,0.46193593869515537
diabetes,svm,Optuna_Auto,13,WOA,64,64,2,0.3768430709531048,4.21649573875533,0.46193593869515537
diabetes,svm,Optuna_Auto,14,WOA,28,33,2,0.3768430709531048,4.21649573875533,0.46193593869515537
diabetes,svm,Optuna_Auto,15,WOA,69,49,2,0.3768430709531048,4.21649573875533,0.46193593869515537
diabetes,svm,Optuna_Auto,16,WOA,48,78,2,0.3768430709531048,4.21649573875533,0.46193593869515537
diabetes,svm,Optuna_Auto,17,WOA,79,29,2,0.3768430709531048,4.21649573875533,0.46193593869515537
diabetes,svm,Optuna_Auto,18,GWO,30,47,2,0.3768430709531048,4.21649573875533,0.46193593869515537
diabetes,svm,Optuna_Auto,19,PSO,47,68,2,0.3768430709531048,4.21649573875533,0.46193593869515537
diabetes,svm,Optuna_Auto,20,WOA,71,24,2,0.3768430709531048,4.21649573875533,0.46193593869515537
diabetes,svm,Optuna_Auto,21,PSO,99,86,2,0.3768430709531048,4.21649573875533,0.46193593869515537
diabetes,svm,Optuna_Auto,22,PSO,83,61,2,0.3768430709531048,4.21649573875533,0.46193593869515537
diabetes,svm,Optuna_Auto,23,PSO,92,76,2,0.3768430709531048,4.21649573875533,0.46193593869515537
diabetes,svm,Optuna_Auto,24,PSO,57,41,2,0.3768430709531048,4.21649573875533,0.46193593869515537
diabetes,svm,Optuna_Auto,25,WOA,76,59,2,0.3768430709531048,4.21649573875533,0.46193593869515537
diabetes,svm,Optuna_Auto,26,PSO,88,93,2,0.3768430709531048,4.21649573875533,0.46193593869515537
diabetes,svm,Optuna_Auto,27,GWO,22,72,2,0.3768430709531048,4.21649573875533,0.46193593869515537
diabetes,svm,Optuna_Auto,28,WOA,39,45,2,0.3768430709531048,4.21649573875533,0.46193593869515537
diabetes,xgb,Optuna_Auto,0,GWO,73,87,2,0.4062152346768868,4.758638788970933,0.43285862446651546
diabetes,xgb,Optuna_Auto,1,GWO,35,86,2,0.4062152346768868,4.758638788970933,0.43285862446651546
diabetes,xgb,Optuna_Auto,2,GA,36,49,2,0.4062152346768868,4.758638788970933,0.43285862446651546
diabetes,xgb,Optuna_Auto,3,PSO,99,14,2,0.4062152346768868,4.758638788970933,0.43285862446651546
diabetes,xgb,Optuna_Auto,4,WOA,41,79,2,0.4062152346768868,4.758638788970933,0.43285862446651546
diabetes,xgb,Optuna_Auto,5,GWO,78,29,2,0.4062152346768868,4.758638788970933,0.43285862446651546
diabetes,xgb,Optuna_Auto,6,GWO,29,79,2,0.4062152346768868,4.758638788970933,0.43285862446651546
diabetes,xgb,Optuna_Auto,7,GA,52,62,2,0.4062152346768868,4.758638788970933,0.43285862446651546
diabetes,xgb,Optuna_Auto,9,PSO,72,10,4,0.26440539870612545,3.917366823678637,0.4978441477386939
diabetes,xgb,Optuna_Auto,10,WOA,99,97,2,0.4062152346768868,4.758638788970933,0.43285862446651546
diabetes,xgb,Optuna_Auto,11,GWO,11,97,2,0.4062152346768868,4.758638788970933,0.43285862446651546
diabetes,xgb,Optuna_Auto,12,GWO,64,77,2,0.4062152346768868,4.758638788970933,0.43285862446651546
diabetes,xgb,Optuna_Auto,13,GWO,12,64,2,0.4062152346768868,4.758638788970933,0.43285862446651546
diabetes,xgb,Optuna_Auto,14,GWO,82,88,2,0.4062152346768868,4.758638788970933,0.43285862446651546
diabetes,xgb,Optuna_Auto,15,GWO,62,66,2,0.4062152346768868,4.758638788970933,0.43285862446651546
diabetes,xgb,Optuna_Auto,16,GWO,47,47,2,0.4062152346768868,4.758638788970933,0.43285862446651546
diabetes,xgb,Optuna_Auto,17,WOA,88,87,2,0.4062152346768868,4.758638788970933,0.43285862446651546
diabetes,xgb,Optuna_Auto,18,PSO,23,89,2,0.4062152346768868,4.758638788970933,0.43285862446651546
diabetes,xgb,Optuna_Auto,19,GWO,57,71,2,0.4062152346768868,4.758638788970933,0.43285862446651546
diabetes,xgb,Optuna_Auto,20,GWO,72,51,2,0.4062152346768868,4.758638788970933,0.43285862446651546
diabetes,xgb,Optuna_Auto,26,PSO,20,73,2,0.4062152346768868,4.758638788970933,0.43285862446651546
diabetes,xgb,Optuna_Auto,27,WOA,52,84,2,0.4062152346768868,4.758638788970933,0.43285862446651546
diabetes,xgb,Optuna_Auto,28,GWO,67,91,2,0.4062152346768868,4.758638788970933,0.43285862446651546
diabetes,xgb,Optuna_Auto,29,PSO,88,23,2,0.4062152346768868,4.758638788970933,0.43285862446651546
wdbc,rf,Optuna_Auto,0,PSO,59,21,2,0.204910218269028,2.5758482302950974,0.549119322894502
wdbc,rf,Optuna_Auto,1,GWO,15,87,2,0.204910218269028,2.5758482302950974,0.549119322894502
wdbc,rf,Optuna_Auto,2,GA,34,49,2,0.204910218269028,2.5758482302950974,0.549119322894502
wdbc,rf,Optuna_Auto,3,WOA,64,80,2,0.204910218269028,2.5758482302950974,0.549119322894502
wdbc,rf,Optuna_Auto,4,PSO,76,20,2,0.204910218269028,2.5758482302950974,0.549119322894502
wdbc,rf,Optuna_Auto,5,GWO,96,83,2,0.204910218269028,2.5758482302950974,0.549119322894502
wdbc,rf,Optuna_Auto,6,PSO,13,85,3,0.11048591039706433,2.1907481344138326,0.5754537457094414
wdbc,rf,Optuna_Auto,7,PSO,48,52,2,0.204910218269028,2.5758482302950974,0.549119322894502
wdbc,rf,Optuna_Auto,8,GWO,88,100,2,0.204910218269028,2.5758482302950974,0.549119322894502
wdbc,rf,Optuna_Auto,9,GWO,98,83,2,0.204910218269028,2.5758482302950974,0.549119322894502
wdbc,rf,Optuna_Auto,10,GA,52,16,2,0.204910218269028,2.5758482302950974,0.549119322894502
wdbc,rf,Optuna_Auto,11,WOA,13,40,2,0.204910218269028,2.5758482302950974,0.549119322894502
wdbc,rf,Optuna_Auto,12,GWO,31,62,2,0.204910218269028,2.5758482302950974,0.549119322894502
wdbc,rf,Optuna_Auto,13,PSO,32,31,2,0.204910218269028,2.5758482302950974,0.549119322894502
wdbc,rf,Optuna_Auto,14,GWO,69,65,2,0.204910218269028,2.5758482302950974,0.549119322894502
wdbc,rf,Optuna_Auto,15,PSO,46,33,2,0.204910218269028,2.5758482302950974,0.549119322894502
wdbc,rf,Optuna_Auto,17,WOA,60,67,2,0.204910218269028,2.5758482302950974,0.549119322894502
wdbc,rf,Optuna_Auto,18,PSO,84,93,2,0.204910218269028,2.5758482302950974,0.549119322894502
wdbc,rf,Optuna_Auto,19,GWO,42,73,2,0.204910218269028,2.5758482302950974,0.549119322894502
wdbc,rf,Optuna_Auto,20,GWO,56,52,2,0.204910218269028,2.5758482302950974,0.549119322894502
wdbc,rf,Optuna_Auto,23,GA,20,43,2,0.204910218269028,2.5758482302950974,0.549119322894502
wdbc,rf,Optuna_Auto,24,GA,38,22,2,0.204910218269028,2.5758482302950974,0.549119322894502
wdbc,rf,Optuna_Auto,25,GA,10,58,2,0.204910218269028,2.5758482302950974,0.549119322894502
wdbc,rf,Optuna_Auto,26,PSO,26,74,2,0.204910218269028,2.5758482302950974,0.549119322894502
wdbc,rf,Optuna_Auto,27,WOA,74,25,2,0.204910218269028,2.5758482302950974,0.549119322894502
wdbc,rf,Optuna_Auto,28,GA,18,41,2,0.204910218269028,2.5758482302950974,0.549119322894502
wdbc,rf,Optuna_Auto,29,WOA,29,10,2,0.204910218269028,2.5758482302950974,0.549119322894502
wdbc,xgb,Optuna_Auto,0,GWO,44,65,3,0.11277843201585983,2.58323168197903,0.5402715937509598
wdbc,xgb,Optuna_Auto,1,WOA,48,32,3,0.11277843201585983,2.58323168197903,0.5402715937509598
wdbc,xgb,Optuna_Auto,2,GA,44,58,3,0.11277843201585983,2.58323168197903,0.5402715937509598
wdbc,xgb,Optuna_Auto,3,PSO,47,33,3,0.11277843201585983,2.58323168197903,0.5402715937509598
wdbc,xgb,Optuna_Auto,4,PSO,60,78,3,0.11277843201585983,2.58323168197903,0.5402715937509598
wdbc,xgb,Optuna_Auto,5,GWO,99,30,3,0.11277843201585983,2.58323168197903,0.5402715937509598
wdbc,xgb,Optuna_Auto,6,GWO,94,87,3,0.11277843201585983,2.58323168197903,0.5402715937509598
wdbc,xgb,Optuna_Auto,8,WOA,75,80,3,0.11277843201585983,2.58323168197903,0.5402715937509598
wdbc,xgb,Optuna_Auto,9,WOA,80,17,3,0.11277843201585983,2.58323168197903,0.5402715937509598
wdbc,xgb,Optuna_Auto,10,GWO,10,57,3,0.11277843201585983,2.58323168197903,0.5402715937509598
wdbc,xgb,Optuna_Auto,11,WOA,35,60,3,0.11277843201585983,2.58323168197903,0.5402715937509598
wdbc,xgb,Optuna_Auto,12,GWO,59,41,3,0.11277843201585983,2.58323168197903,0.5402715937509598
wdbc,xgb,Optuna_Auto,13,WOA,30,13,3,0.11277843201585983,2.58323168197903,0.5402715937509598
wdbc,xgb,Optuna_Auto,14,WOA,57,48,3,0.11277843201585983,2.58323168197903,0.5402715937509598
wdbc,xgb,Optuna_Auto,15,GWO,34,71,3,0.11277843201585983,2.58323168197903,0.5402715937509598
wdbc,xgb,Optuna_Auto,16,PSO,47,25,3,0.11277843201585983,2.58323168197903,0.5402715937509598
wdbc,xgb,Optuna_Auto,17,GA,70,41,3,0.11277843201585983,2.58323168197903,0.5402715937509598
wdbc,xgb,Optuna_Auto,18,WOA,22,68,3,0.11277843201585983,2.58323168197903,0.5402715937509598
wdbc,xgb,Optuna_Auto,19,GWO,41,100,3,0.11277843201585983,2.58323168197903,0.5402715937509598
wdbc,xgb,Optuna_Auto,20,WOA,53,49,3,0.11277843201585983,2.58323168197903,0.5402715937509598
wdbc,xgb,Optuna_Auto,21,GA,42,61,3,0.11277843201585983,2.58323168197903,0.5402715937509598
wdbc,xgb,Optuna_Auto,25,GA,40,19,3,0.11277843201585983,2.58323168197903,0.5402715937509598
wdbc,xgb,Optuna_Auto,26,GWO,64,75,3,0.11277843201585983,2.58323168197903,0.5402715937509598
wdbc,xgb,Optuna_Auto,27,PSO,52,64,3,0.11277843201585983,2.58323168197903,0.5402715937509598
wdbc,xgb,Optuna_Auto,28,WOA,83,85,3,0.11277843201585983,2.58323168197903,0.5402715937509598
wdbc,xgb,Optuna_Auto,29,PSO,45,30,3,0.11277843201585983,2.58323168197903,0.5402715937509598
column,rf,Optuna_Auto,0,PSO,45,39,4,0.191336704218885,2.981639873089423,0.4773156131617272
column,rf,Optuna_Auto,1,PSO,42,46,4,0.21243300166069354,2.8714333431336088,0.48576035985256116
column,rf,Optuna_Auto,2,PSO,70,56,4,0.191336704218885,2.981639873089423,0.4773156131617272
column,rf,Optuna_Auto,4,GA,12,71,4,0.21243300166069354,2.8714333431336088,0.48576035985256116
column,rf,Optuna_Auto,5,GWO,64,61,4,0.191336704218885,2.981639873089422,0.4773156131617272
column,rf,Optuna_Auto,6,PSO,64,52,4,0.191336704218885,2.981639873089423,0.4773156131617272
column,rf,Optuna_Auto,7,WOA,47,58,4,0.3165466445345748,5.460899180416886,0.5088684482975778
column,rf,Optuna_Auto,8,GWO,14,48,2,0.2291540844263521,2.2636538156275563,0.5739698657872867
column,rf,Optuna_Auto,9,GA,22,86,4,0.18275908666682078,2.477340278341546,0.5001349199280392
column,rf,Optuna_Auto,10,WOA,93,100,4,0.191336704218885,2.981639873089422,0.4773156131617272
column,rf,Optuna_Auto,11,WOA,31,18,3,0.18222805583277749,2.6099571574584144,0.5223914466972375
column,rf,Optuna_Auto,12,GWO,10,73,4,0.3165466445345748,5.460899180416886,0.5088684482975778
column,rf,Optuna_Auto,13,WOA,87,74,4,0.191336704218885,2.981639873089423,0.4773156131617272
column,rf,Optuna_Auto,14,GWO,34,77,4,0.21243300166069354,2.8714333431336088,0.48576035985256116
column,rf,Optuna_Auto,15,WOA,75,91,4,0.191336704218885,2.981639873089423,0.4773156131617272
column,rf,Optuna_Auto,16,GWO,50,66,4,0.21243300166069354,2.8714333431336088,0.48576035985256116
column,rf,Optuna_Auto,17,WOA,26,36,3,0.18222805583277749,2.6099571574584144,0.5223914466972374
column,rf,Optuna_Auto,18,GWO,38,80,4,0.191336704218885,2.981639873089423,0.4773156131617272
column,rf,Optuna_Auto,19,WOA,80,65,4,0.21243300166069354,2.8714333431336088,0.48576035985256116
column,rf,Optuna_Auto,20,GWO,20,92,4,0.191336704218885,2.981639873089423,0.4773156131617272
column,rf,Optuna_Auto,21,GWO,11,44,3,0.18222805583277749,2.6099571574584144,0.5223914466972374
column,rf,Optuna_Auto,22,GWO,16,54,4,0.21243300166069354,2.8714333431336088,0.48576035985256116
column,rf,Optuna_Auto,23,GWO,27,58,4,0.191336704218885,2.981639873089423,0.4773156131617272
column,rf,Optuna_Auto,24,GWO,18,33,4,0.191336704218885,2.981639873089423,0.4773156131617272
column,rf,Optuna_Auto,25,GWO,11,49,4,0.191336704218885,2.981639873089422,0.4773156131617272
column,rf,Optuna_Auto,26,WOA,52,11,4,0.3165466445345748,5.460899180416886,0.5088684482975778
column,rf,Optuna_Auto,27,WOA,54,11,4,0.191336704218885,2.981639873089422,0.4773156131617272
column,rf,Optuna_Auto,28,WOA,59,27,4,0.21243300166069354,2.8714333431336088,0.48576035985256116
column,rf,Optuna_Auto,29,WOA,48,11,4,0.191336704218885,2.981639873089423,0.4773156131617272
column,svm,Optuna_Auto,0,GA,60,21,2,0.43798759243496727,5.04430469347762,0.40346957757615315
column,svm,Optuna_Auto,1,PSO,100,41,2,0.43798759243496727,5.04430469347762,0.40346957757615315
column,svm,Optuna_Auto,2,PSO,16,45,4,0.10538954469141933,2.6374979572888204,0.5656908398621346
column,svm,Optuna_Auto,4,PSO,16,45,2,0.43798759243496727,5.04430469347762,0.40346957757615315
column,svm,Optuna_Auto,5,GWO,26,20,2,0.43798759243496727,5.04430469347762,0.40346957757615315
column,svm,Optuna_Auto,6,PSO,74,45,2,0.43798759243496727,5.04430469347762,0.40346957757615315
column,svm,Optuna_Auto,7,PSO,72,89,2,0.43798759243496727,5.04430469347762,0.40346957757615315
column,svm,Optuna_Auto,8,GWO,45,11,4,0.2356378567563128,4.300657335032885,0.45826035908430074
column,svm,Optuna_Auto,9,WOA,90,34,2,0.43798759243496727,5.04430469347762,0.40346957757615315
column,svm,Optuna_Auto,12,WOA,76,26,2,0.43798759243496727,5.04430469347762,0.40346957757615315
column,svm,Optuna_Auto,14,PSO,86,10,2,0.43798759243496727,5.04430469347762,0.40346957757615315
column,svm,Optuna_Auto,15,GA,60,54,2,0.43798759243496727,5.04430469347762,0.40346957757615315
column,svm,Optuna_Auto,16,GWO,99,37,2,0.43798759243496727,5.04430469347762,0.40346957757615315
column,svm,Optuna_Auto,17,WOA,37,22,3,0.35162106676803734,4.4765436770333435,0.45062103936032466
column,svm,Optuna_Auto,19,PSO,66,55,2,0.43798759243496727,5.04430469347762,0.40346957757615315
column,svm,Optuna_Auto,20,PSO,49,17,2,0.43798759243496727,5.04430469347762,0.40346957757615315
column,svm,Optuna_Auto,21,PSO,10,44,5,0.10450310476706239,6.2596430467547135,0.674004109864213
column,svm,Optuna_Auto,22,PSO,30,29,6,0.16081680822023453,4.162642180464367,0.4689550939594134
column,svm,Optuna_Auto,23,PSO,24,39,4,0.2356378567563128,4.300657335032885,0.45826035908430074
column,svm,Optuna_Auto,24,PSO,52,50,2,0.43798759243496727,5.04430469347762,0.40346957757615315
column,svm,Optuna_Auto,25,GA,34,67,6,0.13282507305756608,3.858701074300084,0.488422155261784
column,svm,Optuna_Auto,26,GWO,64,61,2,0.43798759243496727,5.04430469347762,0.40346957757615315
column,svm,Optuna_Auto,27,WOA,19,26,3,0.20279516018336924,2.9218601555207364,0.523780085083546
column,svm,Optuna_Auto,28,PSO,91,39,2,0.43798759243496727,5.04430469347762,0.40346957757615315
column,svm,Optuna_Auto,29,PSO,79,46,2,0.43798759243496727,5.04430469347762,0.40346957757615315
column,xgb,Optuna_Auto,1,WOA,41,58,4,0.2855766602987681,4.067741340452188,0.40870450423131155
column,xgb,Optuna_Auto,2,WOA,18,39,4,0.2855766602987681,4.067741340452188,0.40870450423131155
column,xgb,Optuna_Auto,3,PSO,21,83,4,0.2855766602987681,4.067741340452188,0.4087045042313115
column,xgb,Optuna_Auto,4,WOA,48,61,4,0.2855766602987681,4.067741340452188,0.4087045042313115
column,xgb,Optuna_Auto,5,PSO,36,87,4,0.2855766602987681,4.067741340452188,0.4087045042313115
column,xgb,Optuna_Auto,6,WOA,79,41,4,0.22468788220224592,3.8662374470430154,0.427298557721166
column,xgb,Optuna_Auto,7,GWO,81,27,4,0.2855766602987681,4.067741340452188,0.4087045042313115
column,xgb,Optuna_Auto,9,PSO,37,83,4,0.2855766602987681,4.067741340452188,0.40870450423131155
column,xgb,Optuna_Auto,10,GWO,96,11,4,0.2855766602987681,4.067741340452188,0.40870450423131155
column,xgb,Optuna_Auto,11,WOA,10,57,3,0.2283952224161449,3.3058704292416925,0.4631540128105176
column,xgb,Optuna_Auto,12,WOA,60,57,4,0.2855766602987681,4.067741340452188,0.4087045042313115
column,xgb,Optuna_Auto,13,WOA,29,41,3,0.2283952224161449,3.3058704292416925,0.4631540128105176
column,xgb,Optuna_Auto,14,WOA,55,70,4,0.22386134895202403,3.6897759712015326,0.4254873827743657
column,xgb,Optuna_Auto,15,WOA,63,42,4,0.22468788220224592,3.8662374470430154,0.427298557721166
column,xgb,Optuna_Auto,16,WOA,12,28,2,0.307668253822129,3.180320408913273,0.4703042934492897
column,xgb,Optuna_Auto,17,GWO,10,11,3,0.262295014289933,3.40334292238331,0.4593098133991144
column,xgb,Optuna_Auto,18,GA,72,26,4,0.2855766602987681,4.067741340452188,0.4087045042313115
column,xgb,Optuna_Auto,19,WOA,32,98,4,0.2855766602987681,4.067741340452188,0.4087045042313115
column,xgb,Optuna_Auto,20,WOA,43,27,4,0.22386134895202403,3.6897759712015326,0.4254873827743657
column,xgb,Optuna_Auto,21,WOA,22,48,4,0.2855766602987681,4.067741340452188,0.4087045042313115
column,xgb,Optuna_Auto,22,WOA,25,33,4,0.2855766602987681,4.067741340452188,0.40870450423131155
column,xgb,Optuna_Auto,23,WOA,19,71,3,0.2283952224161449,3.3058704292416925,0.4631540128105176
column,xgb,Optuna_Auto,24,WOA,17,18,2,0.307668253822129,3.180320408913273,0.4703042934492897
column,xgb,Optuna_Auto,25,WOA,11,19,3,0.2283952224161449,3.3058704292416925,0.4631540128105176
column,xgb,Optuna_Auto,26,PSO,29,18,4,0.2855766602987681,4.067741340452188,0.4087045042313115
column,xgb,Optuna_Auto,28,GWO,16,32,4,0.2855766602987681,4.067741340452188,0.4087045042313115
blood-transfusion,rf,Optuna_Auto,0,GWO,98,82,4,0.40746322421334813,8.284862676591505,0.40985516374394987
blood-transfusion,rf,Optuna_Auto,1,GWO,76,78,7,0.09609752144292995,7.403640189134303,0.4705020297885227
blood-transfusion,rf,Optuna_Auto,3,GA,84,59,5,0.37887900414064485,6.153656926720394,0.3610139574289778
blood-transfusion,rf,Optuna_Auto,4,GWO,25,41,6,0.24350076168658982,9.290865964086775,0.4596357543337173
blood-transfusion,rf,Optuna_Auto,5,GWO,87,30,5,0.37887900414064485,6.153656926720394,0.3610139574289778
blood-transfusion,rf,Optuna_Auto,6,GA,44,56,4,0.40746322421334813,8.284862676591505,0.4098551637439499
blood-transfusion,rf,Optuna_Auto,8,GA,48,28,5,0.37887900414064485,6.153656926720394,0.3610139574289778
blood-transfusion,rf,Optuna_Auto,9,GWO,96,100,6,0.21042288646981258,8.17586513139201,0.4431638978135444
blood-transfusion,rf,Optuna_Auto,10,WOA,62,12,2,0.40490006841847176,4.923329669509868,0.39582043989464905
blood-transfusion,rf,Optuna_Auto,11,PSO,45,81,6,0.21042288646981258,8.17586513139201,0.4431638978135444
blood-transfusion,rf,Optuna_Auto,12,PSO,64,77,6,0.27665926716106576,7.152638532667359,0.41281118287516844
blood-transfusion,rf,Optuna_Auto,13,WOA,12,97,5,0.37887900414064485,6.153656926720394,0.3610139574289778
blood-transfusion,rf,Optuna_Auto,15,GWO,66,89,5,0.29377690353417646,8.917407552503311,0.4443955197244994
blood-transfusion,rf,Optuna_Auto,16,WOA,98,47,5,0.37887900414064485,6.153656926720396,0.36101395742897774
blood-transfusion,rf,Optuna_Auto,17,PSO,26,67,6,0.24278788845100702,13.42249695132211,0.5016906404171054
blood-transfusion,rf,Optuna_Auto,18,GA,36,87,7,0.2506775413094354,5.8937896052779974,0.3826300389969508
blood-transfusion,rf,Optuna_Auto,19,GWO,55,37,6,0.1628598328806867,8.138433812032314,0.44586976598021116
blood-transfusion,rf,Optuna_Auto,21,WOA,59,11,3,0.4224446061190375,5.718989443116806,0.3708747554476719
blood-transfusion,rf,Optuna_Auto,22,WOA,35,21,6,0.2653867837377237,13.566651918757593,0.5208136643784551
blood-transfusion,rf,Optuna_Auto,23,WOA,56,10,2,0.40490006841847176,4.923329669509868,0.39582043989464905
blood-transfusion,rf,Optuna_Auto,24,WOA,78,19,2,0.43216605709052236,5.488246936627842,0.3762141190590214
blood-transfusion,rf,Optuna_Auto,25,WOA,78,20,4,0.40746322421334813,8.284862676591505,0.40985516374394987
blood-transfusion,rf,Optuna_Auto,26,WOA,92,18,4,0.4014929376103204,5.925546426369241,0.36673818863517155
blood-transfusion,rf,Optuna_Auto,27,WOA,77,29,4,0.4014929376103204,5.92554642636924,0.36673818863517155
blood-transfusion,rf,Optuna_Auto,28,WOA,83,40,4,0.4014929376103204,5.92554642636924,0.36673818863517155
blood-transfusion,rf,Optuna_Auto,29,GWO,69,16,4,0.40746322421334813,8.284862676591503,0.40985516374394987
blood-transfusion,svm,Optuna_Auto,0,GWO,42,19,6,0.36395408458771317,10.275541435244351,0.36325531793954496
blood-transfusion,svm,Optuna_Auto,1,PSO,81,74,7,0.36752883737947617,10.37033663346757,0.3513195614826721
blood-transfusion,svm,Optuna_Auto,2,GA,14,81,8,0.35494206162627734,8.812876898124667,0.3330035368598775
blood-transfusion,svm,Optuna_Auto,3,WOA,86,50,7,0.39813964687696024,6.866733526698511,0.3311082156734389
blood-transfusion,svm,Optuna_Auto,4,WOA,87,43,6,0.36395408458771317,10.27554143524435,0.36325531793954496
blood-transfusion,svm,Optuna_Auto,5,WOA,79,51,6,0.35960595289119307,12.038106975242513,0.4209250525712873
blood-transfusion,svm,Optuna_Auto,6,GWO,35,15,7,0.3739454618743256,13.55359900618753,0.41586971558649377
blood-transfusion,svm,Optuna_Auto,7,PSO,38,28,6,0.35960595289119307,12.038106975242512,0.4209250525712873
blood-transfusion,svm,Optuna_Auto,8,WOA,75,12,4,0.2593202321885734,3.9306075159434166,0.4356413397415545
blood-transfusion,svm,Optuna_Auto,9,WOA,66,51,7,0.36752883737947617,10.37033663346757,0.3513195614826721
blood-transfusion,svm,Optuna_Auto,11,GWO,53,34,7,0.36752883737947617,10.37033663346757,0.3513195614826721
blood-transfusion,svm,Optuna_Auto,12,GWO,12,63,7,0.36752883737947617,10.37033663346757,0.3513195614826722
blood-transfusion,svm,Optuna_Auto,13,GWO,28,29,7,0.3739454618743256,13.553599006187534,0.4158697155864938
blood-transfusion,svm,Optuna_Auto,14,WOA,63,11,5,0.4420469707629085,10.584828147728985,0.37188260015715946
blood-transfusion,svm,Optuna_Auto,15,WOA,61,97,6,0.4161941278713747,6.396446875916437,0.33987146116806827
blood-transfusion,svm,Optuna_Auto,16,WOA,59,99,6,0.399623592885926,10.175889502410996,0.36443612480306586
blood-transfusion,svm,Optuna_Auto,17,WOA,51,84,4,0.45182408005964675,7.980578709994571,0.37518012613448
blood-transfusion,svm,Optuna_Auto,18,WOA,51,86,6,0.4289232409817026,8.401242081325972,0.34177031874069236
blood-transfusion,svm,Optuna_Auto,20,PSO,49,64,8,0.3613968615625283,11.526566446543638,0.3898716181735459
blood-transfusion,svm,Optuna_Auto,21,WOA,49,86,7,0.36752883737947617,10.37033663346757,0.3513195614826721
blood-transfusion,svm,Optuna_Auto,22,WOA,25,88,5,0.4420469707629085,10.584828147728985,0.37188260015715946
blood-transfusion,svm,Optuna_Auto,23,WOA,22,76,7,0.36752883737947617,10.37033663346757,0.3513195614826721
blood-transfusion,svm,Optuna_Auto,24,WOA,29,91,4,0.41716602316231083,5.481174628989209,0.36314747625309923
blood-transfusion,svm,Optuna_Auto,25,WOA,42,72,6,0.36395408458771317,10.27554143524435,0.36325531793954496
blood-transfusion,svm,Optuna_Auto,26,WOA,60,90,6,0.34459845622955954,9.545017894004713,0.37794090557134546
blood-transfusion,svm,Optuna_Auto,27,WOA,22,39,3,0.4018473493150256,4.887662899947052,0.38428128907326126
blood-transfusion,svm,Optuna_Auto,28,PSO,72,56,8,0.14963999268452588,9.684078513669943,0.3848960468051156
blood-transfusion,svm,Optuna_Auto,29,WOA,42,20,8,0.35494206162627734,8.812876898124667,0.3330035368598775
blood-transfusion,xgb,Optuna_Auto,0,WOA,98,77,5,0.39218498948147573,6.535013514464893,0.35162275927939435
blood-transfusion,xgb,Optuna_Auto,1,WOA,40,58,3,0.4396147378950421,6.1411723531316404,0.3586864129410737
blood-transfusion,xgb,Optuna_Auto,2,WOA,98,72,4,0.41472732569612014,6.32056939643382,0.3561169535754744
blood-transfusion,xgb,Optuna_Auto,3,WOA,26,81,3,0.4396147378950421,6.1411723531316404,0.3586864129410737
blood-transfusion,xgb,Optuna_Auto,4,PSO,18,85,8,0.24709189466611423,16.52460082328272,0.4757021360168135
blood-transfusion,xgb,Optuna_Auto,5,PSO,36,79,5,0.39218498948147573,6.535013514464893,0.3516227592793944
blood-transfusion,xgb,Optuna_Auto,6,GWO,83,80,7,0.27371764595928116,6.308180145686558,0.3695095202460301
blood-transfusion,xgb,Optuna_Auto,7,GA,24,13,5,0.3177313123740271,9.519146913627187,0.4335407106123873
blood-transfusion,xgb,Optuna_Auto,9,WOA,85,29,5,0.39218498948147573,6.535013514464893,0.35162275927939435
blood-transfusion,xgb,Optuna_Auto,10,GWO,55,49,5,0.3177313123740271,9.519146913627187,0.4335407106123873
blood-transfusion,xgb,Optuna_Auto,11,WOA,51,56,5,0.39218498948147573,6.535013514464893,0.3516227592793944
blood-transfusion,xgb,Optuna_Auto,12,WOA,47,61,2,0.42066764913626076,5.190206421116291,0.3845205656524089
blood-transfusion,xgb,Optuna_Auto,13,WOA,62,40,3,0.4396147378950421,6.1411723531316404,0.3586864129410737
blood-transfusion,xgb,Optuna_Auto,14,WOA,39,97,2,0.4545923245388319,5.970384885194639,0.36003143516151287
blood-transfusion,xgb,Optuna_Auto,15,WOA,11,100,2,0.4545923245388319,5.970384885194639,0.36003143516151287
blood-transfusion,xgb,Optuna_Auto,16,GWO,11,100,5,0.39218498948147573,6.535013514464893,0.35162275927939435
blood-transfusion,xgb,Optuna_Auto,17,PSO,65,93,5,0.39218498948147573,6.535013514464893,0.35162275927939435
blood-transfusion,xgb,Optuna_Auto,18,GA,14,100,7,0.2360477267695265,15.56212643313476,0.4734066623985131
blood-transfusion,xgb,Optuna_Auto,19,WOA,39,88,3,0.4396147378950421,6.1411723531316404,0.3586864129410737
blood-transfusion,xgb,Optuna_Auto,20,WOA,73,71,2,0.4545923245388319,5.970384885194639,0.36003143516151287
blood-transfusion,xgb,Optuna_Auto,21,WOA,72,69,5,0.39218498948147573,6.535013514464893,0.35162275927939435
blood-transfusion,xgb,Optuna_Auto,22,WOA,76,91,5,0.39218498948147573,6.535013514464893,0.35162275927939435
blood-transfusion,xgb,Optuna_Auto,23,WOA,24,68,3,0.4396147378950421,6.1411723531316404,0.3586864129410737
blood-transfusion,xgb,Optuna_Auto,24,WOA,58,99,4,0.41472732569612014,6.32056939643382,0.35611695357547435
blood-transfusion,xgb,Optuna_Auto,25,WOA,88,86,5,0.39218498948147573,6.535013514464893,0.35162275927939435
blood-transfusion,xgb,Optuna_Auto,27,GWO,18,66,6,0.3008808772620246,7.6484584014476305,0.39968936860318555
blood-transfusion,xgb,Optuna_Auto,28,PSO,70,29,7,0.17313068362512513,6.0285744448570915,0.39138094775797255
blood-transfusion,xgb,Optuna_Auto,29,WOA,31,78,5,0.39218498948147573,6.535013514464893,0.3516227592793944
usps_bin,rf,Optuna_Auto,0,PSO,98,25,3,0.05399629272044975,1.5169603443615012,0.6310664964149937
usps_bin,rf,Optuna_Auto,3,GA,74,35,3,0.05399629272044975,1.5169603443615012,0.6310664964149937
usps_bin,rf,Optuna_Auto,4,GWO,94,51,3,0.05399629272044975,1.5169603443615014,0.6310664964149937
usps_bin,rf,Optuna_Auto,5,GWO,51,54,3,0.05399629272044975,1.5169603443615012,0.6310664964149937
usps_bin,rf,Optuna_Auto,6,GWO,38,13,3,0.022312230215203992,1.4836586554564664,0.6511181126999889
usps_bin,rf,Optuna_Auto,7,PSO,81,88,3,0.05399629272044975,1.5169603443615012,0.6310664964149937
usps_bin,rf,Optuna_Auto,8,GA,58,34,3,0.05399629272044975,1.5169603443615014,0.6310664964149937
usps_bin,rf,Optuna_Auto,9,PSO,54,50,3,0.05399629272044975,1.5169603443615014,0.6310664964149937
usps_bin,rf,Optuna_Auto,10,WOA,18,11,3,0.05399629272044975,1.5169603443615012,0.6310664964149937
usps_bin,rf,Optuna_Auto,11,PSO,98,30,3,0.05399629272044975,1.5169603443615012,0.6310664964149937
usps_bin,rf,Optuna_Auto,12,WOA,81,32,3,0.05399629272044975,1.5169603443615014,0.6310664964149937
usps_bin,rf,Optuna_Auto,13,PSO,82,24,3,0.05399629272044975,1.5169603443615014,0.6310664964149937
usps_bin,rf,Optuna_Auto,14,GA,100,43,3,0.05399629272044975,1.5169603443615014,0.6310664964149937
usps_bin,rf,Optuna_Auto,15,PSO,68,65,3,0.05399629272044975,1.5169603443615014,0.6310664964149937
usps_bin,rf,Optuna_Auto,16,GA,86,22,3,0.05399629272044975,1.5169603443615014,0.6310664964149937
usps_bin,rf,Optuna_Auto,17,WOA,70,40,3,0.05399629272044975,1.5169603443615014,0.6310664964149937
usps_bin,rf,Optuna_Auto,18,PSO,38,20,3,0.05399629272044975,1.5169603443615014,0.6310664964149937
usps_bin,rf,Optuna_Auto,20,PSO,73,41,3,0.05399629272044975,1.5169603443615012,0.6310664964149937
usps_bin,rf,Optuna_Auto,21,GWO,94,53,3,0.05399629272044975,1.5169603443615014,0.6310664964149937
usps_bin,rf,Optuna_Auto,22,GWO,91,46,3,0.05399629272044975,1.5169603443615012,0.6310664964149937
usps_bin,rf,Optuna_Auto,23,GWO,77,64,3,0.05399629272044975,1.5169603443615012,0.6310664964149937
usps_bin,rf,Optuna_Auto,24,GWO,92,35,3,0.05399629272044975,1.5169603443615012,0.6310664964149937
usps_bin,rf,Optuna_Auto,25,GWO,64,26,3,0.05399629272044975,1.5169603443615012,0.6310664964149937
usps_bin,rf,Optuna_Auto,26,GA,100,17,3,0.05399629272044975,1.5169603443615014,0.6310664964149937
usps_bin,rf,Optuna_Auto,27,WOA,85,75,3,0.05399629272044975,1.5169603443615014,0.6310664964149937
usps_bin,rf,Optuna_Auto,28,GWO,77,58,3,0.05399629272044975,1.5169603443615014,0.6310664964149937
usps_bin,svm,Optuna_Auto,0,GWO,82,43,2,0.28224362989157625,2.7977125185313567,0.5213615774138873
usps_bin,svm,Optuna_Auto,1,WOA,67,12,2,0.28224362989157625,2.7977125185313567,0.5213615774138873
usps_bin,svm,Optuna_Auto,2,PSO,64,21,2,0.28224362989157625,2.7977125185313567,0.5213615774138873
usps_bin,svm,Optuna_Auto,3,PSO,26,83,2,0.28224362989157625,2.7977125185313567,0.5213615774138873
usps_bin,svm,Optuna_Auto,5,PSO,70,61,2,0.28224362989157625,2.7977125185313567,0.5213615774138873
usps_bin,svm,Optuna_Auto,6,WOA,60,86,2,0.28224362989157625,2.7977125185313567,0.5213615774138873
usps_bin,svm,Optuna_Auto,8,GWO,74,94,2,0.28224362989157625,2.7977125185313567,0.5213615774138873
usps_bin,svm,Optuna_Auto,9,GA,26,82,2,0.28224362989157625,2.7977125185313567,0.5213615774138873
usps_bin,svm,Optuna_Auto,10,GWO,93,40,2,0.28224362989157625,2.7977125185313567,0.5213615774138873
usps_bin,svm,Optuna_Auto,11,WOA,94,37,2,0.28224362989157625,2.7977125185313567,0.5213615774138873
usps_bin,svm,Optuna_Auto,12,WOA,83,47,2,0.28224362989157625,2.7977125185313567,0.5213615774138873
usps_bin,svm,Optuna_Auto,13,GWO,53,26,2,0.28224362989157625,2.7977125185313567,0.5213615774138873
usps_bin,svm,Optuna_Auto,14,WOA,80,61,2,0.28224362989157625,2.7977125185313567,0.5213615774138873
usps_bin,svm,Optuna_Auto,15,GWO,13,10,2,0.28224362989157625,2.7977125185313567,0.5213615774138873
usps_bin,svm,Optuna_Auto,16,WOA,85,59,2,0.28224362989157625,2.7977125185313567,0.5213615774138873
usps_bin,svm,Optuna_Auto,17,GWO,100,24,2,0.28224362989157625,2.7977125185313567,0.5213615774138873
usps_bin,svm,Optuna_Auto,18,WOA,54,73,2,0.28224362989157625,2.7977125185313567,0.5213615774138873
usps_bin,svm,Optuna_Auto,19,GWO,77,49,2,0.28224362989157625,2.7977125185313567,0.5213615774138873
usps_bin,svm,Optuna_Auto,20,GWO,67,34,2,0.28224362989157625,2.7977125185313567,0.5213615774138873
usps_bin,svm,Optuna_Auto,21,PSO,64,23,2,0.28224362989157625,2.7977125185313567,0.5213615774138873
usps_bin,svm,Optuna_Auto,22,PSO,58,17,2,0.28224362989157625,2.7977125185313567,0.5213615774138873
usps_bin,svm,Optuna_Auto,23,PSO,47,31,2,0.28224362989157625,2.7977125185313567,0.5213615774138873
usps_bin,svm,Optuna_Auto,24,PSO,88,18,2,0.28224362989157625,2.7977125185313567,0.5213615774138873
usps_bin,svm,Optuna_Auto,25,PSO,74,50,2,0.28224362989157625,2.7977125185313567,0.5213615774138873
usps_bin,svm,Optuna_Auto,26,WOA,66,17,2,0.28224362989157625,2.7977125185313567,0.5213615774138873
usps_bin,svm,Optuna_Auto,27,GA,72,43,2,0.28224362989157625,2.7977125185313567,0.5213615774138873
usps_bin,svm,Optuna_Auto,28,PSO,36,34,2,0.28224362989157625,2.7977125185313567,0.5213615774138873
usps_bin,svm,Optuna_Auto,29,WOA,61,25,2,0.28224362989157625,2.7977125185313567,0.5213615774138873
usps_bin,xgb,Optuna_Auto,0,PSO,57,27,2,0.15016933295406712,1.8821128476334619,0.627312985458152
usps_bin,xgb,Optuna_Auto,1,GA,92,50,2,0.15016933295406712,1.8821128476334619,0.627312985458152
usps_bin,xgb,Optuna_Auto,2,GWO,42,41,2,0.15016933295406712,1.8821128476334619,0.627312985458152
usps_bin,xgb,Optuna_Auto,3,GWO,14,54,2,0.15016933295406712,1.8821128476334619,0.627312985458152
usps_bin,xgb,Optuna_Auto,4,GWO,33,83,2,0.15016933295406712,1.8821128476334619,0.627312985458152
usps_bin,xgb,Optuna_Auto,5,GWO,13,90,2,0.15016933295406712,1.8821128476334619,0.627312985458152
usps_bin,xgb,Optuna_Auto,7,PSO,81,69,2,0.15016933295406712,1.8821128476334619,0.627312985458152
usps_bin,xgb,Optuna_Auto,9,WOA,53,14,2,0.15016933295406712,1.8821128476334619,0.627312985458152
usps_bin,xgb,Optuna_Auto,10,PSO,66,12,2,0.15016933295406712,1.8821128476334619,0.627312985458152
usps_bin,xgb,Optuna_Auto,11,GA,100,34,2,0.15016933295406712,1.8821128476334619,0.627312985458152
usps_bin,xgb,Optuna_Auto,12,PSO,100,54,2,0.15016933295406712,1.8821128476334619,0.627312985458152
usps_bin,xgb,Optuna_Auto,13,WOA,76,25,2,0.15016933295406712,1.8821128476334619,0.627312985458152
usps_bin,xgb,Optuna_Auto,14,PSO,86,58,2,0.15016933295406712,1.8821128476334619,0.627312985458152
usps_bin,xgb,Optuna_Auto,17,PSO,89,21,2,0.15016933295406712,1.8821128476334619,0.627312985458152
usps_bin,xgb,Optuna_Auto,18,WOA,54,44,2,0.15016933295406712,1.8821128476334619,0.627312985458152
usps_bin,xgb,Optuna_Auto,19,PSO,74,29,2,0.15016933295406712,1.8821128476334619,0.627312985458152
usps_bin,xgb,Optuna_Auto,20,GA,92,67,2,0.15016933295406712,1.8821128476334619,0.627312985458152
usps_bin,xgb,Optuna_Auto,21,GWO,39,41,2,0.15016933295406712,1.8821128476334619,0.627312985458152
usps_bin,xgb,Optuna_Auto,22,GWO,46,49,2,0.15016933295406712,1.8821128476334619,0.627312985458152
usps_bin,xgb,Optuna_Auto,23,GWO,36,38,2,0.15016933295406712,1.8821128476334619,0.627312985458152
usps_bin,xgb,Optuna_Auto,24,GWO,26,23,2,0.15016933295406712,1.8821128476334619,0.627312985458152
usps_bin,xgb,Optuna_Auto,25,GA,54,47,2,0.15016933295406712,1.8821128476334619,0.627312985458152
usps_bin,xgb,Optuna_Auto,26,PSO,30,58,2,0.15016933295406712,1.8821128476334619,0.627312985458152
usps_bin,xgb,Optuna_Auto,27,WOA,48,34,2,0.15016933295406712,1.8821128476334619,0.627312985458152
usps_bin,xgb,Optuna_Auto,29,GWO,75,53,2,0.15016933295406712,1.8821128476334619,0.627312985458152
phoneme,rf,Optuna_Auto,0,WOA,42,88,2,0.4229786102891204,5.141734628271747,0.41501417905963767
phoneme,rf,Optuna_Auto,1,GWO,49,69,9,0.12802136066575548,25.87352404489535,0.8493760445697807
phoneme,rf,Optuna_Auto,2,GWO,33,74,2,0.4229786102891204,5.141734628271747,0.41501417905963767
phoneme,rf,Optuna_Auto,3,WOA,64,47,2,0.4229786102891204,5.141734628271747,0.41501417905963767
phoneme,rf,Optuna_Auto,4,PSO,51,56,6,-0.07535388155213825,3.323039605828886,0.7426254584944783
phoneme,rf,Optuna_Auto,5,WOA,69,50,2,0.4229786102891204,5.141734628271747,0.41501417905963767
phoneme,rf,Optuna_Auto,6,GWO,87,82,6,0.13932333133564506,4.128965413519987,0.5231025167292273
phoneme,rf,Optuna_Auto,7,PSO,95,80,9,0.0266293627719958,4.43065623622379,0.6177735336604617
phoneme,rf,Optuna_Auto,8,GWO,60,44,9,0.044286242360920026,17.229351310095236,0.9800738707813255
phoneme,rf,Optuna_Auto,10,WOA,14,23,5,0.0889665640035481,5.587521363124662,0.8035489881783023
phoneme,rf,Optuna_Auto,11,GA,32,99,14,0.06282969710365975,12.808012497775827,0.6757725303481698
phoneme,rf,Optuna_Auto,12,GWO,36,100,12,0.16462002817261645,18.518574599920882,0.6429993692876134
phoneme,rf,Optuna_Auto,13,WOA,31,84,3,0.26787911659113056,4.262460683686007,0.48272376343493545
phoneme,rf,Optuna_Auto,14,GWO,42,71,9,0.036878299013252465,6.511492446553935,0.6151224718166239
phoneme,rf,Optuna_Auto,15,WOA,26,87,2,0.4229786102891204,5.141734628271747,0.41501417905963767
phoneme,rf,Optuna_Auto,17,PSO,47,92,10,0.009745739901871957,15.6319663226509,0.7761674736554977
phoneme,rf,Optuna_Auto,18,GWO,10,74,11,-0.03518382327852048,11.05131744259518,0.7255809248736428
phoneme,rf,Optuna_Auto,19,WOA,25,61,2,0.4229786102891204,5.141734628271747,0.41501417905963767
phoneme,rf,Optuna_Auto,20,WOA,56,12,2,0.4229786102891204,5.141734628271747,0.41501417905963767
phoneme,rf,Optuna_Auto,21,WOA,64,44,2,0.4229786102891204,5.141734628271747,0.41501417905963767
phoneme,rf,Optuna_Auto,22,WOA,73,36,12,0.13787527978932962,18.556224384948653,0.7601059084863412
phoneme,rf,Optuna_Auto,23,WOA,41,77,2,0.4229786102891204,5.141734628271747,0.41501417905963767
phoneme,rf,Optuna_Auto,24,WOA,81,91,2,0.4229786102891204,5.141734628271747,0.41501417905963767
phoneme,rf,Optuna_Auto,25,GWO,56,65,5,0.2244747641524314,6.642586061843332,0.5577304626110415
phoneme,rf,Optuna_Auto,27,PSO,22,11,9,0.10980180865589716,17.886244632459324,0.8856364727416838
phoneme,rf,Optuna_Auto,28,WOA,68,24,2,0.4229786102891204,5.141734628271747,0.41501417905963767
phoneme,rf,Optuna_Auto,29,GWO,52,69,10,0.13379475586501788,8.041761723614885,0.6138400633630499
phoneme,svm,Optuna_Auto,0,GWO,59,71,3,0.4122060456257161,6.936962160547259,0.3862730007424228
phoneme,svm,Optuna_Auto,1,WOA,89,28,2,0.5592522884861236,8.660586603351376,0.32163892036721325
phoneme,svm,Optuna_Auto,2,GA,18,53,5,0.2024792460660912,5.393408819489255,0.4630019168734297
phoneme,svm,Optuna_Auto,3,PSO,32,75,6,0.13493268353361101,7.084872987166339,0.6328168233634538
phoneme,svm,Optuna_Auto,4,GA,92,75,2,0.5592522884861236,8.660586603351376,0.32163892036721325
phoneme,svm,Optuna_Auto,5,WOA,39,12,2,0.5592522884861236,8.660586603351376,0.32163892036721325
phoneme,svm,Optuna_Auto,6,GWO,51,38,7,0.07540528646947371,5.403410471054696,0.5646828913025368
phoneme,svm,Optuna_Auto,7,GWO,39,52,5,0.28124015784463313,5.607519949910128,0.43508776823942147
phoneme,svm,Optuna_Auto,8,GA,60,19,3,0.414078176348521,6.704653749232343,0.3993527230425018
phoneme,svm,Optuna_Auto,9,PSO,62,73,5,0.28124015784463313,5.607519949910128,0.43508776823942147
phoneme,svm,Optuna_Auto,10,WOA,98,96,2,0.5592522884861236,8.660586603351376,0.32163892036721325
phoneme,svm,Optuna_Auto,11,GA,94,94,2,0.5592522884861236,8.660586603351376,0.32163892036721325
phoneme,svm,Optuna_Auto,12,WOA,81,30,2,0.5592522884861236,8.660586603351376,0.32163892036721325
phoneme,svm,Optuna_Auto,14,WOA,82,85,2,0.5592522884861236,8.660586603351376,0.32163892036721325
phoneme,svm,Optuna_Auto,15,GA,90,30,2,0.5592522884861236,8.660586603351376,0.32163892036721325
phoneme,svm,Optuna_Auto,16,WOA,72,62,2,0.5592522884861236,8.660586603351376,0.32163892036721325
phoneme,svm,Optuna_Auto,17,PSO,72,40,5,0.2024792460660912,5.393408819489255,0.46300191687342973
phoneme,svm,Optuna_Auto,18,GA,100,84,2,0.5592522884861236,8.660586603351376,0.32163892036721325
phoneme,svm,Optuna_Auto,19,WOA,87,10,2,0.5592522884861236,8.660586603351376,0.32163892036721325
phoneme,svm,Optuna_Auto,20,WOA,70,60,2,0.5592522884861236,8.660586603351376,0.32163892036721325
phoneme,svm,Optuna_Auto,21,WOA,15,10,2,0.42400198086175706,5.042560990312606,0.4199951057997956
phoneme,svm,Optuna_Auto,22,WOA,43,23,2,0.5592522884861236,8.660586603351376,0.32163892036721325
phoneme,svm,Optuna_Auto,23,WOA,25,21,2,0.5592522884861236,8.660586603351376,0.32163892036721325
phoneme,svm,Optuna_Auto,24,WOA,44,41,2,0.5592522884861236,8.660586603351376,0.32163892036721325
phoneme,svm,Optuna_Auto,25,GA,10,15,6,0.1690997315210769,13.505596075427691,0.7232373511655191
phoneme,svm,Optuna_Auto,26,GWO,32,28,10,-0.1080196753478185,6.7586024269814375,0.8771596514076707
phoneme,svm,Optuna_Auto,27,WOA,87,36,2,0.5592522884861236,8.660586603351376,0.32163892036721325
phoneme,svm,Optuna_Auto,28,PSO,53,65,5,0.2024792460660912,5.393408819489255,0.46300191687342973
phoneme,svm,Optuna_Auto,29,GWO,67,82,2,0.5592522884861236,8.660586603351376,0.32163892036721325
phoneme,xgb,Optuna_Auto,0,GWO,20,85,12,0.05836673560838391,13.852118982009111,0.8189350314321443
phoneme,xgb,Optuna_Auto,1,GA,12,86,15,0.14042231881216108,18.36362886120745,0.7567065288946713
phoneme,xgb,Optuna_Auto,2,PSO,56,75,10,-0.04581145827026461,7.560113561231121,0.7074385356373666
phoneme,xgb,Optuna_Auto,3,PSO,17,61,11,0.09773993745557287,20.104128220150844,0.9242231821340297
phoneme,xgb,Optuna_Auto,6,GA,54,99,2,0.4099987919228382,4.506781225335487,0.4463672593872239
phoneme,xgb,Optuna_Auto,7,WOA,30,35,2,0.1606415312405444,1.8999985907405073,0.6857553698719581
phoneme,xgb,Optuna_Auto,9,GA,34,41,12,0.044955801990702954,9.49058476472238,0.6674873799563672
phoneme,xgb,Optuna_Auto,10,GWO,94,100,10,0.13704949729855348,28.114373769711626,0.8249276297439913
phoneme,xgb,Optuna_Auto,11,WOA,64,50,2,0.4099987919228382,4.506781225335487,0.4463672593872239
phoneme,xgb,Optuna_Auto,12,WOA,71,57,11,0.04317726300364113,18.788323801589314,0.8676908495193938
phoneme,xgb,Optuna_Auto,13,WOA,71,58,9,0.033780946657534075,7.572404236823073,0.6449390990755486
phoneme,xgb,Optuna_Auto,14,WOA,66,100,2,0.4099987919228382,4.506781225335487,0.4463672593872239
phoneme,xgb,Optuna_Auto,15,WOA,87,43,2,0.3090871256493553,3.314038944501644,0.5198039819754898
phoneme,xgb,Optuna_Auto,16,GWO,45,71,11,-0.04312168605404258,5.728827307500154,0.6392525141845498
phoneme,xgb,Optuna_Auto,17,PSO,83,19,10,0.15516470513747024,19.41133765970358,0.859205053588816
phoneme,xgb,Optuna_Auto,18,GA,56,49,14,0.11355255725204788,13.596401866626644,0.6491933467255157
phoneme,xgb,Optuna_Auto,19,WOA,42,72,2,0.4099987919228382,4.506781225335487,0.4463672593872239
phoneme,xgb,Optuna_Auto,20,WOA,59,30,2,0.37211395173897527,4.241747549613925,0.4597169223790313
phoneme,xgb,Optuna_Auto,21,WOA,67,100,2,0.2971575162606804,2.877538658548065,0.5574298390699504
phoneme,xgb,Optuna_Auto,22,WOA,78,93,2,0.37211395173897527,4.241747549613925,0.4597169223790313
phoneme,xgb,Optuna_Auto,23,WOA,63,91,2,0.37211395173897527,4.241747549613925,0.4597169223790313
phoneme,xgb,Optuna_Auto,24,WOA,54,79,2,0.37211395173897527,4.241747549613925,0.4597169223790313
phoneme,xgb,Optuna_Auto,26,GWO,50,94,11,0.15121808533842698,22.549206339660074,0.806673453374581
phoneme,xgb,Optuna_Auto,27,PSO,100,50,12,-0.06522646399463018,10.29952569200098,0.7747669204850367
phoneme,xgb,Optuna_Auto,28,WOA,64,83,2,0.37211395173897527,4.241747549613925,0.4597169223790313
phoneme,xgb,Optuna_Auto,29,GWO,38,91,13,0.038489536154095776,18.40065224773552,0.830144696078716
kc1,rf,Optuna_Auto,0,GA,100,24,2,0.6231266505493341,11.68456518514188,0.24431533205809278
kc1,rf,Optuna_Auto,1,WOA,19,19,2,0.6231266505493341,11.68456518514188,0.24431533205809278
kc1,rf,Optuna_Auto,3,WOA,26,12,2,0.6231266505493341,11.68456518514188,0.24431533205809278
kc1,rf,Optuna_Auto,4,GWO,85,39,2,0.6231266505493341,11.68456518514188,0.24431533205809278
kc1,rf,Optuna_Auto,5,WOA,29,66,2,0.6231266505493341,11.68456518514188,0.24431533205809278
kc1,rf,Optuna_Auto,6,GA,52,88,2,0.6231266505493341,11.68456518514188,0.24431533205809278
kc1,rf,Optuna_Auto,7,GWO,69,64,2,0.6231266505493341,11.68456518514188,0.24431533205809278
kc1,rf,Optuna_Auto,8,WOA,20,73,2,0.6231266505493341,11.68456518514188,0.24431533205809278
kc1,rf,Optuna_Auto,9,GWO,35,69,2,0.6231266505493341,11.68456518514188,0.24431533205809278
kc1,rf,Optuna_Auto,10,PSO,99,46,2,0.6231266505493341,11.68456518514188,0.24431533205809278
kc1,rf,Optuna_Auto,11,GA,52,13,2,0.6231266505493341,11.68456518514188,0.24431533205809278
kc1,rf,Optuna_Auto,12,PSO,11,25,2,0.6231266505493341,11.68456518514188,0.24431533205809278
kc1,rf,Optuna_Auto,13,GA,50,23,2,0.6231266505493341,11.68456518514188,0.24431533205809278
kc1,rf,Optuna_Auto,14,WOA,98,50,2,0.6231266505493341,11.68456518514188,0.24431533205809278
kc1,rf,Optuna_Auto,16,WOA,38,19,2,0.6231266505493341,11.68456518514188,0.24431533205809278
kc1,rf,Optuna_Auto,17,PSO,85,51,2,0.6231266505493341,11.68456518514188,0.24431533205809278
kc1,rf,Optuna_Auto,18,WOA,61,10,2,0.6231266505493341,11.68456518514188,0.24431533205809278
kc1,rf,Optuna_Auto,19,GA,84,39,2,0.6231266505493341,11.68456518514188,0.24431533205809278
kc1,rf,Optuna_Auto,20,GA,10,27,2,0.6231266505493341,11.68456518514188,0.24431533205809278
kc1,rf,Optuna_Auto,21,WOA,21,17,2,0.6231266505493341,11.68456518514188,0.24431533205809278
kc1,rf,Optuna_Auto,22,WOA,25,18,2,0.6231266505493341,11.68456518514188,0.24431533205809278
kc1,rf,Optuna_Auto,23,WOA,41,10,2,0.6231266505493341,11.68456518514188,0.24431533205809278
kc1,rf,Optuna_Auto,24,WOA,16,32,2,0.6231266505493341,11.68456518514188,0.24431533205809278
kc1,rf,Optuna_Auto,25,WOA,30,23,2,0.6231266505493341,11.68456518514188,0.24431533205809278
kc1,rf,Optuna_Auto,26,GWO,45,40,2,0.6231266505493341,11.68456518514188,0.24431533205809278
kc1,rf,Optuna_Auto,27,PSO,58,29,2,0.6231266505493341,11.68456518514188,0.24431533205809278
kc1,rf,Optuna_Auto,28,WOA,31,100,2,0.6231266505493341,11.68456518514188,0.24431533205809278
kc1,rf,Optuna_Auto,29,GA,78,17,2,0.6231266505493341,11.68456518514188,0.24431533205809278
kc1,svm,Optuna_Auto,0,GWO,29,37,2,0.6491819761176709,14.052140878344693,0.22882080450541212
kc1,svm,Optuna_Auto,1,WOA,24,17,2,0.6491819761176709,14.052140878344693,0.22882080450541212
kc1,svm,Optuna_Auto,2,GA,72,88,2,0.6491819761176709,14.052140878344693,0.22882080450541212
kc1,svm,Optuna_Auto,3,GA,58,59,2,0.6491819761176709,14.052140878344693,0.22882080450541212
kc1,svm,Optuna_Auto,4,GWO,91,16,2,0.6491819761176709,14.052140878344693,0.22882080450541212
kc1,svm,Optuna_Auto,5,PSO,89,64,2,0.6491819761176709,14.052140878344693,0.22882080450541212
kc1,svm,Optuna_Auto,6,GA,66,80,2,0.6491819761176709,14.052140878344693,0.22882080450541212
kc1,svm,Optuna_Auto,7,GWO,40,11,2,0.6491819761176709,14.052140878344693,0.22882080450541212
kc1,svm,Optuna_Auto,8,WOA,71,48,2,0.6491819761176709,14.052140878344693,0.22882080450541212
kc1,svm,Optuna_Auto,9,PSO,82,93,2,0.6491819761176709,14.052140878344693,0.22882080450541212
kc1,svm,Optuna_Auto,10,GWO,16,37,2,0.6491819761176709,14.052140878344693,0.22882080450541212
kc1,svm,Optuna_Auto,11,WOA,19,31,2,0.6491819761176709,14.052140878344693,0.22882080450541212
kc1,svm,Optuna_Auto,12,WOA,35,28,2,0.6491819761176709,14.052140878344693,0.22882080450541212
kc1,svm,Optuna_Auto,13,WOA,35,22,2,0.6491819761176709,14.052140878344693,0.22882080450541212
kc1,svm,Optuna_Auto,14,GWO,10,43,2,0.6491819761176709,14.052140878344693,0.22882080450541212
kc1,svm,Optuna_Auto,15,WOA,45,59,2,0.6491819761176709,14.052140878344693,0.22882080450541212
kc1,svm,Optuna_Auto,16,GWO,26,10,2,0.6491819761176709,14.052140878344693,0.22882080450541212
kc1,svm,Optuna_Auto,17,PSO,51,24,2,0.6491819761176709,14.052140878344693,0.22882080450541212
kc1,svm,Optuna_Auto,18,GWO,26,45,2,0.6491819761176709,14.052140878344693,0.22882080450541212
kc1,svm,Optuna_Auto,19,WOA,27,70,2,0.6491819761176709,14.052140878344693,0.22882080450541212
kc1,svm,Optuna_Auto,20,GWO,55,36,2,0.6491819761176709,14.052140878344693,0.22882080450541212
kc1,svm,Optuna_Auto,23,GA,68,78,2,0.6491819761176709,14.052140878344693,0.22882080450541212
kc1,svm,Optuna_Auto,25,GA,10,52,2,0.6491819761176709,14.052140878344693,0.22882080450541212
kc1,svm,Optuna_Auto,26,WOA,34,78,2,0.6491819761176709,14.052140878344693,0.22882080450541212
kc1,svm,Optuna_Auto,27,PSO,61,35,2,0.6491819761176709,14.052140878344693,0.22882080450541212
kc1,svm,Optuna_Auto,28,GWO,18,70,2,0.6491819761176709,14.052140878344693,0.22882080450541212
kc1,xgb,Optuna_Auto,1,WOA,32,79,2,0.697838236670899,18.137711976709372,0.1938851814025876
kc1,xgb,Optuna_Auto,2,GWO,88,58,2,0.697838236670899,18.137711976709372,0.1938851814025876
kc1,xgb,Optuna_Auto,3,PSO,50,95,2,0.697838236670899,18.137711976709372,0.1938851814025876
kc1,xgb,Optuna_Auto,4,GWO,79,67,2,0.697838236670899,18.137711976709372,0.1938851814025876
kc1,xgb,Optuna_Auto,5,GA,20,77,2,0.697838236670899,18.137711976709372,0.1938851814025876
kc1,xgb,Optuna_Auto,6,PSO,12,11,2,0.697838236670899,18.137711976709372,0.1938851814025876
kc1,xgb,Optuna_Auto,7,PSO,54,44,2,0.697838236670899,18.137711976709372,0.1938851814025876
kc1,xgb,Optuna_Auto,8,GA,88,17,2,0.697838236670899,18.137711976709372,0.1938851814025876
kc1,xgb,Optuna_Auto,9,GWO,60,63,2,0.697838236670899,18.137711976709372,0.1938851814025876
kc1,xgb,Optuna_Auto,10,WOA,35,100,2,0.697838236670899,18.137711976709372,0.1938851814025876
kc1,xgb,Optuna_Auto,11,WOA,94,47,2,0.697838236670899,18.137711976709372,0.1938851814025876
kc1,xgb,Optuna_Auto,12,GWO,35,51,2,0.697838236670899,18.137711976709372,0.1938851814025876
kc1,xgb,Optuna_Auto,13,WOA,74,85,2,0.697838236670899,18.137711976709372,0.1938851814025876
kc1,xgb,Optuna_Auto,14,GWO,43,32,2,0.697838236670899,18.137711976709372,0.1938851814025876
kc1,xgb,Optuna_Auto,15,WOA,100,62,2,0.697838236670899,18.137711976709372,0.1938851814025876
kc1,xgb,Optuna_Auto,16,WOA,22,84,2,0.697838236670899,18.137711976709372,0.1938851814025876
kc1,xgb,Optuna_Auto,17,GWO,73,34,2,0.697838236670899,18.137711976709372,0.1938851814025876
kc1,xgb,Optuna_Auto,18,GWO,84,56,2,0.697838236670899,18.137711976709372,0.1938851814025876
kc1,xgb,Optuna_Auto,19,WOA,33,87,2,0.697838236670899,18.137711976709372,0.1938851814025876
kc1,xgb,Optuna_Auto,20,WOA,45,73,2,0.697838236670899,18.137711976709372,0.1938851814025876
kc1,xgb,Optuna_Auto,21,PSO,50,99,2,0.697838236670899,18.137711976709372,0.1938851814025876
kc1,xgb,Optuna_Auto,22,PSO,27,88,2,0.697838236670899,18.137711976709372,0.1938851814025876
kc1,xgb,Optuna_Auto,23,PSO,65,93,2,0.697838236670899,18.137711976709372,0.1938851814025876
kc1,xgb,Optuna_Auto,24,PSO,11,79,2,0.697838236670899,18.137711976709372,0.1938851814025876
kc1,xgb,Optuna_Auto,25,PSO,57,67,2,0.697838236670899,18.137711976709372,0.1938851814025876
kc1,xgb,Optuna_Auto,26,GWO,42,91,2,0.697838236670899,18.137711976709372,0.1938851814025876
kc1,xgb,Optuna_Auto,28,WOA,29,39,2,0.697838236670899,18.137711976709372,0.1938851814025876
ozone-level-8hr,rf,Optuna_Auto,0,WOA,93,17,2,0.43698814749899173,5.375414662278836,0.40498147871635415
ozone-level-8hr,rf,Optuna_Auto,1,WOA,72,35,2,0.43698814749899173,5.375414662278836,0.40498147871635415
ozone-level-8hr,rf,Optuna_Auto,2,WOA,79,53,2,0.43698814749899173,5.375414662278836,0.40498147871635415
ozone-level-8hr,rf,Optuna_Auto,3,GA,66,61,2,0.43698814749899173,5.375414662278836,0.40498147871635415
ozone-level-8hr,rf,Optuna_Auto,4,GWO,14,80,2,0.43698814749899173,5.375414662278836,0.40498147871635415
ozone-level-8hr,rf,Optuna_Auto,5,PSO,75,52,2,0.43698814749899173,5.375414662278836,0.40498147871635415
ozone-level-8hr,rf,Optuna_Auto,6,GWO,97,60,2,0.43698814749899173,5.375414662278836,0.40498147871635415
ozone-level-8hr,rf,Optuna_Auto,7,PSO,73,67,2,0.43698814749899173,5.375414662278836,0.40498147871635415
ozone-level-8hr,rf,Optuna_Auto,8,GWO,85,39,2,0.43698814749899173,5.375414662278836,0.40498147871635415
ozone-level-8hr,rf,Optuna_Auto,9,GWO,53,40,2,0.43698814749899173,5.375414662278836,0.40498147871635415
ozone-level-8hr,rf,Optuna_Auto,10,WOA,29,18,2,0.43698814749899173,5.375414662278836,0.40498147871635415
ozone-level-8hr,rf,Optuna_Auto,11,WOA,100,10,2,0.43698814749899173,5.375414662278836,0.40498147871635415
ozone-level-8hr,rf,Optuna_Auto,12,WOA,52,25,2,0.43698814749899173,5.375414662278836,0.40498147871635415
ozone-level-8hr,rf,Optuna_Auto,13,WOA,56,32,2,0.43698814749899173,5.375414662278836,0.40498147871635415
ozone-level-8hr,rf,Optuna_Auto,14,GA,88,10,2,0.43698814749899173,5.375414662278836,0.40498147871635415
ozone-level-8hr,rf,Optuna_Auto,15,WOA,39,27,2,0.43698814749899173,5.375414662278836,0.40498147871635415
ozone-level-8hr,rf,Optuna_Auto,16,WOA,64,91,2,0.43698814749899173,5.375414662278836,0.40498147871635415
ozone-level-8hr,rf,Optuna_Auto,17,WOA,89,41,2,0.43698814749899173,5.375414662278836,0.40498147871635415
ozone-level-8hr,rf,Optuna_Auto,18,GA,68,21,2,0.43698814749899173,5.375414662278836,0.40498147871635415
ozone-level-8hr,rf,Optuna_Auto,19,PSO,41,35,2,0.43698814749899173,5.375414662278836,0.40498147871635415
ozone-level-8hr,rf,Optuna_Auto,20,WOA,83,44,2,0.43698814749899173,5.375414662278836,0.40498147871635415
ozone-level-8hr,rf,Optuna_Auto,21,WOA,78,50,2,0.43698814749899173,5.375414662278836,0.40498147871635415
ozone-level-8hr,rf,Optuna_Auto,22,WOA,94,73,2,0.43698814749899173,5.375414662278836,0.40498147871635415
ozone-level-8hr,rf,Optuna_Auto,23,WOA,79,55,2,0.43698814749899173,5.375414662278836,0.40498147871635415
ozone-level-8hr,rf,Optuna_Auto,24,WOA,92,28,2,0.43698814749899173,5.375414662278836,0.40498147871635415
ozone-level-8hr,rf,Optuna_Auto,25,WOA,59,18,2,0.43698814749899173,5.375414662278836,0.40498147871635415
ozone-level-8hr,rf,Optuna_Auto,26,WOA,71,45,2,0.43698814749899173,5.375414662278836,0.40498147871635415
ozone-level-8hr,rf,Optuna_Auto,27,GA,82,33,2,0.43698814749899173,5.375414662278836,0.40498147871635415
ozone-level-8hr,rf,Optuna_Auto,28,PSO,62,95,2,0.43698814749899173,5.375414662278836,0.40498147871635415
ozone-level-8hr,rf,Optuna_Auto,29,GA,100,63,2,0.43698814749899173,5.375414662278836,0.40498147871635415
ozone-level-8hr,svm,Optuna_Auto,0,WOA,18,51,2,0.44039376133045227,5.39571100376614,0.4042486350716631
ozone-level-8hr,svm,Optuna_Auto,1,PSO,76,13,2,0.44039376133045227,5.39571100376614,0.4042486350716631
ozone-level-8hr,svm,Optuna_Auto,2,GA,88,59,2,0.44039376133045227,5.39571100376614,0.4042486350716631
ozone-level-8hr,svm,Optuna_Auto,3,WOA,56,87,2,0.44039376133045227,5.39571100376614,0.4042486350716631
ozone-level-8hr,svm,Optuna_Auto,4,WOA,55,55,2,0.44039376133045227,5.39571100376614,0.4042486350716631
ozone-level-8hr,svm,Optuna_Auto,5,GWO,73,97,2,0.44039376133045227,5.39571100376614,0.4042486350716631
ozone-level-8hr,svm,Optuna_Auto,6,WOA,62,16,2,0.44039376133045227,5.39571100376614,0.4042486350716631
ozone-level-8hr,svm,Optuna_Auto,7,PSO,52,42,2,0.44039376133045227,5.39571100376614,0.4042486350716631
ozone-level-8hr,svm,Optuna_Auto,8,GA,96,25,2,0.44039376133045227,5.39571100376614,0.4042486350716631
ozone-level-8hr,svm,Optuna_Auto,9,GWO,63,24,2,0.44039376133045227,5.39571100376614,0.4042486350716631
ozone-level-8hr,svm,Optuna_Auto,10,WOA,10,75,2,0.44039376133045227,5.39571100376614,0.4042486350716631
ozone-level-8hr,svm,Optuna_Auto,11,PSO,25,43,2,0.44039376133045227,5.39571100376614,0.4042486350716631
ozone-level-8hr,svm,Optuna_Auto,12,PSO,33,10,2,0.44039376133045227,5.39571100376614,0.4042486350716631
ozone-level-8hr,svm,Optuna_Auto,13,PSO,38,43,2,0.44039376133045227,5.39571100376614,0.4042486350716631
ozone-level-8hr,svm,Optuna_Auto,14,WOA,10,69,2,0.44039376133045227,5.39571100376614,0.4042486350716631
ozone-level-8hr,svm,Optuna_Auto,15,PSO,82,34,2,0.44039376133045227,5.39571100376614,0.4042486350716631
ozone-level-8hr,svm,Optuna_Auto,17,GWO,24,29,2,0.44039376133045227,5.39571100376614,0.4042486350716631
ozone-level-8hr,svm,Optuna_Auto,18,PSO,74,81,2,0.44039376133045227,5.39571100376614,0.4042486350716631
ozone-level-8hr,svm,Optuna_Auto,19,WOA,47,50,2,0.44039376133045227,5.39571100376614,0.4042486350716631
ozone-level-8hr,svm,Optuna_Auto,20,PSO,97,17,2,0.44039376133045227,5.39571100376614,0.4042486350716631
ozone-level-8hr,svm,Optuna_Auto,21,GA,86,65,2,0.44039376133045227,5.39571100376614,0.4042486350716631
ozone-level-8hr,svm,Optuna_Auto,22,GA,88,65,2,0.44039376133045227,5.39571100376614,0.4042486350716631
ozone-level-8hr,svm,Optuna_Auto,24,GA,70,34,2,0.44039376133045227,5.39571100376614,0.4042486350716631
ozone-level-8hr,svm,Optuna_Auto,26,WOA,20,89,2,0.44039376133045227,5.39571100376614,0.4042486350716631
ozone-level-8hr,svm,Optuna_Auto,27,GWO,66,62,2,0.44039376133045227,5.39571100376614,0.4042486350716631
ozone-level-8hr,svm,Optuna_Auto,29,WOA,90,48,2,0.44039376133045227,5.39571100376614,0.4042486350716631
ozone-level-8hr,xgb,Optuna_Auto,0,GWO,99,24,2,0.4378413569970361,5.306313793553344,0.4075500137006002
ozone-level-8hr,xgb,Optuna_Auto,1,PSO,45,71,2,0.4378413569970361,5.306313793553344,0.4075500137006002
ozone-level-8hr,xgb,Optuna_Auto,2,GA,12,20,2,0.4378413569970361,5.306313793553344,0.4075500137006002
ozone-level-8hr,xgb,Optuna_Auto,3,WOA,60,61,2,0.4378413569970361,5.306313793553344,0.4075500137006002
ozone-level-8hr,xgb,Optuna_Auto,4,WOA,98,36,2,0.4378413569970361,5.306313793553344,0.4075500137006002
ozone-level-8hr,xgb,Optuna_Auto,5,GA,10,68,2,0.4378413569970361,5.306313793553344,0.4075500137006002
ozone-level-8hr,xgb,Optuna_Auto,6,GA,16,88,2,0.4378413569970361,5.306313793553344,0.4075500137006002
ozone-level-8hr,xgb,Optuna_Auto,7,PSO,26,60,2,0.4378413569970361,5.306313793553344,0.4075500137006002
ozone-level-8hr,xgb,Optuna_Auto,10,GWO,59,10,2,0.4378413569970361,5.306313793553344,0.4075500137006002
ozone-level-8hr,xgb,Optuna_Auto,11,PSO,65,100,2,0.4378413569970361,5.306313793553344,0.4075500137006002
ozone-level-8hr,xgb,Optuna_Auto,12,GWO,41,41,2,0.4378413569970361,5.306313793553344,0.4075500137006002
ozone-level-8hr,xgb,Optuna_Auto,13,GWO,80,78,2,0.4378413569970361,5.306313793553344,0.4075500137006002
ozone-level-8hr,xgb,Optuna_Auto,14,PSO,100,46,2,0.4378413569970361,5.306313793553344,0.4075500137006002
ozone-level-8hr,xgb,Optuna_Auto,15,PSO,46,78,2,0.4378413569970361,5.306313793553344,0.4075500137006002
ozone-level-8hr,xgb,Optuna_Auto,16,GWO,74,25,2,0.4378413569970361,5.306313793553344,0.4075500137006002
ozone-level-8hr,xgb,Optuna_Auto,17,GWO,51,12,2,0.4378413569970361,5.306313793553344,0.4075500137006002
ozone-level-8hr,xgb,Optuna_Auto,18,PSO,29,100,2,0.4378413569970361,5.306313793553344,0.4075500137006002
ozone-level-8hr,xgb,Optuna_Auto,19,WOA,93,47,2,0.4378413569970361,5.306313793553344,0.4075500137006002
ozone-level-8hr,xgb,Optuna_Auto,20,GWO,73,74,2,0.4378413569970361,5.306313793553344,0.4075500137006002
ozone-level-8hr,xgb,Optuna_Auto,21,GA,24,21,2,0.4378413569970361,5.306313793553344,0.4075500137006002
ozone-level-8hr,xgb,Optuna_Auto,22,PSO,18,20,2,0.4378413569970361,5.306313793553344,0.4075500137006002
ozone-level-8hr,xgb,Optuna_Auto,23,GA,38,34,2,0.4378413569970361,5.306313793553344,0.4075500137006002
ozone-level-8hr,xgb,Optuna_Auto,24,GA,50,18,2,0.4378413569970361,5.306313793553344,0.4075500137006002
ozone-level-8hr,xgb,Optuna_Auto,25,PSO,88,52,2,0.4378413569970361,5.306313793553344,0.4075500137006002
ozone-level-8hr,xgb,Optuna_Auto,26,GWO,10,89,2,0.4378413569970361,5.306313793553344,0.4075500137006002
ozone-level-8hr,xgb,Optuna_Auto,27,WOA,67,30,2,0.4378413569970361,5.306313793553344,0.4075500137006002
ozone-level-8hr,xgb,Optuna_Auto,28,GA,32,40,2,0.4378413569970361,5.306313793553344,0.4075500137006002
ozone-level-8hr,xgb,Optuna_Auto,29,WOA,56,68,2,0.4378413569970361,5.306313793553344,0.4075500137006002
hill_valley,rf,Optuna_Auto,0,PSO,19,16,2,0.775541682643023,24.4265556999396,0.14398157611477524
hill_valley,rf,Optuna_Auto,1,GWO,31,53,6,0.7080538212323274,24.39742970069867,0.14978006684107928
hill_valley,rf,Optuna_Auto,3,GWO,61,21,2,0.775541682643023,24.4265556999396,0.14398157611477524
hill_valley,rf,Optuna_Auto,4,PSO,84,39,2,0.775541682643023,24.4265556999396,0.14398157611477524
hill_valley,rf,Optuna_Auto,7,GWO,85,10,2,0.775541682643023,24.4265556999396,0.14398157611477524
hill_valley,rf,Optuna_Auto,8,PSO,61,56,2,0.775541682643023,24.4265556999396,0.14398157611477524
hill_valley,rf,Optuna_Auto,9,PSO,48,74,2,0.775541682643023,24.4265556999396,0.14398157611477524
hill_valley,rf,Optuna_Auto,10,WOA,27,97,2,0.775541682643023,24.4265556999396,0.14398157611477524
hill_valley,rf,Optuna_Auto,11,GWO,12,11,2,0.775541682643023,24.4265556999396,0.14398157611477524
hill_valley,rf,Optuna_Auto,12,WOA,12,20,2,0.775541682643023,24.4265556999396,0.14398157611477524
hill_valley,rf,Optuna_Auto,13,PSO,40,23,5,0.6950800352669311,22.234551031279132,0.15931440191565135
hill_valley,rf,Optuna_Auto,14,GWO,67,23,2,0.775541682643023,24.4265556999396,0.14398157611477524
hill_valley,rf,Optuna_Auto,15,PSO,26,52,4,0.7199298768280021,31.022963712639935,0.2179188699845885
hill_valley,rf,Optuna_Auto,16,GWO,71,21,2,0.775541682643023,24.4265556999396,0.14398157611477524
hill_valley,rf,Optuna_Auto,17,WOA,41,46,2,0.775541682643023,24.4265556999396,0.14398157611477524
hill_valley,rf,Optuna_Auto,18,GWO,98,29,2,0.775541682643023,24.4265556999396,0.14398157611477524
hill_valley,rf,Optuna_Auto,19,PSO,18,69,3,0.7449724225680784,46.715887860475675,0.20455123433748554
hill_valley,rf,Optuna_Auto,20,GWO,47,14,2,0.775541682643023,24.4265556999396,0.14398157611477524
hill_valley,rf,Optuna_Auto,21,PSO,79,41,4,0.7213403716587373,22.21786731834393,0.15710717282356843
hill_valley,rf,Optuna_Auto,22,PSO,89,30,2,0.775541682643023,24.4265556999396,0.14398157611477524
hill_valley,rf,Optuna_Auto,23,PSO,73,18,2,0.775541682643023,24.4265556999396,0.14398157611477524
hill_valley,rf,Optuna_Auto,24,PSO,57,65,2,0.775541682643023,24.4265556999396,0.14398157611477524
hill_valley,rf,Optuna_Auto,25,PSO,64,44,2,0.775541682643023,24.4265556999396,0.14398157611477524
hill_valley,rf,Optuna_Auto,27,WOA,76,26,2,0.775541682643023,24.4265556999396,0.14398157611477524
hill_valley,rf,Optuna_Auto,28,PSO,38,86,2,0.775541682643023,24.4265556999396,0.14398157611477524
hill_valley,rf,Optuna_Auto,29,GWO,51,48,2,0.775541682643023,24.4265556999396,0.14398157611477524
hill_valley,svm,Optuna_Auto,0,GWO,88,30,2,0.8916134019316849,69.31005645277152,0.07120605735271562
hill_valley,svm,Optuna_Auto,1,PSO,25,35,3,0.8659433410945543,71.94489721547191,0.07722722067992689
hill_valley,svm,Optuna_Auto,2,GWO,69,33,2,0.8916134019316849,69.31005645277152,0.07120605735271562
hill_valley,svm,Optuna_Auto,3,GA,54,99,2,0.8916134019316849,69.31005645277152,0.07120605735271562
hill_valley,svm,Optuna_Auto,5,GWO,59,44,2,0.8916134019316849,69.31005645277152,0.07120605735271562
hill_valley,svm,Optuna_Auto,6,WOA,53,95,2,0.8916134019316849,69.31005645277152,0.07120605735271562
hill_valley,svm,Optuna_Auto,7,GWO,76,80,2,0.8916134019316849,69.31005645277152,0.07120605735271562
hill_valley,svm,Optuna_Auto,8,GWO,61,68,2,0.8916134019316849,69.31005645277152,0.07120605735271562
hill_valley,svm,Optuna_Auto,9,PSO,99,28,2,0.8916134019316849,69.31005645277152,0.07120605735271562
hill_valley,svm,Optuna_Auto,10,WOA,100,15,2,0.8916134019316849,69.31005645277152,0.07120605735271562
hill_valley,svm,Optuna_Auto,11,GWO,82,48,2,0.8916134019316849,69.31005645277152,0.07120605735271562
hill_valley,svm,Optuna_Auto,12,GWO,80,23,2,0.8916134019316849,69.31005645277152,0.07120605735271562
hill_valley,svm,Optuna_Auto,13,GWO,75,10,2,0.8916134019316849,69.31005645277152,0.07120605735271562
hill_valley,svm,Optuna_Auto,14,GWO,43,48,2,0.8916134019316849,69.31005645277152,0.07120605735271562
hill_valley,svm,Optuna_Auto,15,GWO,90,39,2,0.8916134019316849,69.31005645277152,0.07120605735271562
hill_valley,svm,Optuna_Auto,16,PSO,68,56,2,0.8916134019316849,69.31005645277152,0.07120605735271562
hill_valley,svm,Optuna_Auto,17,GA,38,28,2,0.8916134019316849,69.31005645277152,0.07120605735271562
hill_valley,svm,Optuna_Auto,18,WOA,90,18,2,0.8916134019316849,69.31005645277152,0.07120605735271562
hill_valley,svm,Optuna_Auto,19,GWO,70,31,2,0.8916134019316849,69.31005645277152,0.07120605735271562
hill_valley,svm,Optuna_Auto,20,GWO,88,56,2,0.8916134019316849,69.31005645277152,0.07120605735271562
hill_valley,svm,Optuna_Auto,23,GA,42,78,2,0.8916134019316849,69.31005645277152,0.07120605735271562
hill_valley,svm,Optuna_Auto,26,PSO,84,69,2,0.8916134019316849,69.31005645277152,0.07120605735271562
hill_valley,svm,Optuna_Auto,27,WOA,73,41,2,0.8916134019316849,69.31005645277152,0.07120605735271562
hill_valley,svm,Optuna_Auto,28,GWO,60,33,2,0.8916134019316849,69.31005645277152,0.07120605735271562
hill_valley,svm,Optuna_Auto,29,PSO,35,23,2,0.8916134019316849,69.31005645277152,0.07120605735271562
hill_valley,xgb,Optuna_Auto,0,WOA,26,44,2,0.8272113896197906,35.97165350637855,0.10914156568893443
hill_valley,xgb,Optuna_Auto,1,GWO,67,11,3,0.7714469161205347,31.88791184950044,0.1259054008794993
hill_valley,xgb,Optuna_Auto,2,WOA,86,81,2,0.8272113896197906,35.97165350637855,0.10914156568893443
hill_valley,xgb,Optuna_Auto,3,GWO,89,28,2,0.8272113896197906,35.97165350637855,0.10914156568893443
hill_valley,xgb,Optuna_Auto,4,GA,92,57,2,0.8272113896197906,35.97165350637855,0.10914156568893443
hill_valley,xgb,Optuna_Auto,5,PSO,68,90,2,0.8272113896197906,35.97165350637855,0.10914156568893443
hill_valley,xgb,Optuna_Auto,6,GWO,57,13,2,0.8272113896197906,35.97165350637855,0.10914156568893443
hill_valley,xgb,Optuna_Auto,8,PSO,10,18,3,0.7714469161205347,31.88791184950044,0.1259054008794993
hill_valley,xgb,Optuna_Auto,9,PSO,31,22,2,0.8272113896197906,35.97165350637855,0.10914156568893443
hill_valley,xgb,Optuna_Auto,10,WOA,12,43,2,0.8272113896197906,35.97165350637855,0.10914156568893443
hill_valley,xgb,Optuna_Auto,11,WOA,46,98,2,0.8272113896197906,35.97165350637855,0.10914156568893443
hill_valley,xgb,Optuna_Auto,12,WOA,99,75,2,0.8272113896197906,35.97165350637855,0.10914156568893443
hill_valley,xgb,Optuna_Auto,13,WOA,78,42,2,0.8272113896197906,35.97165350637855,0.10914156568893443
hill_valley,xgb,Optuna_Auto,14,WOA,26,82,2,0.8272113896197906,35.97165350637855,0.10914156568893443
hill_valley,xgb,Optuna_Auto,15,WOA,52,42,2,0.8272113896197906,35.97165350637855,0.10914156568893443
hill_valley,xgb,Optuna_Auto,16,WOA,22,56,2,0.8272113896197906,35.97165350637855,0.10914156568893443
hill_valley,xgb,Optuna_Auto,17,WOA,79,74,2,0.8272113896197906,35.97165350637855,0.10914156568893443
hill_valley,xgb,Optuna_Auto,19,WOA,63,56,2,0.8272113896197906,35.97165350637855,0.10914156568893443
hill_valley,xgb,Optuna_Auto,20,WOA,77,99,2,0.8272113896197906,35.97165350637855,0.10914156568893443
hill_valley,xgb,Optuna_Auto,21,GWO,89,29,2,0.8272113896197906,35.97165350637855,0.10914156568893443
hill_valley,xgb,Optuna_Auto,22,GWO,87,36,2,0.8272113896197906,35.97165350637855,0.10914156568893443
hill_valley,xgb,Optuna_Auto,23,GWO,99,26,2,0.8272113896197906,35.97165350637855,0.10914156568893443
hill_valley,xgb,Optuna_Auto,24,GWO,74,51,2,0.8272113896197906,35.97165350637855,0.10914156568893443
hill_valley,xgb,Optuna_Auto,25,GWO,85,75,2,0.8272113896197906,35.97165350637855,0.10914156568893443
hill_valley,xgb,Optuna_Auto,26,GA,58,85,2,0.8272113896197906,35.97165350637855,0.10914156568893443
hill_valley,xgb,Optuna_Auto,27,PSO,19,67,2,0.8272113896197906,35.97165350637855,0.10914156568893443
hill_valley,xgb,Optuna_Auto,28,WOA,48,48,2,0.8272113896197906,35.97165350637855,0.10914156568893443
hill_valley,xgb,Optuna_Auto,29,GWO,68,14,6,0.7607483785765279,33.374635348608614,0.12072148678949914
heart-disease,rf,Optuna_Auto,1,GWO,88,18,3,0.12301333551286082,1.9135737724145891,0.63702492955353
heart-disease,rf,Optuna_Auto,2,WOA,45,84,3,0.09006117105641392,1.8848798814536034,0.6431555460787145
heart-disease,rf,Optuna_Auto,3,WOA,79,80,4,0.11357861986075014,2.0564674499069517,0.6043224408590667
heart-disease,rf,Optuna_Auto,4,GWO,91,39,4,0.11357861986075014,2.0564674499069517,0.6043224408590667
heart-disease,rf,Optuna_Auto,5,WOA,100,66,3,0.12301333551286082,1.9135737724145891,0.63702492955353
heart-disease,rf,Optuna_Auto,7,WOA,92,91,4,0.11357861986075014,2.0564674499069517,0.6043224408590668
heart-disease,rf,Optuna_Auto,8,WOA,45,10,3,0.109894551199339,1.7903531159985047,0.6534941838851882
heart-disease,rf,Optuna_Auto,9,WOA,56,21,3,0.12301333551286082,1.9135737724145896,0.63702492955353
heart-disease,rf,Optuna_Auto,10,GWO,28,51,4,0.11357861986075014,2.056467449906952,0.6043224408590667
heart-disease,rf,Optuna_Auto,11,PSO,100,61,4,0.11357861986075014,2.056467449906952,0.6043224408590667
heart-disease,rf,Optuna_Auto,12,GWO,76,32,4,0.054770875525412356,2.059583115530988,0.6200409462798919
heart-disease,rf,Optuna_Auto,13,PSO,78,68,4,0.11357861986075014,2.0564674499069517,0.6043224408590667
heart-disease,rf,Optuna_Auto,14,GWO,87,98,4,0.11357861986075014,2.056467449906952,0.6043224408590667
heart-disease,rf,Optuna_Auto,15,GWO,100,43,4,0.054770875525412356,2.059583115530988,0.6200409462798918
heart-disease,rf,Optuna_Auto,16,PSO,68,66,4,0.11357861986075014,2.056467449906952,0.6043224408590667
heart-disease,rf,Optuna_Auto,17,GA,86,54,4,0.11357861986075014,2.0564674499069517,0.6043224408590667
heart-disease,rf,Optuna_Auto,18,WOA,12,28,2,0.15286873204544288,1.790300358962277,0.6578461217815005
heart-disease,rf,Optuna_Auto,19,GWO,11,27,4,0.08320593973759495,1.7940717154166361,0.6393124220607251
heart-disease,rf,Optuna_Auto,20,WOA,12,22,4,0.11357861986075014,2.056467449906952,0.6043224408590667
heart-disease,rf,Optuna_Auto,21,WOA,24,35,3,0.12301333551286082,1.9135737724145891,0.63702492955353
heart-disease,rf,Optuna_Auto,22,WOA,28,47,3,0.109894551199339,1.7903531159985047,0.6534941838851882
heart-disease,rf,Optuna_Auto,23,WOA,68,20,4,0.054770875525412356,2.059583115530988,0.6200409462798918
heart-disease,rf,Optuna_Auto,24,WOA,37,28,4,0.11357861986075014,2.0564674499069517,0.6043224408590667
heart-disease,rf,Optuna_Auto,25,GWO,94,79,4,0.11357861986075014,2.0564674499069517,0.6043224408590668
heart-disease,rf,Optuna_Auto,26,PSO,20,73,4,0.054770875525412356,2.059583115530988,0.6200409462798919
heart-disease,rf,Optuna_Auto,27,GA,70,55,4,0.11357861986075014,2.0564674499069517,0.6043224408590668
heart-disease,rf,Optuna_Auto,28,WOA,81,16,4,0.054770875525412356,2.059583115530988,0.6200409462798918
heart-disease,rf,Optuna_Auto,29,GA,34,27,4,0.11357861986075014,2.0564674499069517,0.6043224408590668
heart-disease,svm,Optuna_Auto,0,GA,44,72,4,0.11437825978376315,2.62780712874203,0.5558265023705753
heart-disease,svm,Optuna_Auto,1,GWO,16,46,4,0.11437825978376315,2.62780712874203,0.5558265023705753
heart-disease,svm,Optuna_Auto,2,GA,88,45,4,0.11437825978376315,2.62780712874203,0.5558265023705753
heart-disease,svm,Optuna_Auto,3,GWO,62,59,4,0.11437825978376315,2.62780712874203,0.5558265023705753
heart-disease,svm,Optuna_Auto,4,WOA,63,63,3,0.16074657467539352,2.4072138100979146,0.5677648053862604
heart-disease,svm,Optuna_Auto,5,PSO,17,77,4,0.11437825978376315,2.62780712874203,0.5558265023705752
heart-disease,svm,Optuna_Auto,6,GWO,100,15,3,0.16074657467539352,2.4072138100979146,0.5677648053862604
heart-disease,svm,Optuna_Auto,7,WOA,77,79,4,0.11437825978376315,2.62780712874203,0.5558265023705753
heart-disease,svm,Optuna_Auto,8,PSO,88,73,4,0.11437825978376315,2.6278071287420306,0.5558265023705753
heart-disease,svm,Optuna_Auto,9,GWO,89,40,4,0.11437825978376315,2.62780712874203,0.5558265023705752
heart-disease,svm,Optuna_Auto,10,WOA,39,100,3,0.16074657467539352,2.4072138100979146,0.5677648053862604
heart-disease,svm,Optuna_Auto,11,WOA,100,10,3,0.16074657467539352,2.4072138100979146,0.5677648053862604
heart-disease,svm,Optuna_Auto,12,WOA,64,11,3,0.15425660461404703,2.222124844024438,0.6020570221870976
heart-disease,svm,Optuna_Auto,13,GWO,48,28,4,0.11437825978376315,2.62780712874203,0.5558265023705753
heart-disease,svm,Optuna_Auto,14,GWO,68,27,4,0.11437825978376315,2.62780712874203,0.5558265023705753
heart-disease,svm,Optuna_Auto,15,WOA,34,97,3,0.16074657467539352,2.4072138100979146,0.5677648053862604
heart-disease,svm,Optuna_Auto,17,PSO,27,24,4,0.11437825978376315,2.62780712874203,0.5558265023705753
heart-disease,svm,Optuna_Auto,18,WOA,99,58,3,0.16074657467539352,2.4072138100979146,0.5677648053862604
heart-disease,svm,Optuna_Auto,19,GWO,79,86,4,0.11437825978376315,2.62780712874203,0.5558265023705753
heart-disease,svm,Optuna_Auto,20,WOA,56,39,3,0.16074657467539352,2.4072138100979146,0.5677648053862604
heart-disease,svm,Optuna_Auto,21,WOA,37,96,4,0.11437825978376315,2.62780712874203,0.5558265023705753
heart-disease,svm,Optuna_Auto,22,WOA,75,90,3,0.16074657467539352,2.4072138100979146,0.5677648053862604
heart-disease,svm,Optuna_Auto,23,WOA,25,53,3,0.16074657467539352,2.4072138100979146,0.5677648053862604
heart-disease,svm,Optuna_Auto,24,WOA,41,65,3,0.16074657467539352,2.4072138100979146,0.5677648053862604
heart-disease,svm,Optuna_Auto,25,GWO,11,20,2,0.2078220329061239,2.12916682084882,0.6074946377345463
heart-disease,svm,Optuna_Auto,26,GWO,25,21,3,0.16074657467539352,2.4072138100979146,0.5677648053862604
heart-disease,svm,Optuna_Auto,27,GWO,69,17,4,0.11437825978376315,2.62780712874203,0.5558265023705753
heart-disease,svm,Optuna_Auto,28,GWO,93,33,4,0.11437825978376315,2.62780712874203,0.5558265023705753
heart-disease,svm,Optuna_Auto,29,GA,12,16,3,0.15425660461404703,2.222124844024438,0.6020570221870976
heart-disease,xgb,Optuna_Auto,0,WOA,89,57,2,0.14358879100099486,1.906250580362938,0.6696951629611902
heart-disease,xgb,Optuna_Auto,1,PSO,44,96,2,0.14358879100099486,1.906250580362938,0.6696951629611902
heart-disease,xgb,Optuna_Auto,2,GA,50,65,2,0.14358879100099486,1.906250580362938,0.6696951629611902
heart-disease,xgb,Optuna_Auto,3,GWO,29,24,2,0.10212255025540429,1.5494098467672854,0.7430075770612478
heart-disease,xgb,Optuna_Auto,4,GA,42,18,3,0.0674295224204991,1.864278765023706,0.6825186400683805
heart-disease,xgb,Optuna_Auto,5,GWO,94,64,2,0.14358879100099486,1.906250580362938,0.6696951629611902
heart-disease,xgb,Optuna_Auto,6,GWO,28,41,3,0.06622280954682953,1.7348904235068947,0.7148456786176544
heart-disease,xgb,Optuna_Auto,7,WOA,61,95,2,0.14358879100099486,1.906250580362938,0.6696951629611902
heart-disease,xgb,Optuna_Auto,8,WOA,73,30,2,0.14358879100099486,1.906250580362938,0.6696951629611902
heart-disease,xgb,Optuna_Auto,9,WOA,73,58,2,0.14358879100099486,1.906250580362938,0.6696951629611902
heart-disease,xgb,Optuna_Auto,10,PSO,13,82,2,0.14358879100099486,1.906250580362938,0.6696951629611902
heart-disease,xgb,Optuna_Auto,11,PSO,99,96,2,0.14358879100099486,1.906250580362938,0.6696951629611902
heart-disease,xgb,Optuna_Auto,12,PSO,82,78,2,0.14358879100099486,1.906250580362938,0.6696951629611902
heart-disease,xgb,Optuna_Auto,13,WOA,59,44,4,0.048020398344546765,1.8422062044572987,0.6826596244747266
heart-disease,xgb,Optuna_Auto,14,PSO,12,82,2,0.14358879100099486,1.906250580362938,0.6696951629611902
heart-disease,xgb,Optuna_Auto,15,WOA,84,10,2,0.14358879100099486,1.906250580362938,0.6696951629611902
heart-disease,xgb,Optuna_Auto,16,PSO,32,51,2,0.14358879100099486,1.906250580362938,0.6696951629611902
heart-disease,xgb,Optuna_Auto,17,GA,62,73,2,0.14358879100099486,1.906250580362938,0.6696951629611902
heart-disease,xgb,Optuna_Auto,18,PSO,44,91,2,0.14358879100099486,1.906250580362938,0.6696951629611902
heart-disease,xgb,Optuna_Auto,19,WOA,88,38,2,0.14358879100099486,1.906250580362938,0.6696951629611902
heart-disease,xgb,Optuna_Auto,20,PSO,71,52,2,0.14358879100099486,1.906250580362938,0.6696951629611902
heart-disease,xgb,Optuna_Auto,21,GA,48,67,2,0.14358879100099486,1.906250580362938,0.6696951629611902
heart-disease,xgb,Optuna_Auto,23,GA,36,56,2,0.14358879100099486,1.906250580362938,0.6696951629611902
heart-disease,xgb,Optuna_Auto,24,GA,20,89,2,0.14358879100099486,1.906250580362938,0.6696951629611902
heart-disease,xgb,Optuna_Auto,25,GA,54,100,2,0.14358879100099486,1.906250580362938,0.6696951629611902
heart-disease,xgb,Optuna_Auto,26,WOA,22,71,2,0.14358879100099486,1.906250580362938,0.6696951629611902
heart-disease,xgb,Optuna_Auto,27,GWO,38,60,2,0.14358879100099486,1.906250580362938,0.6696951629611902
heart-disease,xgb,Optuna_Auto,29,GWO,49,32,2,0.14358879100099486,1.906250580362938,0.6696951629611902
credit-approval,rf,Optuna_Auto,0,PSO,24,14,2,0.35629762958914596,3.692676424074119,0.4828193925934168
credit-approval,rf,Optuna_Auto,1,GA,12,71,2,0.35629762958914596,3.692676424074119,0.4828193925934168
credit-approval,rf,Optuna_Auto,2,WOA,77,17,2,0.35629762958914596,3.692676424074119,0.4828193925934168
credit-approval,rf,Optuna_Auto,3,WOA,63,91,2,0.35629762958914596,3.692676424074119,0.4828193925934168
credit-approval,rf,Optuna_Auto,4,PSO,46,47,2,0.35629762958914596,3.692676424074119,0.4828193925934168
credit-approval,rf,Optuna_Auto,6,WOA,65,73,2,0.35629762958914596,3.692676424074119,0.4828193925934168
credit-approval,rf,Optuna_Auto,7,PSO,99,79,2,0.35629762958914596,3.692676424074119,0.4828193925934168
credit-approval,rf,Optuna_Auto,8,PSO,44,93,2,0.35629762958914596,3.692676424074119,0.4828193925934168
credit-approval,rf,Optuna_Auto,9,GWO,79,18,2,0.35629762958914596,3.692676424074119,0.4828193925934168
credit-approval,rf,Optuna_Auto,10,GWO,21,41,2,0.35629762958914596,3.692676424074119,0.4828193925934168
credit-approval,rf,Optuna_Auto,11,GA,12,46,2,0.35629762958914596,3.692676424074119,0.4828193925934168
credit-approval,rf,Optuna_Auto,13,PSO,10,31,2,0.35629762958914596,3.692676424074119,0.4828193925934168
credit-approval,rf,Optuna_Auto,14,GA,32,63,2,0.35629762958914596,3.692676424074119,0.4828193925934168
credit-approval,rf,Optuna_Auto,15,PSO,35,100,2,0.35629762958914596,3.692676424074119,0.4828193925934168
credit-approval,rf,Optuna_Auto,17,GWO,24,30,2,0.35629762958914596,3.692676424074119,0.4828193925934168
credit-approval,rf,Optuna_Auto,18,PSO,40,62,2,0.35629762958914596,3.692676424074119,0.4828193925934168
credit-approval,rf,Optuna_Auto,20,PSO,16,72,2,0.35629762958914596,3.692676424074119,0.4828193925934168
credit-approval,rf,Optuna_Auto,21,WOA,100,10,2,0.35629762958914596,3.692676424074119,0.4828193925934168
credit-approval,rf,Optuna_Auto,22,WOA,86,21,2,0.35629762958914596,3.692676424074119,0.4828193925934168
credit-approval,rf,Optuna_Auto,23,WOA,55,21,2,0.35629762958914596,3.692676424074119,0.4828193925934168
credit-approval,rf,Optuna_Auto,24,WOA,66,54,2,0.35629762958914596,3.692676424074119,0.4828193925934168
credit-approval,rf,Optuna_Auto,25,WOA,90,38,2,0.35629762958914596,3.692676424074119,0.4828193925934168
credit-approval,rf,Optuna_Auto,26,GA,26,17,2,0.35629762958914596,3.692676424074119,0.4828193925934168
credit-approval,rf,Optuna_Auto,27,GWO,73,28,2,0.35629762958914596,3.692676424074119,0.4828193925934168
credit-approval,rf,Optuna_Auto,28,WOA,55,25,2,0.35629762958914596,3.692676424074119,0.4828193925934168
credit-approval,rf,Optuna_Auto,29,PSO,35,39,2,0.35629762958914596,3.692676424074119,0.4828193925934168
credit-approval,svm,Optuna_Auto,0,WOA,88,91,2,0.317640782147672,3.2088072943619874,0.5276766694695795
credit-approval,svm,Optuna_Auto,1,PSO,45,45,2,0.317640782147672,3.2088072943619874,0.5276766694695795
credit-approval,svm,Optuna_Auto,2,WOA,40,29,2,0.317640782147672,3.2088072943619874,0.5276766694695795
credit-approval,svm,Optuna_Auto,3,WOA,86,40,2,0.317640782147672,3.2088072943619874,0.5276766694695795
credit-approval,svm,Optuna_Auto,4,GA,12,90,2,0.317640782147672,3.2088072943619874,0.5276766694695795
credit-approval,svm,Optuna_Auto,5,PSO,25,79,2,0.317640782147672,3.2088072943619874,0.5276766694695795
credit-approval,svm,Optuna_Auto,6,PSO,52,35,2,0.317640782147672,3.2088072943619874,0.5276766694695795
credit-approval,svm,Optuna_Auto,7,WOA,77,18,2,0.317640782147672,3.2088072943619874,0.5276766694695795
credit-approval,svm,Optuna_Auto,9,GA,66,84,2,0.317640782147672,3.2088072943619874,0.5276766694695795
credit-approval,svm,Optuna_Auto,10,GWO,100,63,2,0.317640782147672,3.2088072943619874,0.5276766694695795
credit-approval,svm,Optuna_Auto,11,PSO,54,58,2,0.317640782147672,3.2088072943619874,0.5276766694695795
credit-approval,svm,Optuna_Auto,12,GWO,35,59,2,0.317640782147672,3.2088072943619874,0.5276766694695795
credit-approval,svm,Optuna_Auto,13,WOA,100,96,2,0.317640782147672,3.2088072943619874,0.5276766694695795
credit-approval,svm,Optuna_Auto,14,PSO,69,71,2,0.317640782147672,3.2088072943619874,0.5276766694695795
credit-approval,svm,Optuna_Auto,15,WOA,50,47,2,0.317640782147672,3.2088072943619874,0.5276766694695795
credit-approval,svm,Optuna_Auto,16,PSO,85,98,2,0.317640782147672,3.2088072943619874,0.5276766694695795
credit-approval,svm,Optuna_Auto,17,GWO,61,48,2,0.317640782147672,3.2088072943619874,0.5276766694695795
credit-approval,svm,Optuna_Auto,18,WOA,36,75,2,0.317640782147672,3.2088072943619874,0.5276766694695795
credit-approval,svm,Optuna_Auto,19,PSO,87,27,2,0.317640782147672,3.2088072943619874,0.5276766694695795
credit-approval,svm,Optuna_Auto,20,WOA,78,10,2,0.2525271793003623,2.4973076408670165,0.5960445578074216
credit-approval,svm,Optuna_Auto,21,WOA,36,28,2,0.317640782147672,3.2088072943619874,0.5276766694695795
credit-approval,svm,Optuna_Auto,22,WOA,41,28,2,0.317640782147672,3.2088072943619874,0.5276766694695795
credit-approval,svm,Optuna_Auto,23,WOA,45,47,2,0.317640782147672,3.2088072943619874,0.5276766694695795
credit-approval,svm,Optuna_Auto,24,WOA,31,64,2,0.317640782147672,3.2088072943619874,0.5276766694695795
credit-approval,svm,Optuna_Auto,25,PSO,59,38,2,0.317640782147672,3.2088072943619874,0.5276766694695795
credit-approval,svm,Optuna_Auto,26,GA,22,22,2,0.317640782147672,3.2088072943619874,0.5276766694695795
credit-approval,svm,Optuna_Auto,27,GWO,10,51,2,0.317640782147672,3.2088072943619874,0.5276766694695795
credit-approval,svm,Optuna_Auto,28,WOA,45,88,2,0.317640782147672,3.2088072943619874,0.5276766694695795
credit-approval,svm,Optuna_Auto,29,WOA,27,34,2,0.317640782147672,3.2088072943619874,0.5276766694695795
credit-approval,xgb,Optuna_Auto,0,GA,38,88,2,0.3971315213714064,4.336988769989628,0.4498849070763609
credit-approval,xgb,Optuna_Auto,1,PSO,42,12,2,0.3971315213714064,4.336988769989628,0.4498849070763609
credit-approval,xgb,Optuna_Auto,2,GWO,47,79,2,0.3971315213714064,4.336988769989628,0.4498849070763609
credit-approval,xgb,Optuna_Auto,3,GWO,57,28,2,0.3971315213714064,4.336988769989628,0.4498849070763609
credit-approval,xgb,Optuna_Auto,4,WOA,43,42,2,0.3971315213714064,4.336988769989628,0.4498849070763609
credit-approval,xgb,Optuna_Auto,5,PSO,51,12,2,0.3971315213714064,4.336988769989628,0.4498849070763609
credit-approval,xgb,Optuna_Auto,6,WOA,86,52,2,0.3971315213714064,4.336988769989628,0.4498849070763609
credit-approval,xgb,Optuna_Auto,7,WOA,83,29,2,0.3971315213714064,4.336988769989628,0.4498849070763609
credit-approval,xgb,Optuna_Auto,8,GA,46,48,2,0.3971315213714064,4.336988769989628,0.4498849070763609
credit-approval,xgb,Optuna_Auto,9,GWO,45,68,2,0.3971315213714064,4.336988769989628,0.4498849070763609
credit-approval,xgb,Optuna_Auto,10,GA,12,94,2,0.3971315213714064,4.336988769989628,0.4498849070763609
credit-approval,xgb,Optuna_Auto,11,PSO,21,96,2,0.3971315213714064,4.336988769989628,0.4498849070763609
credit-approval,xgb,Optuna_Auto,12,PSO,27,69,2,0.3971315213714064,4.336988769989628,0.4498849070763609
credit-approval,xgb,Optuna_Auto,14,PSO,32,79,2,0.3971315213714064,4.336988769989628,0.4498849070763609
credit-approval,xgb,Optuna_Auto,16,PSO,34,62,2,0.3971315213714064,4.336988769989628,0.4498849070763609
credit-approval,xgb,Optuna_Auto,17,GA,100,85,2,0.3971315213714064,4.336988769989628,0.4498849070763609
credit-approval,xgb,Optuna_Auto,18,PSO,10,22,2,0.3971315213714064,4.336988769989628,0.4498849070763609
credit-approval,xgb,Optuna_Auto,20,PSO,61,40,2,0.3971315213714064,4.336988769989628,0.4498849070763609
credit-approval,xgb,Optuna_Auto,21,GWO,40,83,2,0.3971315213714064,4.336988769989628,0.4498849070763609
credit-approval,xgb,Optuna_Auto,22,GWO,25,100,2,0.3971315213714064,4.336988769989628,0.4498849070763609
credit-approval,xgb,Optuna_Auto,23,GWO,19,78,2,0.3971315213714064,4.336988769989628,0.4498849070763609
credit-approval,xgb,Optuna_Auto,24,GWO,54,90,2,0.3971315213714064,4.336988769989628,0.4498849070763609
credit-approval,xgb,Optuna_Auto,25,GWO,49,75,2,0.3971315213714064,4.336988769989628,0.4498849070763609
credit-approval,xgb,Optuna_Auto,27,WOA,39,69,2,0.3971315213714064,4.336988769989628,0.4498849070763609
credit-approval,xgb,Optuna_Auto,28,GWO,58,21,2,0.3971315213714064,4.336988769989628,0.4498849070763609
mammographic-mass,rf,Optuna_Auto,0,PSO,66,95,2,0.5300969434845552,7.359697757494918,0.33653774977157785
mammographic-mass,rf,Optuna_Auto,1,GWO,89,29,2,0.5300969434845552,7.359697757494918,0.33653774977157785
mammographic-mass,rf,Optuna_Auto,2,WOA,71,83,2,0.5300969434845552,7.359697757494918,0.33653774977157785
mammographic-mass,rf,Optuna_Auto,4,PSO,63,85,2,0.5300969434845552,7.359697757494918,0.33653774977157785
mammographic-mass,rf,Optuna_Auto,5,GWO,34,58,2,0.5300969434845552,7.359697757494918,0.33653774977157785
mammographic-mass,rf,Optuna_Auto,7,GWO,31,27,2,0.5300969434845552,7.359697757494918,0.33653774977157785
mammographic-mass,rf,Optuna_Auto,8,GA,64,45,2,0.5300969434845552,7.359697757494918,0.33653774977157785
mammographic-mass,rf,Optuna_Auto,9,PSO,62,69,2,0.5300969434845552,7.359697757494918,0.33653774977157785
mammographic-mass,rf,Optuna_Auto,10,PSO,44,97,2,0.5300969434845552,7.359697757494918,0.33653774977157785
mammographic-mass,rf,Optuna_Auto,11,GWO,95,12,2,0.5300969434845552,7.359697757494918,0.33653774977157785
mammographic-mass,rf,Optuna_Auto,12,WOA,82,29,2,0.5300969434845552,7.359697757494918,0.33653774977157785
mammographic-mass,rf,Optuna_Auto,13,GWO,83,100,2,0.5300969434845552,7.359697757494918,0.33653774977157785
mammographic-mass,rf,Optuna_Auto,14,PSO,49,67,2,0.5300969434845552,7.359697757494918,0.33653774977157785
mammographic-mass,rf,Optuna_Auto,15,GWO,83,30,2,0.5300969434845552,7.359697757494918,0.33653774977157785
mammographic-mass,rf,Optuna_Auto,16,PSO,75,11,2,0.5300969434845552,7.359697757494918,0.33653774977157785
mammographic-mass,rf,Optuna_Auto,17,WOA,49,80,2,0.5300969434845552,7.359697757494918,0.33653774977157785
mammographic-mass,rf,Optuna_Auto,18,PSO,91,39,2,0.5300969434845552,7.359697757494918,0.33653774977157785
mammographic-mass,rf,Optuna_Auto,19,GWO,73,64,2,0.5300969434845552,7.359697757494918,0.33653774977157785
mammographic-mass,rf,Optuna_Auto,20,PSO,100,21,2,0.5300969434845552,7.359697757494918,0.33653774977157785
mammographic-mass,rf,Optuna_Auto,21,WOA,73,86,2,0.5300969434845552,7.359697757494918,0.33653774977157785
mammographic-mass,rf,Optuna_Auto,22,WOA,57,78,2,0.5300969434845552,7.359697757494918,0.33653774977157785
mammographic-mass,rf,Optuna_Auto,23,WOA,88,91,2,0.5300969434845552,7.359697757494918,0.33653774977157785
mammographic-mass,rf,Optuna_Auto,24,WOA,70,76,2,0.5300969434845552,7.359697757494918,0.33653774977157785
mammographic-mass,rf,Optuna_Auto,25,WOA,78,89,2,0.5300969434845552,7.359697757494918,0.33653774977157785
mammographic-mass,rf,Optuna_Auto,26,GWO,68,95,2,0.5300969434845552,7.359697757494918,0.33653774977157785
mammographic-mass,rf,Optuna_Auto,28,GWO,89,73,2,0.5300969434845552,7.359697757494918,0.33653774977157785
mammographic-mass,rf,Optuna_Auto,29,GA,58,84,2,0.5300969434845552,7.359697757494918,0.33653774977157785
mammographic-mass,svm,Optuna_Auto,0,WOA,12,17,2,0.5013244123737893,6.2772170925180575,0.3609762981294702
mammographic-mass,svm,Optuna_Auto,1,GA,28,14,3,0.32818572056595846,4.83924961984499,0.4576520354589224
mammographic-mass,svm,Optuna_Auto,2,GWO,23,13,2,0.5013244123737893,6.2772170925180575,0.3609762981294702
mammographic-mass,svm,Optuna_Auto,3,GWO,81,91,2,0.5013244123737893,6.2772170925180575,0.3609762981294702
mammographic-mass,svm,Optuna_Auto,4,GWO,29,97,2,0.5013244123737893,6.2772170925180575,0.3609762981294702
mammographic-mass,svm,Optuna_Auto,5,GWO,43,69,2,0.5013244123737893,6.2772170925180575,0.3609762981294702
mammographic-mass,svm,Optuna_Auto,6,WOA,42,77,2,0.5013244123737893,6.2772170925180575,0.3609762981294702
mammographic-mass,svm,Optuna_Auto,7,GA,50,44,2,0.5013244123737893,6.2772170925180575,0.3609762981294702
mammographic-mass,svm,Optuna_Auto,8,PSO,61,20,2,0.5013244123737893,6.2772170925180575,0.3609762981294702
mammographic-mass,svm,Optuna_Auto,9,WOA,35,43,2,0.5013244123737893,6.2772170925180575,0.3609762981294702
mammographic-mass,svm,Optuna_Auto,10,WOA,100,42,2,0.5013244123737893,6.2772170925180575,0.3609762981294702
mammographic-mass,svm,Optuna_Auto,11,PSO,12,29,6,0.28804764767233565,7.849814029129867,0.621814408124915
mammographic-mass,svm,Optuna_Auto,12,GWO,11,10,6,0.13572891948526764,6.541774365432576,0.6904141606820343
mammographic-mass,svm,Optuna_Auto,13,WOA,19,30,2,0.5013244123737893,6.2772170925180575,0.3609762981294702
mammographic-mass,svm,Optuna_Auto,14,GWO,22,26,2,0.5013244123737893,6.2772170925180575,0.3609762981294702
mammographic-mass,svm,Optuna_Auto,15,WOA,59,57,2,0.5013244123737893,6.2772170925180575,0.3609762981294702
mammographic-mass,svm,Optuna_Auto,16,GA,10,20,5,0.21571253143490424,5.11592511090801,0.5552371037161941
mammographic-mass,svm,Optuna_Auto,17,PSO,23,11,4,0.18464796662693422,5.153877905887097,0.6281888681396153
mammographic-mass,svm,Optuna_Auto,18,WOA,35,35,2,0.5013244123737893,6.2772170925180575,0.3609762981294702
mammographic-mass,svm,Optuna_Auto,19,GWO,72,55,2,0.5013244123737893,6.2772170925180575,0.3609762981294702
mammographic-mass,svm,Optuna_Auto,20,WOA,17,19,2,0.5013244123737893,6.2772170925180575,0.3609762981294702
mammographic-mass,svm,Optuna_Auto,21,GWO,91,95,2,0.5013244123737893,6.2772170925180575,0.3609762981294702
mammographic-mass,svm,Optuna_Auto,22,GWO,82,85,2,0.5013244123737893,6.2772170925180575,0.3609762981294702
mammographic-mass,svm,Optuna_Auto,23,GWO,77,55,2,0.5013244123737893,6.2772170925180575,0.3609762981294702
mammographic-mass,svm,Optuna_Auto,24,GWO,61,64,2,0.5013244123737893,6.2772170925180575,0.3609762981294702
mammographic-mass,svm,Optuna_Auto,25,GWO,68,91,2,0.5013244123737893,6.2772170925180575,0.3609762981294702
mammographic-mass,svm,Optuna_Auto,27,PSO,99,35,2,0.5013244123737893,6.2772170925180575,0.3609762981294702
mammographic-mass,svm,Optuna_Auto,28,GWO,90,86,2,0.5013244123737893,6.2772170925180575,0.3609762981294702
mammographic-mass,xgb,Optuna_Auto,0,WOA,31,82,4,0.4041110988073491,5.49323472956304,0.3922544098177725
mammographic-mass,xgb,Optuna_Auto,2,PSO,77,56,6,0.2765753904282322,5.112228210923967,0.4246859668434088
mammographic-mass,xgb,Optuna_Auto,3,GA,36,60,4,0.4041110988073491,5.4932347295630395,0.3922544098177725
mammographic-mass,xgb,Optuna_Auto,5,GWO,78,34,4,0.4041110988073491,5.4932347295630395,0.3922544098177725
mammographic-mass,xgb,Optuna_Auto,6,WOA,20,56,2,0.44810863954622,4.992484240938785,0.40090483259216325
mammographic-mass,xgb,Optuna_Auto,7,GWO,100,38,4,0.4041110988073491,5.4932347295630395,0.3922544098177725
mammographic-mass,xgb,Optuna_Auto,8,WOA,15,92,4,0.4041110988073491,5.49323472956304,0.3922544098177725
mammographic-mass,xgb,Optuna_Auto,9,PSO,71,87,4,0.4041110988073491,5.4932347295630395,0.3922544098177725
mammographic-mass,xgb,Optuna_Auto,10,WOA,54,11,4,0.4041110988073491,5.4932347295630395,0.3922544098177725
mammographic-mass,xgb,Optuna_Auto,11,WOA,11,71,2,0.4481245800548488,4.929996505401116,0.40464957035646026
mammographic-mass,xgb,Optuna_Auto,12,WOA,11,67,2,0.44810863954622,4.992484240938785,0.40090483259216325
mammographic-mass,xgb,Optuna_Auto,13,WOA,21,72,3,0.40095028290757917,5.302971596810651,0.39337546515721405
mammographic-mass,xgb,Optuna_Auto,14,WOA,25,51,2,0.44810863954622,4.992484240938785,0.40090483259216325
mammographic-mass,xgb,Optuna_Auto,15,WOA,10,27,3,0.3139118390536548,6.599899609616331,0.5335301295040756
mammographic-mass,xgb,Optuna_Auto,16,WOA,44,100,4,0.4041110988073491,5.4932347295630395,0.3922544098177725
mammographic-mass,xgb,Optuna_Auto,17,PSO,22,72,6,0.2765753904282322,5.112228210923967,0.4246859668434088
mammographic-mass,xgb,Optuna_Auto,18,GWO,38,47,4,0.4041110988073491,5.4932347295630395,0.3922544098177725
mammographic-mass,xgb,Optuna_Auto,19,WOA,61,64,4,0.4041110988073491,5.4932347295630395,0.3922544098177725
mammographic-mass,xgb,Optuna_Auto,20,WOA,23,75,2,0.44810863954622,4.992484240938785,0.40090483259216325
mammographic-mass,xgb,Optuna_Auto,21,WOA,11,66,2,0.44810863954622,4.992484240938785,0.40090483259216325
mammographic-mass,xgb,Optuna_Auto,22,WOA,18,57,3,0.40095028290757917,5.302971596810651,0.39337546515721405
mammographic-mass,xgb,Optuna_Auto,23,WOA,29,68,2,0.44810863954622,4.992484240938785,0.40090483259216325
mammographic-mass,xgb,Optuna_Auto,24,WOA,10,78,3,0.40095028290757917,5.302971596810651,0.39337546515721405
mammographic-mass,xgb,Optuna_Auto,25,WOA,18,53,2,0.44810863954622,4.992484240938785,0.40090483259216325
mammographic-mass,xgb,Optuna_Auto,26,PSO,26,62,4,0.4041110988073491,5.49323472956304,0.3922544098177725
mammographic-mass,xgb,Optuna_Auto,27,GA,16,45,4,0.4041110988073491,5.49323472956304,0.3922544098177725
mammographic-mass,xgb,Optuna_Auto,28,GWO,10,95,5,0.2556181251774398,4.429058840302463,0.448613175535476
mammographic-mass,xgb,Optuna_Auto,29,WOA,31,81,2,0.44810863954622,4.992484240938785,0.40090483259216325
contraceptive-method-choice,rf,Optuna_Auto,1,GWO,61,13,12,0.05147340735223365,7.738041681466987,1.1068876498244224
contraceptive-method-choice,rf,Optuna_Auto,2,GWO,30,14,6,-0.06497869296480288,6.865029967850312,1.0566791206208708
contraceptive-method-choice,rf,Optuna_Auto,4,WOA,57,55,2,0.3103484357241686,3.0889002245242194,0.5407495982751411
contraceptive-method-choice,rf,Optuna_Auto,5,PSO,58,74,10,-0.08541032236464191,5.5897504816449874,0.9501602024191872
contraceptive-method-choice,rf,Optuna_Auto,6,GA,80,37,2,0.3103484357241686,3.0889002245242194,0.5407495982751411
contraceptive-method-choice,rf,Optuna_Auto,8,PSO,72,28,10,0.03763971565134946,5.1439250469383575,0.7803198602532331
contraceptive-method-choice,rf,Optuna_Auto,9,GWO,77,43,2,0.3103484357241686,3.0889002245242194,0.5407495982751411
contraceptive-method-choice,rf,Optuna_Auto,10,WOA,15,62,2,0.22053905919839892,2.195967323807087,0.6406920395525287
contraceptive-method-choice,rf,Optuna_Auto,11,WOA,98,49,2,0.3103484357241686,3.0889002245242194,0.5407495982751411
contraceptive-method-choice,rf,Optuna_Auto,12,WOA,99,42,7,0.030300560731962075,6.128317357876329,0.8327529257466174
contraceptive-method-choice,rf,Optuna_Auto,14,WOA,82,33,2,0.3103484357241686,3.0889002245242194,0.5407495982751411
contraceptive-method-choice,rf,Optuna_Auto,15,GA,50,32,2,0.3103484357241686,3.0889002245242194,0.5407495982751411
contraceptive-method-choice,rf,Optuna_Auto,16,WOA,89,59,3,0.24156280550080902,3.025857270198384,0.55003585485065
contraceptive-method-choice,rf,Optuna_Auto,17,PSO,66,67,5,0.08040253853285229,2.0895808661161928,0.6592256630918796
contraceptive-method-choice,rf,Optuna_Auto,18,WOA,50,25,2,0.1702564798175895,1.9410866792274653,0.681262486581495
contraceptive-method-choice,rf,Optuna_Auto,19,GA,88,100,2,0.3103484357241686,3.0889002245242194,0.5407495982751411
contraceptive-method-choice,rf,Optuna_Auto,20,GA,18,48,5,0.18917243864617686,3.085445816265831,0.5429080505277676
contraceptive-method-choice,rf,Optuna_Auto,21,GWO,75,43,13,-0.08784477967585003,7.124273373438529,1.1351658057823948
contraceptive-method-choice,rf,Optuna_Auto,22,GWO,70,38,2,0.3103484357241686,3.0889002245242194,0.5407495982751411
contraceptive-method-choice,rf,Optuna_Auto,23,GWO,89,21,10,-0.15198938763088884,4.575216533522006,1.0415175391482736
contraceptive-method-choice,rf,Optuna_Auto,24,GWO,80,53,7,-0.05992172709772646,4.411252031632394,0.9744896954601677
contraceptive-method-choice,rf,Optuna_Auto,25,GWO,49,37,5,0.18917243864617686,3.085445816265831,0.5429080505277676
contraceptive-method-choice,rf,Optuna_Auto,26,WOA,67,68,2,0.3103484357241686,3.0889002245242194,0.5407495982751411
contraceptive-method-choice,rf,Optuna_Auto,27,PSO,84,46,5,0.06741795743255835,2.890956812615421,0.7176767068194093
contraceptive-method-choice,rf,Optuna_Auto,29,WOA,64,39,2,0.2894503896742938,2.920326295902401,0.555829574646888
contraceptive-method-choice,svm,Optuna_Auto,0,PSO,31,41,13,0.06061150662827516,4.728078997032655,0.9802899527081558
contraceptive-method-choice,svm,Optuna_Auto,1,GWO,89,76,2,0.2752666342793108,2.7464076402452258,0.5781367810894195
contraceptive-method-choice,svm,Optuna_Auto,2,PSO,67,69,13,0.00029458193858554867,7.919798377026965,1.1993332369365015
contraceptive-method-choice,svm,Optuna_Auto,3,WOA,45,72,3,0.23085999824835474,2.7645954387907636,0.5762365555075054
contraceptive-method-choice,svm,Optuna_Auto,5,WOA,65,85,5,0.06627203094288642,1.7915854650842349,0.7205318894363376
contraceptive-method-choice,svm,Optuna_Auto,6,GWO,12,13,8,-0.09665021034449178,2.262676055986401,1.2099273351794955
contraceptive-method-choice,svm,Optuna_Auto,7,PSO,38,49,9,-0.10090998764990397,3.4653309796137197,0.9037597067768244
contraceptive-method-choice,svm,Optuna_Auto,8,PSO,86,98,12,0.019902163992155837,7.9376093029952015,1.0640574220149996
contraceptive-method-choice,svm,Optuna_Auto,9,GWO,38,25,11,-0.07814286137757286,4.252348964123231,0.8895431032835706
contraceptive-method-choice,svm,Optuna_Auto,10,GWO,100,51,13,-0.052989641140979316,4.058509079522294,0.7953685714526982
contraceptive-method-choice,svm,Optuna_Auto,11,WOA,74,67,2,0.2752666342793108,2.7464076402452258,0.5781367810894195
contraceptive-method-choice,svm,Optuna_Auto,12,WOA,80,65,2,0.2748833475012507,2.6841812720270393,0.5844962338424715
contraceptive-method-choice,svm,Optuna_Auto,13,GA,94,61,16,0.019069578025092345,5.020227398813724,0.7206299637273998
contraceptive-method-choice,svm,Optuna_Auto,14,WOA,71,80,3,0.14773929520012702,2.323056426891232,0.6515927406535152
contraceptive-method-choice,svm,Optuna_Auto,15,GWO,81,37,12,0.019108293398895474,8.919304969401358,0.9243294163310417
contraceptive-method-choice,svm,Optuna_Auto,16,WOA,59,100,2,0.2748833475012507,2.6841812720270393,0.5844962338424715
contraceptive-method-choice,svm,Optuna_Auto,17,GWO,90,56,2,0.2748833475012507,2.6841812720270393,0.5844962338424715
contraceptive-method-choice,svm,Optuna_Auto,19,WOA,57,90,2,0.2090888732338285,2.0847559016026795,0.6628379807089321
contraceptive-method-choice,svm,Optuna_Auto,20,GWO,97,79,8,0.04178232006244594,2.254304549089217,0.640954598274429
contraceptive-method-choice,svm,Optuna_Auto,21,WOA,78,63,13,-0.05153359190036664,3.3280442546508873,0.688018778490843
contraceptive-method-choice,svm,Optuna_Auto,22,WOA,87,66,4,0.11113333307344264,2.2820758667992735,0.6477129288762987
contraceptive-method-choice,svm,Optuna_Auto,23,WOA,78,57,14,-0.07963988113756618,7.530690234207563,0.983290301775939
contraceptive-method-choice,svm,Optuna_Auto,24,WOA,72,74,3,0.23085999824835474,2.764595438790763,0.5762365555075054
contraceptive-method-choice,svm,Optuna_Auto,25,WOA,85,45,2,0.23843763227323764,2.333305004416432,0.6267310309851457
contraceptive-method-choice,svm,Optuna_Auto,26,GWO,60,32,14,-0.08540730356834599,6.364257247444234,1.0747461245874323
contraceptive-method-choice,svm,Optuna_Auto,27,GA,92,89,3,0.23085999824835474,2.764595438790763,0.5762365555075054
contraceptive-method-choice,svm,Optuna_Auto,28,WOA,72,78,2,0.16550619334707808,1.9264887957283445,0.6896032920027774
contraceptive-method-choice,svm,Optuna_Auto,29,PSO,15,57,12,-0.042173015324749895,7.842105604873238,1.27199262452033
contraceptive-method-choice,xgb,Optuna_Auto,0,PSO,43,47,5,0.03443444180889745,2.897271509052158,0.8090070013787984
contraceptive-method-choice,xgb,Optuna_Auto,1,PSO,29,84,8,-0.0066755783349290035,3.9933214769077106,0.7786102065141757
contraceptive-method-choice,xgb,Optuna_Auto,2,GA,46,68,2,0.29534557482983254,3.108164186659682,0.5406367885986013
contraceptive-method-choice,xgb,Optuna_Auto,3,PSO,73,18,11,-0.10415432504615274,4.976737702800713,1.001797339281853
contraceptive-method-choice,xgb,Optuna_Auto,4,GA,38,30,2,0.29534557482983254,3.108164186659682,0.5406367885986013
contraceptive-method-choice,xgb,Optuna_Auto,5,GWO,10,26,13,-0.046805304656721836,6.467836281187287,1.2546483703067497
contraceptive-method-choice,xgb,Optuna_Auto,6,PSO,74,52,4,0.11459045124510459,2.415071328903116,0.6293299018499561
contraceptive-method-choice,xgb,Optuna_Auto,7,WOA,68,64,2,0.3006012978316446,2.9480545716787594,0.5548256060309805
contraceptive-method-choice,xgb,Optuna_Auto,8,WOA,42,28,2,0.29534557482983254,3.108164186659682,0.5406367885986013
contraceptive-method-choice,xgb,Optuna_Auto,9,WOA,32,15,2,0.21831694735778118,2.37579495346012,0.6179328049603369
contraceptive-method-choice,xgb,Optuna_Auto,10,WOA,99,99,2,0.28838955271613315,2.883708573856036,0.5611330831946917
contraceptive-method-choice,xgb,Optuna_Auto,11,GA,62,68,2,0.29534557482983254,3.108164186659682,0.5406367885986013
contraceptive-method-choice,xgb,Optuna_Auto,13,GWO,92,69,6,-0.0035926697834526115,2.8793296319468005,0.8712539897435042
contraceptive-method-choice,xgb,Optuna_Auto,14,WOA,57,51,2,0.29534557482983254,3.108164186659682,0.5406367885986013
contraceptive-method-choice,xgb,Optuna_Auto,16,GA,50,81,2,0.29534557482983254,3.108164186659682,0.5406367885986013
contraceptive-method-choice,xgb,Optuna_Auto,17,WOA,15,61,2,0.28838955271613315,2.883708573856036,0.5611330831946917
contraceptive-method-choice,xgb,Optuna_Auto,18,GWO,66,97,2,0.29534557482983254,3.108164186659682,0.5406367885986013
contraceptive-method-choice,xgb,Optuna_Auto,20,WOA,23,61,3,0.2506559332768907,3.06082884208293,0.5477045075855997
contraceptive-method-choice,xgb,Optuna_Auto,21,GA,40,39,2,0.29534557482983254,3.108164186659682,0.5406367885986013
contraceptive-method-choice,xgb,Optuna_Auto,24,GA,48,74,2,0.29534557482983254,3.108164186659682,0.5406367885986013
contraceptive-method-choice,xgb,Optuna_Auto,25,GA,70,58,2,0.29534557482983254,3.108164186659682,0.5406367885986013
contraceptive-method-choice,xgb,Optuna_Auto,26,WOA,23,77,2,0.21831694735778118,2.37579495346012,0.6179328049603369
contraceptive-method-choice,xgb,Optuna_Auto,27,GWO,39,45,2,0.29534557482983254,3.108164186659682,0.5406367885986013
contraceptive-method-choice,xgb,Optuna_Auto,28,GA,80,91,2,0.29534557482983254,3.108164186659682,0.5406367885986013
contraceptive-method-choice,xgb,Optuna_Auto,29,PSO,45,54,10,0.04052412981352611,4.7217573962849295,0.8616970629157533
german-credit,rf,Optuna_Auto,0,WOA,69,13,2,0.19656248851731337,2.021698306098772,0.6770549923829415
german-credit,rf,Optuna_Auto,1,WOA,12,19,3,0.2192017856453995,2.503986006200809,0.6131715364938825
german-credit,rf,Optuna_Auto,3,GWO,60,89,2,0.25177382559926265,2.5057616820199278,0.6091500518647087
german-credit,rf,Optuna_Auto,4,PSO,48,55,2,0.25177382559926265,2.5057616820199278,0.6091500518647087
german-credit,rf,Optuna_Auto,5,PSO,38,60,2,0.25177382559926265,2.5057616820199278,0.6091500518647087
german-credit,rf,Optuna_Auto,6,WOA,38,31,2,0.25177382559926265,2.5057616820199278,0.6091500518647087
german-credit,rf,Optuna_Auto,7,PSO,12,71,2,0.25177382559926265,2.5057616820199278,0.6091500518647087
german-credit,rf,Optuna_Auto,8,WOA,31,65,2,0.25177382559926265,2.5057616820199278,0.6091500518647087
german-credit,rf,Optuna_Auto,9,GA,74,72,2,0.25177382559926265,2.5057616820199278,0.6091500518647087
german-credit,rf,Optuna_Auto,10,GWO,93,99,2,0.25177382559926265,2.5057616820199278,0.6091500518647087
german-credit,rf,Optuna_Auto,11,GWO,57,97,2,0.25177382559926265,2.5057616820199278,0.6091500518647087
german-credit,rf,Optuna_Auto,12,PSO,57,84,2,0.25177382559926265,2.5057616820199278,0.6091500518647087
german-credit,rf,Optuna_Auto,13,GWO,53,41,2,0.25177382559926265,2.5057616820199278,0.6091500518647087
german-credit,rf,Optuna_Auto,14,GWO,81,84,2,0.25177382559926265,2.5057616820199278,0.6091500518647087
german-credit,rf,Optuna_Auto,15,PSO,44,52,2,0.25177382559926265,2.5057616820199278,0.6091500518647087
german-credit,rf,Optuna_Auto,16,GWO,65,84,2,0.25177382559926265,2.5057616820199278,0.6091500518647087
german-credit,rf,Optuna_Auto,17,PSO,26,30,3,0.1897199295809465,2.2539374090476056,0.6513353626098929
german-credit,rf,Optuna_Auto,18,GA,88,56,2,0.25177382559926265,2.5057616820199278,0.6091500518647087
german-credit,rf,Optuna_Auto,19,PSO,48,35,2,0.25177382559926265,2.5057616820199278,0.6091500518647087
german-credit,rf,Optuna_Auto,20,GWO,63,74,2,0.25177382559926265,2.5057616820199278,0.6091500518647087
german-credit,rf,Optuna_Auto,21,PSO,36,61,2,0.25177382559926265,2.5057616820199278,0.6091500518647087
german-credit,rf,Optuna_Auto,22,PSO,25,50,2,0.25177382559926265,2.5057616820199278,0.6091500518647087
german-credit,rf,Optuna_Auto,23,PSO,43,60,2,0.25177382559926265,2.5057616820199278,0.6091500518647087
german-credit,rf,Optuna_Auto,24,PSO,51,43,2,0.25177382559926265,2.5057616820199278,0.6091500518647087
german-credit,rf,Optuna_Auto,25,PSO,60,88,2,0.25177382559926265,2.5057616820199278,0.6091500518647087
german-credit,rf,Optuna_Auto,26,GWO,76,66,2,0.25177382559926265,2.5057616820199278,0.6091500518647087
german-credit,rf,Optuna_Auto,27,GA,38,92,2,0.25177382559926265,2.5057616820199278,0.6091500518647087
german-credit,rf,Optuna_Auto,28,PSO,23,80,2,0.25177382559926265,2.5057616820199278,0.6091500518647087
german-credit,rf,Optuna_Auto,29,WOA,69,16,2,0.25177382559926265,2.5057616820199278,0.6091500518647087
german-credit,svm,Optuna_Auto,0,GWO,31,41,2,0.29956197043781263,2.9831599757170784,0.5596182606271302
german-credit,svm,Optuna_Auto,1,GWO,24,50,2,0.29956197043781263,2.9831599757170784,0.5596182606271302
german-credit,svm,Optuna_Auto,2,GWO,80,57,2,0.29956197043781263,2.9831599757170784,0.5596182606271302
german-credit,svm,Optuna_Auto,3,GA,94,88,2,0.29956197043781263,2.9831599757170784,0.5596182606271302
german-credit,svm,Optuna_Auto,4,WOA,75,87,2,0.29956197043781263,2.9831599757170784,0.5596182606271302
german-credit,svm,Optuna_Auto,5,GWO,20,91,2,0.29956197043781263,2.9831599757170784,0.5596182606271302
german-credit,svm,Optuna_Auto,7,GWO,50,82,2,0.29956197043781263,2.9831599757170784,0.5596182606271302
german-credit,svm,Optuna_Auto,8,GA,68,86,2,0.29956197043781263,2.9831599757170784,0.5596182606271302
german-credit,svm,Optuna_Auto,9,GA,76,83,2,0.29956197043781263,2.9831599757170784,0.5596182606271302
german-credit,svm,Optuna_Auto,10,PSO,42,17,2,0.29956197043781263,2.9831599757170784,0.5596182606271302
german-credit,svm,Optuna_Auto,11,GWO,11,37,2,0.29956197043781263,2.9831599757170784,0.5596182606271302
german-credit,svm,Optuna_Auto,12,GWO,30,41,2,0.29956197043781263,2.9831599757170784,0.5596182606271302
german-credit,svm,Optuna_Auto,13,WOA,38,37,2,0.29956197043781263,2.9831599757170784,0.5596182606271302
german-credit,svm,Optuna_Auto,14,PSO,59,53,2,0.29956197043781263,2.9831599757170784,0.5596182606271302
german-credit,svm,Optuna_Auto,15,GWO,27,19,2,0.29956197043781263,2.9831599757170784,0.5596182606271302
german-credit,svm,Optuna_Auto,16,GWO,10,69,2,0.2818971132807249,2.7830453727183087,0.578939362805455
german-credit,svm,Optuna_Auto,17,GWO,46,50,2,0.29956197043781263,2.9831599757170784,0.5596182606271302
german-credit,svm,Optuna_Auto,18,WOA,30,29,2,0.2046515676715912,2.0896599697585443,0.667081701588318
german-credit,svm,Optuna_Auto,19,PSO,21,71,2,0.29956197043781263,2.9831599757170784,0.5596182606271302
german-credit,svm,Optuna_Auto,20,GWO,56,44,2,0.29956197043781263,2.9831599757170784,0.5596182606271302
german-credit,svm,Optuna_Auto,21,GWO,35,60,2,0.29956197043781263,2.9831599757170784,0.5596182606271302
german-credit,svm,Optuna_Auto,22,GWO,97,29,2,0.29956197043781263,2.9831599757170784,0.5596182606271302
german-credit,svm,Optuna_Auto,23,GWO,21,53,2,0.29956197043781263,2.9831599757170784,0.5596182606271302
german-credit,svm,Optuna_Auto,24,GWO,84,60,2,0.29956197043781263,2.9831599757170784,0.5596182606271302
german-credit,svm,Optuna_Auto,25,GWO,63,48,2,0.29956197043781263,2.9831599757170784,0.5596182606271302
german-credit,svm,Optuna_Auto,26,GWO,49,29,2,0.29956197043781263,2.9831599757170784,0.5596182606271302
german-credit,svm,Optuna_Auto,27,WOA,17,75,2,0.29956197043781263,2.9831599757170784,0.5596182606271302
german-credit,svm,Optuna_Auto,28,PSO,36,98,2,0.29956197043781263,2.9831599757170784,0.5596182606271302
german-credit,svm,Optuna_Auto,29,GA,84,56,2,0.29956197043781263,2.9831599757170784,0.5596182606271302
german-credit,xgb,Optuna_Auto,0,PSO,41,49,2,0.28237814438127506,2.815032528574968,0.57781422495807
german-credit,xgb,Optuna_Auto,1,WOA,22,99,2,0.28237814438127506,2.815032528574968,0.57781422495807
german-credit,xgb,Optuna_Auto,2,WOA,32,56,2,0.28237814438127506,2.815032528574968,0.57781422495807
german-credit,xgb,Optuna_Auto,3,PSO,49,68,2,0.28237814438127506,2.815032528574968,0.57781422495807
german-credit,xgb,Optuna_Auto,5,PSO,92,28,2,0.28237814438127506,2.815032528574968,0.57781422495807
german-credit,xgb,Optuna_Auto,6,GA,78,27,2,0.28237814438127506,2.815032528574968,0.57781422495807
german-credit,xgb,Optuna_Auto,7,PSO,85,15,2,0.28237814438127506,2.815032528574968,0.57781422495807
german-credit,xgb,Optuna_Auto,8,GA,44,37,2,0.28237814438127506,2.815032528574968,0.57781422495807
german-credit,xgb,Optuna_Auto,9,PSO,40,38,2,0.28237814438127506,2.815032528574968,0.57781422495807
german-credit,xgb,Optuna_Auto,10,GWO,64,100,2,0.28237814438127506,2.815032528574968,0.57781422495807
german-credit,xgb,Optuna_Auto,11,WOA,10,98,2,0.28237814438127506,2.815032528574968,0.57781422495807
german-credit,xgb,Optuna_Auto,12,WOA,16,82,2,0.2475251439675838,2.4901328143521577,0.613910225555675
german-credit,xgb,Optuna_Auto,13,GWO,20,84,3,0.14391680531990372,2.114779374929817,0.695710053128273
german-credit,xgb,Optuna_Auto,14,WOA,60,52,2,0.28237814438127506,2.815032528574968,0.57781422495807
german-credit,xgb,Optuna_Auto,15,PSO,26,79,2,0.28237814438127506,2.815032528574968,0.57781422495807
german-credit,xgb,Optuna_Auto,16,WOA,54,12,2,0.28237814438127506,2.815032528574968,0.57781422495807
german-credit,xgb,Optuna_Auto,17,GWO,70,47,2,0.28237814438127506,2.815032528574968,0.57781422495807
german-credit,xgb,Optuna_Auto,18,PSO,22,91,2,0.28237814438127506,2.815032528574968,0.57781422495807
german-credit,xgb,Optuna_Auto,19,WOA,31,70,2,0.2475251439675838,2.4901328143521577,0.613910225555675
german-credit,xgb,Optuna_Auto,20,PSO,10,76,2,0.2475251439675838,2.4901328143521577,0.613910225555675
german-credit,xgb,Optuna_Auto,21,WOA,35,55,2,0.2475251439675838,2.4901328143521577,0.613910225555675
german-credit,xgb,Optuna_Auto,22,WOA,44,60,2,0.28237814438127506,2.815032528574968,0.57781422495807
german-credit,xgb,Optuna_Auto,23,WOA,28,42,3,0.13719161560464493,2.1114056973080193,0.6979837828655224
german-credit,xgb,Optuna_Auto,24,WOA,53,27,2,0.28237814438127506,2.815032528574968,0.57781422495807
german-credit,xgb,Optuna_Auto,25,WOA,38,50,2,0.28237814438127506,2.815032528574968,0.57781422495807
german-credit,xgb,Optuna_Auto,26,GA,28,90,2,0.28237814438127506,2.815032528574968,0.57781422495807
german-credit,xgb,Optuna_Auto,27,GWO,19,72,2,0.2475251439675838,2.4901328143521577,0.613910225555675
german-credit,xgb,Optuna_Auto,28,WOA,43,60,2,0.28237814438127506,2.815032528574968,0.57781422495807
german-credit,xgb,Optuna_Auto,29,PSO,33,64,2,0.28237814438127506,2.815032528574968,0.57781422495807
horse-colic,rf,Optuna_Auto,0,GWO,28,46,3,0.13855808115787888,1.9719088024683538,0.6363205714399837
horse-colic,rf,Optuna_Auto,1,GWO,73,46,3,0.13855808115787888,1.9719088024683538,0.6363205714399838
horse-colic,rf,Optuna_Auto,4,GWO,17,63,2,0.09566012449742659,1.4963757681786372,0.7435108468327583
horse-colic,rf,Optuna_Auto,5,WOA,38,69,2,0.1418687875984603,1.7183969962245593,0.6924423788472901
horse-colic,rf,Optuna_Auto,6,PSO,87,23,3,0.13855808115787888,1.9719088024683538,0.6363205714399837
horse-colic,rf,Optuna_Auto,7,PSO,72,10,3,0.13855808115787888,1.9719088024683538,0.6363205714399837
horse-colic,rf,Optuna_Auto,8,PSO,54,13,2,0.1427957640482356,1.79093979109423,0.6798231156579353
horse-colic,rf,Optuna_Auto,9,PSO,18,56,2,0.1427957640482356,1.79093979109423,0.6798231156579353
horse-colic,rf,Optuna_Auto,10,WOA,100,95,2,0.1427957640482356,1.79093979109423,0.6798231156579353
horse-colic,rf,Optuna_Auto,11,PSO,11,96,2,0.1427957640482356,1.79093979109423,0.6798231156579353
horse-colic,rf,Optuna_Auto,12,PSO,49,76,2,0.1427957640482356,1.79093979109423,0.6798231156579353
horse-colic,rf,Optuna_Auto,13,PSO,29,55,3,0.13855808115787888,1.9719088024683538,0.6363205714399837
horse-colic,rf,Optuna_Auto,14,PSO,59,83,3,0.13855808115787888,1.9719088024683538,0.6363205714399837
horse-colic,rf,Optuna_Auto,15,PSO,25,15,2,0.1427957640482356,1.79093979109423,0.6798231156579353
horse-colic,rf,Optuna_Auto,16,PSO,61,34,3,0.13855808115787888,1.9719088024683538,0.6363205714399838
horse-colic,rf,Optuna_Auto,17,GA,40,55,3,0.13855808115787888,1.9719088024683538,0.6363205714399837
horse-colic,rf,Optuna_Auto,18,WOA,76,35,2,0.1418687875984603,1.7183969962245593,0.6924423788472901
horse-colic,rf,Optuna_Auto,19,PSO,10,86,3,0.13855808115787888,1.9719088024683538,0.6363205714399837
horse-colic,rf,Optuna_Auto,20,PSO,52,45,3,0.13855808115787888,1.9719088024683538,0.6363205714399838
horse-colic,rf,Optuna_Auto,21,WOA,97,99,2,0.1427957640482356,1.79093979109423,0.6798231156579353
horse-colic,rf,Optuna_Auto,22,WOA,85,91,3,0.13855808115787888,1.9719088024683538,0.6363205714399838
horse-colic,rf,Optuna_Auto,23,WOA,99,74,2,0.1427957640482356,1.79093979109423,0.6798231156579353
horse-colic,rf,Optuna_Auto,24,WOA,88,60,3,0.13855808115787888,1.9719088024683538,0.6363205714399837
horse-colic,rf,Optuna_Auto,25,WOA,66,24,2,0.1427957640482356,1.79093979109423,0.6798231156579353
horse-colic,rf,Optuna_Auto,27,GWO,20,71,3,0.13855808115787888,1.9719088024683538,0.6363205714399837
horse-colic,rf,Optuna_Auto,28,PSO,78,66,2,0.1427957640482356,1.79093979109423,0.6798231156579353
horse-colic,rf,Optuna_Auto,29,GWO,32,47,3,0.13855808115787888,1.9719088024683538,0.6363205714399838
horse-colic,svm,Optuna_Auto,0,GA,46,25,2,0.262051831598225,2.6895943338598816,0.5708356003553053
horse-colic,svm,Optuna_Auto,1,GWO,73,36,2,0.262051831598225,2.6895943338598816,0.5708356003553053
horse-colic,svm,Optuna_Auto,2,WOA,100,47,2,0.262051831598225,2.6895943338598816,0.5708356003553053
horse-colic,svm,Optuna_Auto,3,GWO,90,26,2,0.262051831598225,2.6895943338598816,0.5708356003553053
horse-colic,svm,Optuna_Auto,4,GA,94,88,2,0.262051831598225,2.6895943338598816,0.5708356003553053
horse-colic,svm,Optuna_Auto,5,GA,66,11,2,0.262051831598225,2.6895943338598816,0.5708356003553053
horse-colic,svm,Optuna_Auto,6,PSO,59,81,2,0.262051831598225,2.6895943338598816,0.5708356003553053
horse-colic,svm,Optuna_Auto,7,GA,16,25,3,0.06315562172909908,1.5260305198098285,0.7483944459879815
horse-colic,svm,Optuna_Auto,8,WOA,29,53,2,0.262051831598225,2.6895943338598816,0.5708356003553053
horse-colic,svm,Optuna_Auto,9,GWO,50,94,2,0.262051831598225,2.6895943338598816,0.5708356003553053
horse-colic,svm,Optuna_Auto,10,PSO,39,74,2,0.262051831598225,2.6895943338598816,0.5708356003553053
horse-colic,svm,Optuna_Auto,11,GWO,78,40,2,0.262051831598225,2.6895943338598816,0.5708356003553053
horse-colic,svm,Optuna_Auto,13,GWO,47,32,2,0.262051831598225,2.6895943338598816,0.5708356003553053
horse-colic,svm,Optuna_Auto,15,GWO,82,36,2,0.262051831598225,2.6895943338598816,0.5708356003553053
horse-colic,svm,Optuna_Auto,16,PSO,55,22,2,0.262051831598225,2.6895943338598816,0.5708356003553053
horse-colic,svm,Optuna_Auto,17,WOA,40,58,2,0.262051831598225,2.6895943338598816,0.5708356003553053
horse-colic,svm,Optuna_Auto,18,GA,10,46,2,0.262051831598225,2.6895943338598816,0.5708356003553053
horse-colic,svm,Optuna_Auto,19,GWO,67,67,2,0.262051831598225,2.6895943338598816,0.5708356003553053
horse-colic,svm,Optuna_Auto,20,GWO,79,18,2,0.262051831598225,2.6895943338598816,0.5708356003553053
horse-colic,svm,Optuna_Auto,21,WOA,98,44,2,0.262051831598225,2.6895943338598816,0.5708356003553053
horse-colic,svm,Optuna_Auto,22,WOA,88,50,2,0.262051831598225,2.6895943338598816,0.5708356003553053
horse-colic,svm,Optuna_Auto,23,WOA,100,32,2,0.262051831598225,2.6895943338598816,0.5708356003553053
horse-colic,svm,Optuna_Auto,24,WOA,74,39,2,0.262051831598225,2.6895943338598816,0.5708356003553053
horse-colic,svm,Optuna_Auto,25,WOA,86,31,2,0.262051831598225,2.6895943338598816,0.5708356003553053
horse-colic,svm,Optuna_Auto,27,PSO,63,54,2,0.262051831598225,2.6895943338598816,0.5708356003553053
horse-colic,svm,Optuna_Auto,28,GA,28,45,2,0.262051831598225,2.6895943338598816,0.5708356003553053
horse-colic,svm,Optuna_Auto,29,GWO,93,27,2,0.262051831598225,2.6895943338598816,0.5708356003553053
horse-colic,xgb,Optuna_Auto,0,GWO,50,99,2,0.15240926485436723,1.838158594382359,0.6716114253611082
horse-colic,xgb,Optuna_Auto,2,GWO,45,51,2,0.15240926485436723,1.838158594382359,0.6716114253611082
horse-colic,xgb,Optuna_Auto,3,PSO,24,66,2,0.15240926485436723,1.838158594382359,0.6716114253611082
horse-colic,xgb,Optuna_Auto,4,GWO,90,43,2,0.15240926485436723,1.838158594382359,0.6716114253611082
horse-colic,xgb,Optuna_Auto,5,WOA,15,30,2,0.15240926485436723,1.838158594382359,0.6716114253611082
horse-colic,xgb,Optuna_Auto,6,GA,16,54,2,0.15240926485436723,1.838158594382359,0.6716114253611082
horse-colic,xgb,Optuna_Auto,7,WOA,81,23,2,0.15240926485436723,1.838158594382359,0.6716114253611082
horse-colic,xgb,Optuna_Auto,8,PSO,85,37,2,0.15240926485436723,1.838158594382359,0.6716114253611082
horse-colic,xgb,Optuna_Auto,9,GA,16,69,2,0.15240926485436723,1.838158594382359,0.6716114253611082
horse-colic,xgb,Optuna_Auto,10,GWO,60,99,2,0.15240926485436723,1.838158594382359,0.6716114253611082
horse-colic,xgb,Optuna_Auto,11,GWO,44,95,2,0.15240926485436723,1.838158594382359,0.6716114253611082
horse-colic,xgb,Optuna_Auto,12,GWO,49,78,2,0.15240926485436723,1.838158594382359,0.6716114253611082
horse-colic,xgb,Optuna_Auto,13,GWO,65,85,2,0.15240926485436723,1.838158594382359,0.6716114253611082
horse-colic,xgb,Optuna_Auto,14,GWO,35,13,2,0.15240926485436723,1.838158594382359,0.6716114253611082
horse-colic,xgb,Optuna_Auto,15,GWO,67,82,2,0.15240926485436723,1.838158594382359,0.6716114253611082
horse-colic,xgb,Optuna_Auto,16,GWO,35,53,2,0.15240926485436723,1.838158594382359,0.6716114253611082
horse-colic,xgb,Optuna_Auto,17,PSO,53,11,2,0.15240926485436723,1.838158594382359,0.6716114253611082
horse-colic,xgb,Optuna_Auto,18,WOA,37,67,2,0.15240926485436723,1.838158594382359,0.6716114253611082
horse-colic,xgb,Optuna_Auto,19,GWO,77,44,2,0.15240926485436723,1.838158594382359,0.6716114253611082
horse-colic,xgb,Optuna_Auto,20,GWO,27,92,2,0.11228629807528603,1.5305100823628612,0.732535697228421
horse-colic,xgb,Optuna_Auto,21,PSO,26,66,2,0.15240926485436723,1.838158594382359,0.6716114253611082
horse-colic,xgb,Optuna_Auto,22,PSO,43,74,2,0.15240926485436723,1.838158594382359,0.6716114253611082
horse-colic,xgb,Optuna_Auto,23,PSO,25,60,2,0.15240926485436723,1.838158594382359,0.6716114253611082
horse-colic,xgb,Optuna_Auto,24,PSO,56,47,2,0.15240926485436723,1.838158594382359,0.6716114253611082
horse-colic,xgb,Optuna_Auto,25,PSO,44,89,2,0.15240926485436723,1.838158594382359,0.6716114253611082
horse-colic,xgb,Optuna_Auto,27,WOA,72,61,2,0.15240926485436723,1.838158594382359,0.6716114253611082
horse-colic,xgb,Optuna_Auto,28,GWO,30,74,2,0.15240926485436723,1.838158594382359,0.6716114253611082
horse-colic,xgb,Optuna_Auto,29,GA,50,50,2,0.15240926485436723,1.838158594382359,0.6716114253611082
congressional-voting,rf,Optuna_Auto,0,PSO,17,91,2,0.1750337823513386,2.0973612374886264,0.5766041194884569
congressional-voting,rf,Optuna_Auto,1,WOA,30,83,2,0.1750337823513386,2.0973612374886264,0.5766041194884569
congressional-voting,rf,Optuna_Auto,2,WOA,70,88,2,0.1750337823513386,2.0973612374886264,0.5766041194884569
congressional-voting,rf,Optuna_Auto,3,GWO,84,36,2,0.1750337823513386,2.0973612374886264,0.5766041194884569
congressional-voting,rf,Optuna_Auto,4,PSO,97,31,2,0.1750337823513386,2.0973612374886264,0.5766041194884569
congressional-voting,rf,Optuna_Auto,5,GWO,76,78,2,0.1750337823513386,2.0973612374886264,0.5766041194884569
congressional-voting,rf,Optuna_Auto,6,WOA,49,42,2,0.1750337823513386,2.0973612374886264,0.5766041194884569
congressional-voting,rf,Optuna_Auto,7,GWO,50,94,2,0.1750337823513386,2.0973612374886264,0.5766041194884569
congressional-voting,rf,Optuna_Auto,8,GA,84,43,2,0.1750337823513386,2.0973612374886264,0.5766041194884569
congressional-voting,rf,Optuna_Auto,9,PSO,40,62,2,0.1750337823513386,2.0973612374886264,0.5766041194884569
congressional-voting,rf,Optuna_Auto,10,PSO,11,12,2,0.1750337823513386,2.0973612374886264,0.5766041194884569
congressional-voting,rf,Optuna_Auto,11,WOA,14,71,2,0.1750337823513386,2.0973612374886264,0.5766041194884569
congressional-voting,rf,Optuna_Auto,13,PSO,31,81,2,0.1750337823513386,2.0973612374886264,0.5766041194884569
congressional-voting,rf,Optuna_Auto,14,WOA,25,70,2,0.1750337823513386,2.0973612374886264,0.5766041194884569
congressional-voting,rf,Optuna_Auto,15,PSO,56,58,2,0.1750337823513386,2.0973612374886264,0.5766041194884569
congressional-voting,rf,Optuna_Auto,16,WOA,18,90,2,0.1750337823513386,2.0973612374886264,0.5766041194884569
congressional-voting,rf,Optuna_Auto,17,GA,38,82,2,0.1750337823513386,2.0973612374886264,0.5766041194884569
congressional-voting,rf,Optuna_Auto,18,PSO,37,56,2,0.1750337823513386,2.0973612374886264,0.5766041194884569
congressional-voting,rf,Optuna_Auto,19,WOA,21,100,2,0.1750337823513386,2.0973612374886264,0.5766041194884569
congressional-voting,rf,Optuna_Auto,20,WOA,60,71,2,0.1750337823513386,2.0973612374886264,0.5766041194884569
congressional-voting,rf,Optuna_Auto,21,WOA,69,88,2,0.1750337823513386,2.0973612374886264,0.5766041194884569
congressional-voting,rf,Optuna_Auto,22,WOA,99,87,2,0.1750337823513386,2.0973612374886264,0.5766041194884569
congressional-voting,rf,Optuna_Auto,23,WOA,10,79,2,0.1750337823513386,2.0973612374886264,0.5766041194884569
congressional-voting,rf,Optuna_Auto,24,WOA,68,91,2,0.1750337823513386,2.0973612374886264,0.5766041194884569
congressional-voting,rf,Optuna_Auto,25,PSO,45,67,2,0.1750337823513386,2.0973612374886264,0.5766041194884569
congressional-voting,rf,Optuna_Auto,26,GWO,33,76,2,0.1750337823513386,2.0973612374886264,0.5766041194884569
congressional-voting,rf,Optuna_Auto,27,GA,20,95,2,0.1750337823513386,2.0973612374886264,0.5766041194884569
congressional-voting,rf,Optuna_Auto,28,WOA,88,85,2,0.1750337823513386,2.0973612374886264,0.5766041194884569
congressional-voting,rf,Optuna_Auto,29,GWO,74,95,2,0.1750337823513386,2.0973612374886264,0.5766041194884569
congressional-voting,svm,Optuna_Auto,0,WOA,79,63,3,0.12361403436861718,2.137931034482759,0.5605363681345747
congressional-voting,svm,Optuna_Auto,1,GWO,47,14,3,0.12361403436861718,2.137931034482759,0.5605363681345747
congressional-voting,svm,Optuna_Auto,2,WOA,49,36,3,0.12361403436861718,2.137931034482759,0.5605363681345747
congressional-voting,svm,Optuna_Auto,4,WOA,97,39,3,0.12361403436861718,2.137931034482759,0.5605363681345747
congressional-voting,svm,Optuna_Auto,5,PSO,99,91,3,0.12361403436861718,2.137931034482759,0.5605363681345747
congressional-voting,svm,Optuna_Auto,6,GWO,79,52,3,0.12361403436861718,2.137931034482759,0.5605363681345747
congressional-voting,svm,Optuna_Auto,7,GA,54,17,3,0.12361403436861718,2.137931034482759,0.5605363681345747
congressional-voting,svm,Optuna_Auto,8,GA,72,66,3,0.12361403436861718,2.137931034482759,0.5605363681345747
congressional-voting,svm,Optuna_Auto,9,GWO,11,62,2,0.18523202620619147,2.0038910505836576,0.587409739343176
congressional-voting,svm,Optuna_Auto,10,GWO,10,100,3,0.12361403436861718,2.137931034482759,0.5605363681345747
congressional-voting,svm,Optuna_Auto,11,WOA,30,72,3,0.12361403436861718,2.137931034482759,0.5605363681345747
congressional-voting,svm,Optuna_Auto,12,PSO,29,73,3,0.12361403436861718,2.137931034482759,0.5605363681345747
congressional-voting,svm,Optuna_Auto,13,WOA,68,57,3,0.12361403436861718,2.137931034482759,0.5605363681345747
congressional-voting,svm,Optuna_Auto,14,GWO,28,79,3,0.12361403436861718,2.137931034482759,0.5605363681345747
congressional-voting,svm,Optuna_Auto,15,WOA,85,46,3,0.12361403436861718,2.137931034482759,0.5605363681345747
congressional-voting,svm,Optuna_Auto,16,GWO,58,59,3,0.12361403436861718,2.137931034482759,0.5605363681345747
congressional-voting,svm,Optuna_Auto,17,PSO,39,84,3,0.12361403436861718,2.137931034482759,0.5605363681345747
congressional-voting,svm,Optuna_Auto,18,WOA,21,64,2,0.18523202620619147,2.0038910505836576,0.587409739343176
congressional-voting,svm,Optuna_Auto,19,GWO,20,31,3,0.12361403436861718,2.137931034482759,0.5605363681345747
congressional-voting,svm,Optuna_Auto,20,WOA,20,47,3,0.12361403436861718,2.137931034482759,0.5605363681345747
congressional-voting,svm,Optuna_Auto,21,WOA,19,66,3,0.12361403436861718,2.137931034482759,0.5605363681345747
congressional-voting,svm,Optuna_Auto,22,WOA,38,62,3,0.12361403436861718,2.137931034482759,0.5605363681345747
congressional-voting,svm,Optuna_Auto,23,WOA,65,74,3,0.12361403436861718,2.137931034482759,0.5605363681345747
congressional-voting,svm,Optuna_Auto,24,WOA,40,50,3,0.12361403436861718,2.137931034482759,0.5605363681345747
congressional-voting,svm,Optuna_Auto,25,GWO,88,85,3,0.12361403436861718,2.137931034482759,0.5605363681345747
congressional-voting,svm,Optuna_Auto,26,PSO,14,66,3,0.12361403436861718,2.137931034482759,0.5605363681345747
congressional-voting,svm,Optuna_Auto,27,GA,26,54,3,0.12361403436861718,2.137931034482759,0.5605363681345747
congressional-voting,svm,Optuna_Auto,28,WOA,33,42,3,0.12361403436861718,2.137931034482759,0.5605363681345747
congressional-voting,svm,Optuna_Auto,29,GWO,59,31,3,0.12361403436861718,2.137931034482759,0.5605363681345747
congressional-voting,xgb,Optuna_Auto,0,WOA,39,27,2,0.1642744441799629,1.8533724340175952,0.652244337102568
congressional-voting,xgb,Optuna_Auto,1,PSO,50,45,4,0.06476012658225885,1.8912909203211858,0.6221258124748466
congressional-voting,xgb,Optuna_Auto,2,GA,16,88,2,0.1642744441799629,1.8533724340175952,0.652244337102568
congressional-voting,xgb,Optuna_Auto,3,GWO,64,21,2,0.1642744441799629,1.8533724340175952,0.652244337102568
congressional-voting,xgb,Optuna_Auto,4,WOA,54,12,4,0.06476012658225885,1.8912909203211858,0.6221258124748467
congressional-voting,xgb,Optuna_Auto,5,GWO,60,82,4,0.06476012658225885,1.8912909203211858,0.6221258124748466
congressional-voting,xgb,Optuna_Auto,6,PSO,67,80,4,0.06476012658225885,1.8912909203211858,0.6221258124748466
congressional-voting,xgb,Optuna_Auto,7,WOA,22,30,2,0.1642744441799629,1.8533724340175952,0.652244337102568
congressional-voting,xgb,Optuna_Auto,8,WOA,47,52,4,0.06476012658225885,1.8912909203211858,0.6221258124748467
congressional-voting,xgb,Optuna_Auto,9,GWO,98,77,2,0.1642744441799629,1.8533724340175952,0.652244337102568
congressional-voting,xgb,Optuna_Auto,11,GA,10,98,2,0.1642744441799629,1.8533724340175952,0.652244337102568
congressional-voting,xgb,Optuna_Auto,12,GA,32,97,4,0.06476012658225885,1.8912909203211858,0.6221258124748466
congressional-voting,xgb,Optuna_Auto,13,WOA,33,34,2,0.1642744441799629,1.8533724340175952,0.652244337102568
congressional-voting,xgb,Optuna_Auto,14,GA,12,70,2,0.1642744441799629,1.8533724340175952,0.652244337102568
congressional-voting,xgb,Optuna_Auto,16,WOA,77,64,4,0.06476012658225885,1.8912909203211858,0.6221258124748466
congressional-voting,xgb,Optuna_Auto,17,PSO,42,14,2,0.1642744441799629,1.8533724340175952,0.652244337102568
congressional-voting,xgb,Optuna_Auto,18,GA,22,89,4,0.06476012658225885,1.8912909203211858,0.6221258124748466
congressional-voting,xgb,Optuna_Auto,19,WOA,21,30,2,0.1642744441799629,1.8533724340175952,0.652244337102568
congressional-voting,xgb,Optuna_Auto,20,WOA,42,53,2,0.1642744441799629,1.8533724340175952,0.652244337102568
congressional-voting,xgb,Optuna_Auto,21,GWO,78,24,2,0.1642744441799629,1.8533724340175952,0.652244337102568
congressional-voting,xgb,Optuna_Auto,22,GWO,73,17,2,0.1642744441799629,1.8533724340175952,0.652244337102568
congressional-voting,xgb,Optuna_Auto,23,GWO,89,22,4,0.06476012658225885,1.8912909203211858,0.6221258124748467
congressional-voting,xgb,Optuna_Auto,24,GWO,60,40,2,0.1642744441799629,1.8533724340175952,0.652244337102568
congressional-voting,xgb,Optuna_Auto,25,GWO,16,21,2,0.05545042061512244,1.2678607913914055,0.7821606214800092
congressional-voting,xgb,Optuna_Auto,26,GA,38,51,2,0.1642744441799629,1.8533724340175952,0.652244337102568
congressional-voting,xgb,Optuna_Auto,27,PSO,27,37,2,0.1642744441799629,1.8533724340175952,0.652244337102568
congressional-voting,xgb,Optuna_Auto,28,GA,86,28,4,0.06476012658225885,1.8912909203211858,0.6221258124748466
congressional-voting,xgb,Optuna_Auto,29,PSO,54,46,4,0.06476012658225885,1.8912909203211858,0.6221258124748466
cylinder-bands,rf,Optuna_Auto,0,GWO,95,45,2,0.08547899291312644,1.3840294374030429,0.8162835199820626
cylinder-bands,rf,Optuna_Auto,1,GWO,40,25,2,0.08547899291312644,1.3840294374030429,0.8162835199820626
cylinder-bands,rf,Optuna_Auto,2,PSO,75,17,2,0.08547899291312644,1.3840294374030429,0.8162835199820626
cylinder-bands,rf,Optuna_Auto,3,GWO,81,60,2,0.08547899291312644,1.3840294374030429,0.8162835199820626
cylinder-bands,rf,Optuna_Auto,4,GA,82,81,2,0.08547899291312644,1.3840294374030429,0.8162835199820626
cylinder-bands,rf,Optuna_Auto,5,GA,100,46,2,0.08547899291312644,1.3840294374030429,0.8162835199820626
cylinder-bands,rf,Optuna_Auto,6,PSO,17,93,2,0.08547899291312644,1.3840294374030429,0.8162835199820626
cylinder-bands,rf,Optuna_Auto,8,GWO,64,31,2,0.08547899291312644,1.3840294374030429,0.8162835199820626
cylinder-bands,rf,Optuna_Auto,9,GWO,81,46,2,0.08547899291312644,1.3840294374030429,0.8162835199820626
cylinder-bands,rf,Optuna_Auto,10,WOA,48,72,2,0.08547899291312644,1.3840294374030429,0.8162835199820626
cylinder-bands,rf,Optuna_Auto,11,GWO,43,12,2,0.08547899291312644,1.3840294374030429,0.8162835199820626
cylinder-bands,rf,Optuna_Auto,12,GWO,39,44,2,0.08547899291312644,1.3840294374030429,0.8162835199820626
cylinder-bands,rf,Optuna_Auto,13,WOA,99,30,2,0.08547899291312644,1.3840294374030429,0.8162835199820626
cylinder-bands,rf,Optuna_Auto,14,GWO,59,60,2,0.08547899291312644,1.3840294374030429,0.8162835199820626
cylinder-bands,rf,Optuna_Auto,15,GWO,28,38,2,0.08547899291312644,1.3840294374030429,0.8162835199820626
cylinder-bands,rf,Optuna_Auto,16,GWO,58,55,2,0.08547899291312644,1.3840294374030429,0.8162835199820626
cylinder-bands,rf,Optuna_Auto,17,PSO,10,19,2,0.08547899291312644,1.3840294374030429,0.8162835199820626
cylinder-bands,rf,Optuna_Auto,18,WOA,31,22,2,0.08547899291312644,1.3840294374030429,0.8162835199820626
cylinder-bands,rf,Optuna_Auto,19,GWO,70,69,2,0.08547899291312644,1.3840294374030429,0.8162835199820626
cylinder-bands,rf,Optuna_Auto,20,GWO,91,40,2,0.08547899291312644,1.3840294374030429,0.8162835199820626
cylinder-bands,rf,Optuna_Auto,21,PSO,71,14,2,0.08547899291312644,1.3840294374030429,0.8162835199820626
cylinder-bands,rf,Optuna_Auto,22,PSO,87,21,2,0.08547899291312644,1.3840294374030429,0.8162835199820626
cylinder-bands,rf,Optuna_Auto,23,PSO,51,11,2,0.08547899291312644,1.3840294374030429,0.8162835199820626
cylinder-bands,rf,Optuna_Auto,24,PSO,73,35,2,0.08547899291312644,1.3840294374030429,0.8162835199820626
cylinder-bands,rf,Optuna_Auto,25,PSO,94,25,2,0.08547899291312644,1.3840294374030429,0.8162835199820626
cylinder-bands,rf,Optuna_Auto,27,WOA,76,35,2,0.08547899291312644,1.3840294374030429,0.8162835199820626
cylinder-bands,rf,Optuna_Auto,28,GWO,35,18,2,0.08547899291312644,1.3840294374030429,0.8162835199820626
cylinder-bands,rf,Optuna_Auto,29,GWO,62,62,2,0.08547899291312644,1.3840294374030429,0.8162835199820626
cylinder-bands,svm,Optuna_Auto,1,GA,50,12,2,0.12123091344644439,1.582879858784874,0.7693106945318331
cylinder-bands,svm,Optuna_Auto,2,GWO,86,71,3,0.10070729834909106,1.594192506286097,0.7677720350202287
cylinder-bands,svm,Optuna_Auto,3,WOA,76,99,3,0.10070729834909106,1.5941925062860973,0.7677720350202287
cylinder-bands,svm,Optuna_Auto,4,PSO,79,57,3,0.10070729834909106,1.5941925062860973,0.7677720350202287
cylinder-bands,svm,Optuna_Auto,5,PSO,69,94,3,0.10070729834909106,1.594192506286097,0.7677720350202287
cylinder-bands,svm,Optuna_Auto,6,WOA,69,51,2,0.12123091344644439,1.582879858784874,0.7693106945318331
cylinder-bands,svm,Optuna_Auto,7,PSO,92,31,3,0.10070729834909106,1.5941925062860973,0.7677720350202287
cylinder-bands,svm,Optuna_Auto,9,PSO,24,80,2,0.12123091344644439,1.582879858784874,0.7693106945318331
cylinder-bands,svm,Optuna_Auto,10,GA,18,13,2,0.12123091344644439,1.582879858784874,0.7693106945318331
cylinder-bands,svm,Optuna_Auto,11,WOA,56,48,2,0.12123091344644439,1.582879858784874,0.7693106945318331
cylinder-bands,svm,Optuna_Auto,12,WOA,36,12,2,0.12123091344644439,1.582879858784874,0.7693106945318331
cylinder-bands,svm,Optuna_Auto,13,GWO,64,43,3,0.10070729834909106,1.594192506286097,0.7677720350202287
cylinder-bands,svm,Optuna_Auto,14,WOA,34,27,2,0.12123091344644439,1.582879858784874,0.7693106945318331
cylinder-bands,svm,Optuna_Auto,15,GA,58,63,2,0.12123091344644439,1.582879858784874,0.7693106945318331
cylinder-bands,svm,Optuna_Auto,16,WOA,99,42,2,0.12123091344644439,1.582879858784874,0.7693106945318331
cylinder-bands,svm,Optuna_Auto,17,GA,44,76,3,0.10070729834909106,1.5941925062860973,0.7677720350202287
cylinder-bands,svm,Optuna_Auto,18,GWO,10,21,2,0.09216352467325863,1.4270006851458767,0.8098121044080355
cylinder-bands,svm,Optuna_Auto,19,WOA,69,57,3,0.10070729834909106,1.594192506286097,0.7677720350202287
cylinder-bands,svm,Optuna_Auto,21,PSO,26,77,2,0.12123091344644439,1.582879858784874,0.7693106945318331
cylinder-bands,svm,Optuna_Auto,22,PSO,26,88,2,0.12123091344644439,1.582879858784874,0.7693106945318331
cylinder-bands,svm,Optuna_Auto,23,PSO,37,84,2,0.12123091344644439,1.582879858784874,0.7693106945318331
cylinder-bands,svm,Optuna_Auto,24,PSO,62,66,3,0.10070729834909106,1.5941925062860973,0.7677720350202287
cylinder-bands,svm,Optuna_Auto,26,WOA,11,22,2,0.12123091344644439,1.582879858784874,0.7693106945318331
cylinder-bands,svm,Optuna_Auto,27,GWO,75,39,3,0.10070729834909106,1.594192506286097,0.7677720350202287
cylinder-bands,svm,Optuna_Auto,29,PSO,43,84,3,0.10070729834909106,1.5941925062860973,0.7677720350202287
cylinder-bands,xgb,Optuna_Auto,0,PSO,52,99,2,0.09743450380876914,1.4460782143847462,0.7979041205074626
cylinder-bands,xgb,Optuna_Auto,1,WOA,27,31,3,0.07656897746871986,1.453811256617669,0.79631119134054
cylinder-bands,xgb,Optuna_Auto,2,WOA,81,48,2,0.09743450380876914,1.4460782143847462,0.7979041205074626
cylinder-bands,xgb,Optuna_Auto,3,PSO,17,65,2,0.09743450380876914,1.4460782143847462,0.7979041205074626
cylinder-bands,xgb,Optuna_Auto,4,PSO,18,61,2,0.09743450380876914,1.4460782143847462,0.7979041205074626
cylinder-bands,xgb,Optuna_Auto,5,GWO,23,62,2,0.09743450380876914,1.4460782143847462,0.7979041205074626
cylinder-bands,xgb,Optuna_Auto,6,WOA,89,53,2,0.09743450380876914,1.4460782143847462,0.7979041205074626
cylinder-bands,xgb,Optuna_Auto,7,GWO,37,83,3,0.07656897746871986,1.453811256617669,0.79631119134054
cylinder-bands,xgb,Optuna_Auto,9,GWO,11,10,2,0.08981191036687244,1.4115728747092053,0.8072382250454972
cylinder-bands,xgb,Optuna_Auto,10,PSO,57,99,3,0.07656897746871986,1.4538112566176689,0.7963111913405397
cylinder-bands,xgb,Optuna_Auto,11,WOA,76,100,2,0.09743450380876914,1.4460782143847462,0.7979041205074626
cylinder-bands,xgb,Optuna_Auto,12,GA,60,37,3,0.07656897746871986,1.453811256617669,0.79631119134054
cylinder-bands,xgb,Optuna_Auto,13,WOA,97,81,3,0.07656897746871986,1.4538112566176689,0.7963111913405397
cylinder-bands,xgb,Optuna_Auto,14,PSO,51,22,2,0.09743450380876914,1.4460782143847462,0.7979041205074626
cylinder-bands,xgb,Optuna_Auto,15,WOA,73,79,2,0.09743450380876914,1.4460782143847462,0.7979041205074626
cylinder-bands,xgb,Optuna_Auto,16,PSO,42,45,3,0.07656897746871986,1.453811256617669,0.79631119134054
cylinder-bands,xgb,Optuna_Auto,17,GA,78,75,3,0.07656897746871986,1.4538112566176689,0.7963111913405397
cylinder-bands,xgb,Optuna_Auto,18,WOA,65,91,3,0.07656897746871986,1.453811256617669,0.79631119134054
cylinder-bands,xgb,Optuna_Auto,19,PSO,85,11,3,0.07656897746871986,1.453811256617669,0.79631119134054
cylinder-bands,xgb,Optuna_Auto,20,PSO,99,29,3,0.07656897746871986,1.4538112566176689,0.7963111913405397
cylinder-bands,xgb,Optuna_Auto,21,PSO,36,70,2,0.09743450380876914,1.4460782143847462,0.7979041205074626
cylinder-bands,xgb,Optuna_Auto,22,PSO,47,42,3,0.07656897746871986,1.453811256617669,0.79631119134054
cylinder-bands,xgb,Optuna_Auto,23,PSO,67,49,2,0.09743450380876914,1.4460782143847462,0.7979041205074626
cylinder-bands,xgb,Optuna_Auto,24,PSO,29,66,2,0.09743450380876914,1.4460782143847462,0.7979041205074626
cylinder-bands,xgb,Optuna_Auto,25,WOA,51,91,2,0.09743450380876914,1.4460782143847462,0.7979041205074626
cylinder-bands,xgb,Optuna_Auto,27,GWO,92,90,3,0.07656897746871986,1.453811256617669,0.79631119134054
cylinder-bands,xgb,Optuna_Auto,28,PSO,65,69,3,0.07656897746871986,1.4538112566176689,0.7963111913405397
cylinder-bands,xgb,Optuna_Auto,29,WOA,25,35,2,0.09743450380876914,1.4460782143847462,0.7979041205074626
