dataset,classifier,method,seed,pop_size,iterations,num_clusters,silhouette,calinski_harabasz,davies_bouldin
diabetes,rf,AffinityPropagation,0,,,9,0.12712785493899958,8.512324486442981,1.1952527370713821
diabetes,rf,AffinityPropagation,7,,,9,0.12712785493899958,8.512324486442983,1.1952527370713821
diabetes,rf,AffinityPropagation,42,,,9,0.12712785493899958,8.512324486442983,1.1952527370713821
diabetes,rf,AffinityPropagation,99,,,9,0.12712785493899958,8.512324486442983,1.1952527370713821
diabetes,rf,AffinityPropagation,123,,,9,0.12712785493899958,8.512324486442981,1.1952527370713821
diabetes,rf,AffinityPropagation,256,,,9,0.12712785493899958,8.512324486442983,1.1952527370713821
diabetes,rf,AffinityPropagation,512,,,9,0.12712785493899958,8.512324486442983,1.1952527370713821
diabetes,rf,AffinityPropagation,777,,,9,0.12712785493899958,8.512324486442981,1.1952527370713821
diabetes,rf,AffinityPropagation,1000,,,9,0.12712785493899958,8.512324486442981,1.1952527370713821
diabetes,rf,AffinityPropagation,2024,,,9,0.12712785493899958,8.512324486442983,1.1952527370713821
diabetes,rf,Meta_GWO,0,20.0,30.0,9,0.39230792901016465,4.527682671606711,0.442282219699346
diabetes,rf,Meta_PSO,0,20.0,30.0,9,0.26063623700567407,3.89098257644884,0.5047974632207689
diabetes,rf,Meta_WOA,0,20.0,30.0,9,0.27299468397235843,2.9765284424466185,0.5429902643079032
diabetes,rf,Meta_GWO,7,20.0,30.0,9,0.39230792901016465,4.527682671606711,0.442282219699346
diabetes,rf,Meta_PSO,7,20.0,30.0,9,0.24567305489279218,3.728625543642565,0.5085994301961131
diabetes,rf,Meta_WOA,7,20.0,30.0,9,0.39230792901016465,4.527682671606711,0.442282219699346
diabetes,rf,Meta_GWO,42,20.0,30.0,9,0.39230792901016465,4.527682671606711,0.442282219699346
diabetes,rf,Meta_PSO,42,20.0,30.0,9,0.39230792901016465,4.527682671606711,0.442282219699346
diabetes,rf,Meta_WOA,42,20.0,30.0,9,0.39230792901016465,4.527682671606711,0.442282219699346
diabetes,rf,Meta_GWO,99,20.0,30.0,9,0.39230792901016465,4.527682671606711,0.442282219699346
diabetes,rf,Meta_PSO,99,20.0,30.0,9,0.26063623700567407,3.89098257644884,0.5047974632207689
diabetes,rf,Meta_WOA,99,20.0,30.0,9,0.39230792901016465,4.527682671606711,0.442282219699346
diabetes,rf,Meta_GWO,123,20.0,30.0,9,-0.0934324943650029,2.244443100037836,0.7171087186568418
diabetes,rf,Meta_PSO,123,20.0,30.0,9,0.39230792901016465,4.527682671606711,0.442282219699346
diabetes,rf,Meta_WOA,123,20.0,30.0,9,0.39230792901016465,4.527682671606711,0.442282219699346
diabetes,rf,Meta_GWO,256,20.0,30.0,9,0.39230792901016465,4.527682671606711,0.442282219699346
diabetes,rf,Meta_PSO,256,20.0,30.0,9,0.39230792901016465,4.527682671606711,0.442282219699346
diabetes,rf,Meta_WOA,256,20.0,30.0,9,0.39230792901016465,4.527682671606711,0.442282219699346
diabetes,rf,Meta_GWO,512,20.0,30.0,9,0.24567305489279218,3.7286255436425644,0.5085994301961132
diabetes,rf,Meta_PSO,512,20.0,30.0,9,0.27656923747791995,2.726174459747252,0.5660816880267141
diabetes,rf,Meta_WOA,512,20.0,30.0,9,0.27656923747791995,2.726174459747252,0.5660816880267141
diabetes,rf,Meta_GWO,777,20.0,30.0,9,0.27656923747791995,2.726174459747252,0.5660816880267141
diabetes,rf,Meta_PSO,777,20.0,30.0,9,0.14823349351192075,3.4482551302965465,0.5493784312626948
diabetes,rf,Meta_WOA,777,20.0,30.0,9,0.27299468397235843,2.9765284424466185,0.5429902643079032
diabetes,rf,Meta_GWO,1000,20.0,30.0,9,0.39230792901016465,4.527682671606711,0.442282219699346
diabetes,rf,Meta_PSO,1000,20.0,30.0,9,0.39230792901016465,4.527682671606711,0.442282219699346
diabetes,rf,Meta_WOA,1000,20.0,30.0,9,0.26063623700567407,3.89098257644884,0.5047974632207689
diabetes,rf,Meta_GWO,2024,20.0,30.0,9,0.39230792901016465,4.527682671606711,0.442282219699346
diabetes,rf,Meta_PSO,2024,20.0,30.0,9,0.07867005609366409,3.3359361702434596,0.7788584330472375
diabetes,rf,Meta_WOA,2024,20.0,30.0,9,0.39230792901016465,4.527682671606711,0.442282219699346
diabetes,rf,Meta_GWO,0,20.0,50.0,9,0.39230792901016465,4.527682671606711,0.442282219699346
diabetes,rf,Meta_PSO,0,20.0,50.0,9,0.24567305489279218,3.728625543642565,0.5085994301961131
diabetes,rf,Meta_WOA,0,20.0,50.0,9,0.39230792901016465,4.527682671606711,0.442282219699346
diabetes,rf,Meta_GWO,7,20.0,50.0,9,0.39230792901016465,4.527682671606711,0.442282219699346
diabetes,rf,Meta_PSO,7,20.0,50.0,9,0.39230792901016465,4.527682671606711,0.442282219699346
diabetes,rf,Meta_WOA,7,20.0,50.0,9,0.39230792901016465,4.527682671606711,0.442282219699346
diabetes,rf,Meta_GWO,42,20.0,50.0,9,0.39230792901016465,4.527682671606711,0.442282219699346
diabetes,rf,Meta_PSO,42,20.0,50.0,9,0.39230792901016465,4.527682671606711,0.442282219699346
diabetes,rf,Meta_WOA,42,20.0,50.0,9,0.39230792901016465,4.527682671606711,0.442282219699346
diabetes,rf,Meta_GWO,99,20.0,50.0,9,0.39230792901016465,4.527682671606711,0.442282219699346
diabetes,rf,Meta_PSO,99,20.0,50.0,9,0.39230792901016465,4.527682671606711,0.442282219699346
diabetes,rf,Meta_WOA,99,20.0,50.0,9,0.39230792901016465,4.527682671606711,0.442282219699346
diabetes,rf,Meta_GWO,123,20.0,50.0,9,0.39230792901016465,4.527682671606711,0.442282219699346
diabetes,rf,Meta_PSO,123,20.0,50.0,9,0.39230792901016465,4.527682671606711,0.442282219699346
diabetes,rf,Meta_WOA,123,20.0,50.0,9,0.27299468397235843,2.9765284424466185,0.5429902643079033
diabetes,rf,Meta_GWO,256,20.0,50.0,9,0.39230792901016465,4.527682671606711,0.442282219699346
diabetes,rf,Meta_PSO,256,20.0,50.0,9,0.005654918428478929,2.7433610218868147,0.6342158717612316
diabetes,rf,Meta_WOA,256,20.0,50.0,9,0.39230792901016465,4.527682671606711,0.442282219699346
diabetes,rf,Meta_GWO,512,20.0,50.0,9,0.39230792901016465,4.527682671606711,0.442282219699346
diabetes,rf,Meta_PSO,512,20.0,50.0,9,0.39230792901016465,4.527682671606711,0.442282219699346
diabetes,rf,Meta_WOA,512,20.0,50.0,9,0.39230792901016465,4.527682671606711,0.442282219699346
diabetes,rf,Meta_GWO,777,20.0,50.0,9,0.39230792901016465,4.527682671606711,0.442282219699346
diabetes,rf,Meta_PSO,777,20.0,50.0,9,0.39230792901016465,4.527682671606711,0.442282219699346
diabetes,rf,Meta_WOA,777,20.0,50.0,9,0.2948559433753543,2.922167496486551,0.5470722254862619
diabetes,rf,Meta_GWO,1000,20.0,50.0,9,0.39230792901016465,4.527682671606711,0.442282219699346
diabetes,rf,Meta_PSO,1000,20.0,50.0,9,0.39230792901016465,4.527682671606711,0.442282219699346
diabetes,rf,Meta_WOA,1000,20.0,50.0,9,0.39230792901016465,4.527682671606711,0.442282219699346
diabetes,rf,Meta_GWO,2024,20.0,50.0,9,0.39230792901016465,4.527682671606711,0.442282219699346
diabetes,rf,Meta_PSO,2024,20.0,50.0,9,0.39230792901016465,4.527682671606711,0.442282219699346
diabetes,rf,Meta_WOA,2024,20.0,50.0,9,0.39230792901016465,4.527682671606711,0.442282219699346
diabetes,rf,Meta_GWO,0,50.0,30.0,9,0.39230792901016465,4.527682671606711,0.442282219699346
diabetes,rf,Meta_PSO,0,50.0,30.0,9,0.39230792901016465,4.527682671606711,0.442282219699346
diabetes,rf,Meta_WOA,0,50.0,30.0,9,0.39230792901016465,4.527682671606711,0.442282219699346
diabetes,rf,Meta_GWO,7,50.0,30.0,9,0.39230792901016465,4.527682671606711,0.442282219699346
diabetes,rf,Meta_PSO,7,50.0,30.0,9,0.39230792901016465,4.527682671606711,0.442282219699346
diabetes,rf,Meta_WOA,7,50.0,30.0,9,0.26063623700567407,3.89098257644884,0.5047974632207689
diabetes,rf,Meta_GWO,42,50.0,30.0,9,0.39230792901016465,4.527682671606711,0.442282219699346
diabetes,rf,Meta_PSO,42,50.0,30.0,9,0.39230792901016465,4.527682671606711,0.442282219699346
diabetes,rf,Meta_WOA,42,50.0,30.0,9,0.39230792901016465,4.527682671606711,0.442282219699346
diabetes,rf,Meta_GWO,99,50.0,30.0,9,0.39230792901016465,4.527682671606711,0.442282219699346
diabetes,rf,Meta_PSO,99,50.0,30.0,9,0.39230792901016465,4.527682671606711,0.442282219699346
diabetes,rf,Meta_WOA,99,50.0,30.0,9,0.39230792901016465,4.527682671606711,0.442282219699346
diabetes,rf,Meta_GWO,123,50.0,30.0,9,0.39230792901016465,4.527682671606711,0.442282219699346
diabetes,rf,Meta_PSO,123,50.0,30.0,9,0.39230792901016465,4.527682671606711,0.442282219699346
diabetes,rf,Meta_WOA,123,50.0,30.0,9,0.39230792901016465,4.527682671606711,0.442282219699346
diabetes,rf,Meta_GWO,256,50.0,30.0,9,0.39230792901016465,4.527682671606711,0.442282219699346
diabetes,rf,Meta_PSO,256,50.0,30.0,9,0.39230792901016465,4.527682671606711,0.442282219699346
diabetes,rf,Meta_WOA,256,50.0,30.0,9,0.27299468397235843,2.9765284424466185,0.5429902643079032
diabetes,rf,Meta_GWO,512,50.0,30.0,9,0.2320441782656773,4.197340106360533,0.7703068339838345
diabetes,rf,Meta_PSO,512,50.0,30.0,9,0.39230792901016465,4.527682671606711,0.442282219699346
diabetes,rf,Meta_WOA,512,50.0,30.0,9,0.21360370800186979,3.669721629569086,0.5307526716218071
diabetes,rf,Meta_GWO,777,50.0,30.0,9,0.39230792901016465,4.527682671606711,0.442282219699346
diabetes,rf,Meta_PSO,777,50.0,30.0,9,0.39230792901016465,4.527682671606711,0.442282219699346
diabetes,rf,Meta_WOA,777,50.0,30.0,9,0.39230792901016465,4.527682671606711,0.442282219699346
diabetes,rf,Meta_GWO,1000,50.0,30.0,9,0.39230792901016465,4.527682671606711,0.442282219699346
diabetes,rf,Meta_PSO,1000,50.0,30.0,9,0.39230792901016465,4.527682671606711,0.442282219699346
diabetes,rf,Meta_WOA,1000,50.0,30.0,9,0.39230792901016465,4.527682671606711,0.442282219699346
diabetes,rf,Meta_GWO,2024,50.0,30.0,9,0.39230792901016465,4.527682671606711,0.442282219699346
diabetes,rf,Meta_PSO,2024,50.0,30.0,9,0.39230792901016465,4.527682671606711,0.442282219699346
diabetes,rf,Meta_WOA,2024,50.0,30.0,9,0.39230792901016465,4.527682671606711,0.442282219699346
diabetes,rf,Meta_GWO,0,50.0,50.0,9,0.39230792901016465,4.527682671606711,0.442282219699346
diabetes,rf,Meta_PSO,0,50.0,50.0,9,0.39230792901016465,4.527682671606711,0.442282219699346
diabetes,rf,Meta_WOA,0,50.0,50.0,9,0.39230792901016465,4.527682671606711,0.442282219699346
diabetes,rf,Meta_GWO,7,50.0,50.0,9,0.39230792901016465,4.527682671606711,0.442282219699346
diabetes,rf,Meta_PSO,7,50.0,50.0,9,0.39230792901016465,4.527682671606711,0.442282219699346
diabetes,rf,Meta_WOA,7,50.0,50.0,9,0.39230792901016465,4.527682671606711,0.442282219699346
diabetes,rf,Meta_GWO,42,50.0,50.0,9,0.39230792901016465,4.527682671606711,0.442282219699346
diabetes,rf,Meta_PSO,42,50.0,50.0,9,0.39230792901016465,4.527682671606711,0.442282219699346
diabetes,rf,Meta_WOA,42,50.0,50.0,9,0.39230792901016465,4.527682671606711,0.442282219699346
diabetes,rf,Meta_GWO,99,50.0,50.0,9,0.2948559433753543,2.922167496486551,0.5470722254862619
diabetes,rf,Meta_PSO,99,50.0,50.0,9,0.26063623700567407,3.89098257644884,0.5047974632207689
diabetes,rf,Meta_WOA,99,50.0,50.0,9,0.39230792901016465,4.527682671606711,0.442282219699346
diabetes,rf,Meta_GWO,123,50.0,50.0,9,0.39230792901016465,4.527682671606711,0.442282219699346
diabetes,rf,Meta_PSO,123,50.0,50.0,9,0.39230792901016465,4.527682671606711,0.442282219699346
diabetes,rf,Meta_WOA,123,50.0,50.0,9,0.39230792901016465,4.527682671606711,0.442282219699346
diabetes,rf,Meta_GWO,256,50.0,50.0,9,0.39230792901016465,4.527682671606711,0.442282219699346
diabetes,rf,Meta_PSO,256,50.0,50.0,9,0.39230792901016465,4.527682671606711,0.442282219699346
diabetes,rf,Meta_WOA,256,50.0,50.0,9,0.39230792901016465,4.527682671606711,0.442282219699346
diabetes,rf,Meta_GWO,512,50.0,50.0,9,0.39230792901016465,4.527682671606711,0.442282219699346
diabetes,rf,Meta_PSO,512,50.0,50.0,9,0.39230792901016465,4.527682671606711,0.442282219699346
diabetes,rf,Meta_WOA,512,50.0,50.0,9,0.39230792901016465,4.527682671606711,0.442282219699346
diabetes,rf,Meta_GWO,777,50.0,50.0,9,0.39230792901016465,4.527682671606711,0.442282219699346
diabetes,rf,Meta_PSO,777,50.0,50.0,9,0.39230792901016465,4.527682671606711,0.442282219699346
diabetes,rf,Meta_WOA,777,50.0,50.0,9,0.39230792901016465,4.527682671606711,0.442282219699346
diabetes,rf,Meta_GWO,1000,50.0,50.0,9,0.39230792901016465,4.527682671606711,0.442282219699346
diabetes,rf,Meta_PSO,1000,50.0,50.0,9,0.39230792901016465,4.527682671606711,0.442282219699346
diabetes,rf,Meta_WOA,1000,50.0,50.0,9,0.39230792901016465,4.527682671606711,0.442282219699346
diabetes,rf,Meta_GWO,2024,50.0,50.0,9,0.39230792901016465,4.527682671606711,0.442282219699346
diabetes,rf,Meta_PSO,2024,50.0,50.0,9,0.39230792901016465,4.527682671606711,0.442282219699346
diabetes,rf,Meta_WOA,2024,50.0,50.0,9,0.39230792901016465,4.527682671606711,0.442282219699346
diabetes,rf,EvoCluster_PSO,0,20.0,30.0,2,0.39230792901016465,4.527682671606711,0.442282219699346
diabetes,rf,EvoCluster_PSO,7,20.0,30.0,2,0.39230792901016465,4.527682671606711,0.442282219699346
diabetes,rf,EvoCluster_PSO,42,20.0,30.0,2,0.39230792901016465,4.527682671606711,0.442282219699346
diabetes,rf,EvoCluster_PSO,99,20.0,30.0,2,0.39230792901016465,4.527682671606711,0.442282219699346
diabetes,rf,EvoCluster_PSO,123,20.0,30.0,2,0.39230792901016465,4.527682671606711,0.442282219699346
diabetes,rf,EvoCluster_PSO,256,20.0,30.0,2,0.39230792901016465,4.527682671606711,0.442282219699346
diabetes,rf,EvoCluster_PSO,512,20.0,30.0,2,0.39230792901016465,4.527682671606711,0.442282219699346
diabetes,rf,EvoCluster_PSO,777,20.0,30.0,2,0.39230792901016465,4.527682671606711,0.442282219699346
diabetes,rf,EvoCluster_PSO,1000,20.0,30.0,2,0.39230792901016465,4.527682671606711,0.442282219699346
diabetes,rf,EvoCluster_PSO,2024,20.0,30.0,2,0.39230792901016465,4.527682671606711,0.442282219699346
diabetes,rf,EvoCluster_PSO,0,20.0,50.0,2,0.39230792901016465,4.527682671606711,0.442282219699346
diabetes,rf,EvoCluster_PSO,7,20.0,50.0,2,0.39230792901016465,4.527682671606711,0.442282219699346
diabetes,rf,EvoCluster_PSO,42,20.0,50.0,2,0.39230792901016465,4.527682671606711,0.442282219699346
diabetes,rf,EvoCluster_PSO,99,20.0,50.0,2,0.39230792901016465,4.527682671606711,0.442282219699346
diabetes,rf,EvoCluster_PSO,123,20.0,50.0,2,0.39230792901016465,4.527682671606711,0.442282219699346
diabetes,rf,EvoCluster_PSO,256,20.0,50.0,2,0.39230792901016465,4.527682671606711,0.442282219699346
diabetes,rf,EvoCluster_PSO,512,20.0,50.0,2,0.39230792901016465,4.527682671606711,0.442282219699346
diabetes,rf,EvoCluster_PSO,777,20.0,50.0,2,0.39230792901016465,4.527682671606711,0.442282219699346
diabetes,rf,EvoCluster_PSO,1000,20.0,50.0,2,0.39230792901016465,4.527682671606711,0.442282219699346
diabetes,rf,EvoCluster_PSO,2024,20.0,50.0,2,0.39230792901016465,4.527682671606711,0.442282219699346
diabetes,rf,EvoCluster_PSO,0,50.0,30.0,2,0.39230792901016465,4.527682671606711,0.442282219699346
diabetes,rf,EvoCluster_PSO,7,50.0,30.0,2,0.39230792901016465,4.527682671606711,0.442282219699346
diabetes,rf,EvoCluster_PSO,42,50.0,30.0,2,0.39230792901016465,4.527682671606711,0.442282219699346
diabetes,rf,EvoCluster_PSO,99,50.0,30.0,2,0.39230792901016465,4.527682671606711,0.442282219699346
diabetes,rf,EvoCluster_PSO,123,50.0,30.0,2,0.39230792901016465,4.527682671606711,0.442282219699346
diabetes,rf,EvoCluster_PSO,256,50.0,30.0,2,0.39230792901016465,4.527682671606711,0.442282219699346
diabetes,rf,EvoCluster_PSO,512,50.0,30.0,2,0.39230792901016465,4.527682671606711,0.442282219699346
diabetes,rf,EvoCluster_PSO,777,50.0,30.0,2,0.39230792901016465,4.527682671606711,0.442282219699346
diabetes,rf,EvoCluster_PSO,1000,50.0,30.0,2,0.39230792901016465,4.527682671606711,0.442282219699346
diabetes,rf,EvoCluster_PSO,2024,50.0,30.0,2,0.39230792901016465,4.527682671606711,0.442282219699346
diabetes,rf,EvoCluster_PSO,0,50.0,50.0,2,0.39230792901016465,4.527682671606711,0.442282219699346
diabetes,rf,EvoCluster_PSO,7,50.0,50.0,2,0.39230792901016465,4.527682671606711,0.442282219699346
diabetes,rf,EvoCluster_PSO,42,50.0,50.0,2,0.39230792901016465,4.527682671606711,0.442282219699346
diabetes,rf,EvoCluster_PSO,99,50.0,50.0,2,0.39230792901016465,4.527682671606711,0.442282219699346
diabetes,rf,EvoCluster_PSO,123,50.0,50.0,2,0.39230792901016465,4.527682671606711,0.442282219699346
diabetes,rf,EvoCluster_PSO,256,50.0,50.0,2,0.39230792901016465,4.527682671606711,0.442282219699346
diabetes,rf,EvoCluster_PSO,512,50.0,50.0,2,0.39230792901016465,4.527682671606711,0.442282219699346
diabetes,rf,EvoCluster_PSO,777,50.0,50.0,2,0.39230792901016465,4.527682671606711,0.442282219699346
diabetes,rf,EvoCluster_PSO,1000,50.0,50.0,2,0.39230792901016465,4.527682671606711,0.442282219699346
diabetes,rf,EvoCluster_PSO,2024,50.0,50.0,2,0.39230792901016465,4.527682671606711,0.442282219699346
diabetes,svm,AffinityPropagation,0,,,9,0.21894600673587272,9.61624207463073,1.1659440461257997
diabetes,svm,AffinityPropagation,7,,,9,0.21894600673587272,9.61624207463073,1.1659440461257997
diabetes,svm,AffinityPropagation,42,,,9,0.21894600673587272,9.61624207463073,1.1659440461257997
diabetes,svm,AffinityPropagation,99,,,9,0.21894600673587272,9.61624207463073,1.1659440461257997
diabetes,svm,AffinityPropagation,123,,,9,0.21894600673587272,9.61624207463073,1.1659440461257997
diabetes,svm,AffinityPropagation,256,,,9,0.21894600673587272,9.61624207463073,1.1659440461257997
diabetes,svm,AffinityPropagation,512,,,9,0.21894600673587272,9.61624207463073,1.1659440461257997
diabetes,svm,AffinityPropagation,777,,,9,0.21894600673587272,9.61624207463073,1.1659440461257997
diabetes,svm,AffinityPropagation,1000,,,9,0.21894600673587272,9.61624207463073,1.1659440461257997
diabetes,svm,AffinityPropagation,2024,,,9,0.21894600673587272,9.61624207463073,1.1659440461257997
diabetes,svm,Meta_GWO,0,20.0,30.0,9,0.3768430709531048,4.21649573875533,0.46193593869515537
diabetes,svm,Meta_PSO,0,20.0,30.0,9,0.3768430709531048,4.21649573875533,0.46193593869515537
diabetes,svm,Meta_WOA,0,20.0,30.0,9,0.3768430709531048,4.21649573875533,0.46193593869515537
diabetes,svm,Meta_GWO,7,20.0,30.0,9,0.3768430709531048,4.21649573875533,0.46193593869515537
diabetes,svm,Meta_PSO,7,20.0,30.0,9,-0.040034310950948435,2.34822055332181,0.7246243476768159
diabetes,svm,Meta_WOA,7,20.0,30.0,9,0.3768430709531048,4.21649573875533,0.46193593869515537
diabetes,svm,Meta_GWO,42,20.0,30.0,9,0.21988174249053719,3.445722548588064,0.5489222104366119
diabetes,svm,Meta_PSO,42,20.0,30.0,9,0.023616085512825277,3.8223245102706676,0.8387705019143139
diabetes,svm,Meta_WOA,42,20.0,30.0,9,0.21988174249053719,3.445722548588064,0.5489222104366119
diabetes,svm,Meta_GWO,99,20.0,30.0,9,-0.04150039435430223,2.6953937031648025,0.8289985432506058
diabetes,svm,Meta_PSO,99,20.0,30.0,9,0.21833184683371665,2.2606403916813855,0.6267629470267164
diabetes,svm,Meta_WOA,99,20.0,30.0,9,0.08544977942980592,3.004101070956892,0.5720606735673758
diabetes,svm,Meta_GWO,123,20.0,30.0,9,0.11522623650676053,3.083519358303275,0.5665557086624721
diabetes,svm,Meta_PSO,123,20.0,30.0,9,0.1089944733980397,3.1829979828280806,0.879745121685937
diabetes,svm,Meta_WOA,123,20.0,30.0,9,0.3768430709531048,4.21649573875533,0.46193593869515537
diabetes,svm,Meta_GWO,256,20.0,30.0,9,0.015213132558356669,2.574783757746238,0.8623038670031223
diabetes,svm,Meta_PSO,256,20.0,30.0,9,0.3768430709531048,4.21649573875533,0.46193593869515537
diabetes,svm,Meta_WOA,256,20.0,30.0,9,0.3768430709531048,4.21649573875533,0.46193593869515537
diabetes,svm,Meta_GWO,512,20.0,30.0,9,0.3768430709531048,4.21649573875533,0.46193593869515537
diabetes,svm,Meta_PSO,512,20.0,30.0,9,-0.02025352860458588,2.6886728585655333,0.6353789203423679
diabetes,svm,Meta_WOA,512,20.0,30.0,9,0.3768430709531048,4.21649573875533,0.46193593869515537
diabetes,svm,Meta_GWO,777,20.0,30.0,9,-0.05864750230678936,2.306410447671904,0.997245016851351
diabetes,svm,Meta_PSO,777,20.0,30.0,9,0.01863634552735334,3.4079613268467206,0.8881242091116318
diabetes,svm,Meta_WOA,777,20.0,30.0,9,0.3768430709531048,4.21649573875533,0.46193593869515537
diabetes,svm,Meta_GWO,1000,20.0,30.0,9,0.3768430709531048,4.21649573875533,0.46193593869515537
diabetes,svm,Meta_PSO,1000,20.0,30.0,9,0.3768430709531048,4.21649573875533,0.46193593869515537
diabetes,svm,Meta_WOA,1000,20.0,30.0,9,0.3768430709531048,4.21649573875533,0.46193593869515537
diabetes,svm,Meta_GWO,2024,20.0,30.0,9,0.3768430709531048,4.21649573875533,0.46193593869515537
diabetes,svm,Meta_PSO,2024,20.0,30.0,9,0.19698390534643503,3.350066516714465,0.5643787714082132
diabetes,svm,Meta_WOA,2024,20.0,30.0,9,0.3768430709531048,4.21649573875533,0.46193593869515537
diabetes,svm,Meta_GWO,0,20.0,50.0,9,0.3768430709531048,4.21649573875533,0.46193593869515537
diabetes,svm,Meta_PSO,0,20.0,50.0,9,0.123308243622465,3.0751690587178273,0.5598546684798841
diabetes,svm,Meta_WOA,0,20.0,50.0,9,0.1619618422331391,3.1404808557120445,0.6009966969015365
diabetes,svm,Meta_GWO,7,20.0,50.0,9,0.3768430709531048,4.21649573875533,0.46193593869515537
diabetes,svm,Meta_PSO,7,20.0,50.0,9,0.05378333853316199,2.776272517508816,0.6377986343032296
diabetes,svm,Meta_WOA,7,20.0,50.0,9,-0.14923882899356714,2.4526613523344136,0.9658716612134004
diabetes,svm,Meta_GWO,42,20.0,50.0,9,0.3768430709531048,4.21649573875533,0.46193593869515537
diabetes,svm,Meta_PSO,42,20.0,50.0,9,0.3768430709531048,4.21649573875533,0.46193593869515537
diabetes,svm,Meta_WOA,42,20.0,50.0,9,0.3768430709531048,4.21649573875533,0.46193593869515537
diabetes,svm,Meta_GWO,99,20.0,50.0,9,0.3768430709531048,4.21649573875533,0.46193593869515537
diabetes,svm,Meta_PSO,99,20.0,50.0,9,0.01640569891654362,2.319739841856577,0.6958264299212252
diabetes,svm,Meta_WOA,99,20.0,50.0,9,0.1892136992183562,3.2099542952894686,0.5576657974521707
diabetes,svm,Meta_GWO,123,20.0,50.0,9,0.17480652503244157,3.1039434000264188,0.5612505785388457
diabetes,svm,Meta_PSO,123,20.0,50.0,9,-0.19281450332106395,2.187048186504967,0.9436049937315528
diabetes,svm,Meta_WOA,123,20.0,50.0,9,0.17480652503244157,3.1039434000264188,0.5612505785388457
diabetes,svm,Meta_GWO,256,20.0,50.0,9,0.19698390534643503,3.350066516714465,0.5643787714082132
diabetes,svm,Meta_PSO,256,20.0,50.0,9,0.3768430709531048,4.21649573875533,0.46193593869515537
diabetes,svm,Meta_WOA,256,20.0,50.0,9,0.3768430709531048,4.21649573875533,0.46193593869515537
diabetes,svm,Meta_GWO,512,20.0,50.0,9,0.3768430709531048,4.21649573875533,0.46193593869515537
diabetes,svm,Meta_PSO,512,20.0,50.0,9,0.3768430709531048,4.21649573875533,0.46193593869515537
diabetes,svm,Meta_WOA,512,20.0,50.0,9,0.3768430709531048,4.21649573875533,0.46193593869515537
diabetes,svm,Meta_GWO,777,20.0,50.0,9,0.3768430709531048,4.21649573875533,0.46193593869515537
diabetes,svm,Meta_PSO,777,20.0,50.0,9,0.3768430709531048,4.21649573875533,0.46193593869515537
diabetes,svm,Meta_WOA,777,20.0,50.0,9,0.23216348448716465,2.3770740290955987,0.6111646457393352
diabetes,svm,Meta_GWO,1000,20.0,50.0,9,0.3768430709531048,4.21649573875533,0.46193593869515537
diabetes,svm,Meta_PSO,1000,20.0,50.0,9,0.09639039182648562,2.0750988219683015,0.6691953082882115
diabetes,svm,Meta_WOA,1000,20.0,50.0,9,0.3768430709531048,4.21649573875533,0.46193593869515537
diabetes,svm,Meta_GWO,2024,20.0,50.0,9,0.3768430709531048,4.21649573875533,0.46193593869515537
diabetes,svm,Meta_PSO,2024,20.0,50.0,9,0.12908092896565393,2.3343403270419563,0.6174421923260368
diabetes,svm,Meta_WOA,2024,20.0,50.0,9,0.3768430709531048,4.21649573875533,0.46193593869515537
diabetes,svm,Meta_GWO,0,50.0,30.0,9,0.3768430709531048,4.21649573875533,0.46193593869515537
diabetes,svm,Meta_PSO,0,50.0,30.0,9,0.01726166411279599,2.759492590560931,0.6279318910840951
diabetes,svm,Meta_WOA,0,50.0,30.0,9,0.3768430709531048,4.21649573875533,0.46193593869515537
diabetes,svm,Meta_GWO,7,50.0,30.0,9,0.3768430709531048,4.21649573875533,0.46193593869515537
diabetes,svm,Meta_PSO,7,50.0,30.0,9,0.3768430709531048,4.21649573875533,0.46193593869515537
diabetes,svm,Meta_WOA,7,50.0,30.0,9,0.3768430709531048,4.21649573875533,0.46193593869515537
diabetes,svm,Meta_GWO,42,50.0,30.0,9,0.18929466898137162,3.2901188942883928,0.5724958410522963
diabetes,svm,Meta_PSO,42,50.0,30.0,9,0.1678987002973537,3.064518645255811,0.5768606573753918
diabetes,svm,Meta_WOA,42,50.0,30.0,9,0.3768430709531048,4.21649573875533,0.46193593869515537
diabetes,svm,Meta_GWO,99,50.0,30.0,9,0.3768430709531048,4.21649573875533,0.46193593869515537
diabetes,svm,Meta_PSO,99,50.0,30.0,9,0.2209218292945083,4.323450888767695,0.8407509960210723
diabetes,svm,Meta_WOA,99,50.0,30.0,9,0.3768430709531048,4.21649573875533,0.46193593869515537
diabetes,svm,Meta_GWO,123,50.0,30.0,9,0.1892136992183562,3.2099542952894686,0.5576657974521706
diabetes,svm,Meta_PSO,123,50.0,30.0,9,0.3768430709531048,4.21649573875533,0.46193593869515537
diabetes,svm,Meta_WOA,123,50.0,30.0,9,0.3768430709531048,4.21649573875533,0.46193593869515537
diabetes,svm,Meta_GWO,256,50.0,30.0,9,0.3768430709531048,4.21649573875533,0.46193593869515537
diabetes,svm,Meta_PSO,256,50.0,30.0,9,0.3768430709531048,4.21649573875533,0.46193593869515537
diabetes,svm,Meta_WOA,256,50.0,30.0,9,0.3768430709531048,4.21649573875533,0.46193593869515537
diabetes,svm,Meta_GWO,512,50.0,30.0,9,0.3768430709531048,4.21649573875533,0.46193593869515537
diabetes,svm,Meta_PSO,512,50.0,30.0,9,0.3768430709531048,4.21649573875533,0.46193593869515537
diabetes,svm,Meta_WOA,512,50.0,30.0,9,0.3768430709531048,4.21649573875533,0.46193593869515537
diabetes,svm,Meta_GWO,777,50.0,30.0,9,0.3768430709531048,4.21649573875533,0.46193593869515537
diabetes,svm,Meta_PSO,777,50.0,30.0,9,0.3768430709531048,4.21649573875533,0.46193593869515537
diabetes,svm,Meta_WOA,777,50.0,30.0,9,0.3768430709531048,4.21649573875533,0.46193593869515537
diabetes,svm,Meta_GWO,1000,50.0,30.0,9,0.3768430709531048,4.21649573875533,0.46193593869515537
diabetes,svm,Meta_PSO,1000,50.0,30.0,9,0.09495217325769864,3.0114912909449036,0.5965903072625337
diabetes,svm,Meta_WOA,1000,50.0,30.0,9,0.3768430709531048,4.21649573875533,0.46193593869515537
diabetes,svm,Meta_GWO,2024,50.0,30.0,9,0.21988174249053719,3.445722548588064,0.5489222104366119
diabetes,svm,Meta_PSO,2024,50.0,30.0,9,0.18929466898137162,3.2901188942883928,0.5724958410522963
diabetes,svm,Meta_WOA,2024,50.0,30.0,9,0.3768430709531048,4.21649573875533,0.46193593869515537
diabetes,svm,Meta_GWO,0,50.0,50.0,9,0.3768430709531048,4.21649573875533,0.46193593869515537
diabetes,svm,Meta_PSO,0,50.0,50.0,9,0.3768430709531048,4.21649573875533,0.46193593869515537
diabetes,svm,Meta_WOA,0,50.0,50.0,9,0.3768430709531048,4.21649573875533,0.46193593869515537
diabetes,svm,Meta_GWO,7,50.0,50.0,9,0.3768430709531048,4.21649573875533,0.46193593869515537
diabetes,svm,Meta_PSO,7,50.0,50.0,9,0.3768430709531048,4.21649573875533,0.46193593869515537
diabetes,svm,Meta_WOA,7,50.0,50.0,9,0.3768430709531048,4.21649573875533,0.46193593869515537
diabetes,svm,Meta_GWO,42,50.0,50.0,9,0.3768430709531048,4.21649573875533,0.46193593869515537
diabetes,svm,Meta_PSO,42,50.0,50.0,9,0.3768430709531048,4.21649573875533,0.46193593869515537
diabetes,svm,Meta_WOA,42,50.0,50.0,9,0.3768430709531048,4.21649573875533,0.46193593869515537
diabetes,svm,Meta_GWO,99,50.0,50.0,9,0.3768430709531048,4.21649573875533,0.46193593869515537
diabetes,svm,Meta_PSO,99,50.0,50.0,9,0.3768430709531048,4.21649573875533,0.46193593869515537
diabetes,svm,Meta_WOA,99,50.0,50.0,9,0.3768430709531048,4.21649573875533,0.46193593869515537
diabetes,svm,Meta_GWO,123,50.0,50.0,9,0.3768430709531048,4.21649573875533,0.46193593869515537
diabetes,svm,Meta_PSO,123,50.0,50.0,9,0.016369115415457776,2.711121525716911,0.6339708228270982
diabetes,svm,Meta_WOA,123,50.0,50.0,9,0.3768430709531048,4.21649573875533,0.46193593869515537
diabetes,svm,Meta_GWO,256,50.0,50.0,9,0.3768430709531048,4.21649573875533,0.46193593869515537
diabetes,svm,Meta_PSO,256,50.0,50.0,9,0.18126783264741003,2.442336393473885,0.6018253289848601
diabetes,svm,Meta_WOA,256,50.0,50.0,9,0.3768430709531048,4.21649573875533,0.46193593869515537
diabetes,svm,Meta_GWO,512,50.0,50.0,9,0.3768430709531048,4.21649573875533,0.46193593869515537
diabetes,svm,Meta_PSO,512,50.0,50.0,9,0.3768430709531048,4.21649573875533,0.46193593869515537
diabetes,svm,Meta_WOA,512,50.0,50.0,9,0.3768430709531048,4.21649573875533,0.46193593869515537
diabetes,svm,Meta_GWO,777,50.0,50.0,9,-0.1251023419645647,2.138621077659763,0.8288748249593693
diabetes,svm,Meta_PSO,777,50.0,50.0,9,0.3768430709531048,4.21649573875533,0.46193593869515537
diabetes,svm,Meta_WOA,777,50.0,50.0,9,0.3768430709531048,4.21649573875533,0.46193593869515537
diabetes,svm,Meta_GWO,1000,50.0,50.0,9,0.3768430709531048,4.21649573875533,0.46193593869515537
diabetes,svm,Meta_PSO,1000,50.0,50.0,9,0.3768430709531048,4.21649573875533,0.46193593869515537
diabetes,svm,Meta_WOA,1000,50.0,50.0,9,0.3768430709531048,4.21649573875533,0.46193593869515537
diabetes,svm,Meta_GWO,2024,50.0,50.0,9,0.3768430709531048,4.21649573875533,0.46193593869515537
diabetes,svm,Meta_PSO,2024,50.0,50.0,9,0.3768430709531048,4.21649573875533,0.46193593869515537
diabetes,svm,Meta_WOA,2024,50.0,50.0,9,0.3768430709531048,4.21649573875533,0.46193593869515537
diabetes,svm,EvoCluster_PSO,0,20.0,30.0,2,0.3768430709531048,4.21649573875533,0.46193593869515537
diabetes,svm,EvoCluster_PSO,7,20.0,30.0,2,0.3768430709531048,4.21649573875533,0.46193593869515537
diabetes,svm,EvoCluster_PSO,42,20.0,30.0,2,0.3768430709531048,4.21649573875533,0.46193593869515537
diabetes,svm,EvoCluster_PSO,99,20.0,30.0,2,0.3768430709531048,4.21649573875533,0.46193593869515537
diabetes,svm,EvoCluster_PSO,123,20.0,30.0,6,0.08544977942980592,3.004101070956892,0.5720606735673758
diabetes,svm,EvoCluster_PSO,256,20.0,30.0,2,0.3768430709531048,4.21649573875533,0.46193593869515537
diabetes,svm,EvoCluster_PSO,512,20.0,30.0,2,0.3768430709531048,4.21649573875533,0.46193593869515537
diabetes,svm,EvoCluster_PSO,777,20.0,30.0,2,0.3768430709531048,4.21649573875533,0.46193593869515537
diabetes,svm,EvoCluster_PSO,1000,20.0,30.0,2,0.3768430709531048,4.21649573875533,0.46193593869515537
diabetes,svm,EvoCluster_PSO,2024,20.0,30.0,2,0.3768430709531048,4.21649573875533,0.46193593869515537
diabetes,svm,EvoCluster_PSO,0,20.0,50.0,2,0.3768430709531048,4.21649573875533,0.46193593869515537
diabetes,svm,EvoCluster_PSO,7,20.0,50.0,2,0.3768430709531048,4.21649573875533,0.46193593869515537
diabetes,svm,EvoCluster_PSO,42,20.0,50.0,2,0.3768430709531048,4.21649573875533,0.46193593869515537
diabetes,svm,EvoCluster_PSO,99,20.0,50.0,2,0.3768430709531048,4.21649573875533,0.46193593869515537
diabetes,svm,EvoCluster_PSO,123,20.0,50.0,2,0.3768430709531048,4.21649573875533,0.46193593869515537
diabetes,svm,EvoCluster_PSO,256,20.0,50.0,2,0.3768430709531048,4.21649573875533,0.46193593869515537
diabetes,svm,EvoCluster_PSO,512,20.0,50.0,2,0.3768430709531048,4.21649573875533,0.46193593869515537
diabetes,svm,EvoCluster_PSO,777,20.0,50.0,2,0.3768430709531048,4.21649573875533,0.46193593869515537
diabetes,svm,EvoCluster_PSO,1000,20.0,50.0,2,0.3768430709531048,4.21649573875533,0.46193593869515537
diabetes,svm,EvoCluster_PSO,2024,20.0,50.0,2,0.3768430709531048,4.21649573875533,0.46193593869515537
diabetes,svm,EvoCluster_PSO,0,50.0,30.0,2,0.3768430709531048,4.21649573875533,0.46193593869515537
diabetes,svm,EvoCluster_PSO,7,50.0,30.0,2,0.3768430709531048,4.21649573875533,0.46193593869515537
diabetes,svm,EvoCluster_PSO,42,50.0,30.0,2,0.3768430709531048,4.21649573875533,0.46193593869515537
diabetes,svm,EvoCluster_PSO,99,50.0,30.0,2,0.3768430709531048,4.21649573875533,0.46193593869515537
diabetes,svm,EvoCluster_PSO,123,50.0,30.0,2,0.3768430709531048,4.21649573875533,0.46193593869515537
diabetes,svm,EvoCluster_PSO,256,50.0,30.0,2,0.3768430709531048,4.21649573875533,0.46193593869515537
diabetes,svm,EvoCluster_PSO,512,50.0,30.0,2,0.3768430709531048,4.21649573875533,0.46193593869515537
diabetes,svm,EvoCluster_PSO,777,50.0,30.0,2,0.3768430709531048,4.21649573875533,0.46193593869515537
diabetes,svm,EvoCluster_PSO,1000,50.0,30.0,2,0.3768430709531048,4.21649573875533,0.46193593869515537
diabetes,svm,EvoCluster_PSO,2024,50.0,30.0,2,0.3768430709531048,4.21649573875533,0.46193593869515537
diabetes,svm,EvoCluster_PSO,0,50.0,50.0,2,0.3768430709531048,4.21649573875533,0.46193593869515537
diabetes,svm,EvoCluster_PSO,7,50.0,50.0,2,0.3768430709531048,4.21649573875533,0.46193593869515537
diabetes,svm,EvoCluster_PSO,42,50.0,50.0,2,0.3768430709531048,4.21649573875533,0.46193593869515537
diabetes,svm,EvoCluster_PSO,99,50.0,50.0,2,0.3768430709531048,4.21649573875533,0.46193593869515537
diabetes,svm,EvoCluster_PSO,123,50.0,50.0,2,0.3768430709531048,4.21649573875533,0.46193593869515537
diabetes,svm,EvoCluster_PSO,256,50.0,50.0,2,0.3768430709531048,4.21649573875533,0.46193593869515537
diabetes,svm,EvoCluster_PSO,512,50.0,50.0,2,0.3768430709531048,4.21649573875533,0.46193593869515537
diabetes,svm,EvoCluster_PSO,777,50.0,50.0,2,0.3768430709531048,4.21649573875533,0.46193593869515537
diabetes,svm,EvoCluster_PSO,1000,50.0,50.0,2,0.3768430709531048,4.21649573875533,0.46193593869515537
diabetes,svm,EvoCluster_PSO,2024,50.0,50.0,2,0.3768430709531048,4.21649573875533,0.46193593869515537
diabetes,xgb,AffinityPropagation,0,,,9,0.17450507264943343,10.921147418051332,1.16952079224931
diabetes,xgb,AffinityPropagation,7,,,9,0.17450507264943343,10.921147418051332,1.16952079224931
diabetes,xgb,AffinityPropagation,42,,,9,0.17450507264943343,10.921147418051332,1.16952079224931
diabetes,xgb,AffinityPropagation,99,,,9,0.17450507264943343,10.921147418051332,1.16952079224931
diabetes,xgb,AffinityPropagation,123,,,9,0.17450507264943343,10.921147418051332,1.16952079224931
diabetes,xgb,AffinityPropagation,256,,,9,0.17450507264943343,10.921147418051332,1.16952079224931
diabetes,xgb,AffinityPropagation,512,,,9,0.17450507264943343,10.921147418051332,1.16952079224931
diabetes,xgb,AffinityPropagation,777,,,9,0.17450507264943343,10.921147418051332,1.16952079224931
diabetes,xgb,AffinityPropagation,1000,,,9,0.17450507264943343,10.921147418051332,1.16952079224931
diabetes,xgb,AffinityPropagation,2024,,,9,0.17450507264943343,10.921147418051332,1.16952079224931
diabetes,xgb,Meta_GWO,0,20.0,30.0,9,0.4091954125150858,4.8005861698932595,0.43027690802266666
diabetes,xgb,Meta_PSO,0,20.0,30.0,9,0.4091954125150858,4.8005861698932595,0.43027690802266666
diabetes,xgb,Meta_WOA,0,20.0,30.0,9,0.28464071701702726,4.123058891007753,0.4911821097421627
diabetes,xgb,Meta_GWO,7,20.0,30.0,9,0.26733729072068024,3.9297336005705694,0.49718148487359665
diabetes,xgb,Meta_PSO,7,20.0,30.0,9,0.4091954125150858,4.8005861698932595,0.43027690802266666
diabetes,xgb,Meta_WOA,7,20.0,30.0,9,0.4091954125150858,4.8005861698932595,0.43027690802266666
diabetes,xgb,Meta_GWO,42,20.0,30.0,9,0.09860904486677302,3.226669649536224,0.6386537571288727
diabetes,xgb,Meta_PSO,42,20.0,30.0,9,0.28464071701702726,4.123058891007753,0.4911821097421627
diabetes,xgb,Meta_WOA,42,20.0,30.0,9,0.4091954125150858,4.8005861698932595,0.43027690802266666
diabetes,xgb,Meta_GWO,99,20.0,30.0,9,0.4091954125150858,4.8005861698932595,0.43027690802266666
diabetes,xgb,Meta_PSO,99,20.0,30.0,9,0.2036342767203482,3.734354293312649,0.5368067718967938
diabetes,xgb,Meta_WOA,99,20.0,30.0,9,0.4091954125150858,4.8005861698932595,0.43027690802266666
diabetes,xgb,Meta_GWO,123,20.0,30.0,9,0.4091954125150858,4.8005861698932595,0.43027690802266666
diabetes,xgb,Meta_PSO,123,20.0,30.0,9,0.26733729072068024,3.9297336005705703,0.49718148487359665
diabetes,xgb,Meta_WOA,123,20.0,30.0,9,0.4091954125150858,4.8005861698932595,0.43027690802266666
diabetes,xgb,Meta_GWO,256,20.0,30.0,9,0.3140580593887944,3.1052569104901306,0.5321019571837673
diabetes,xgb,Meta_PSO,256,20.0,30.0,9,0.4091954125150858,4.8005861698932595,0.43027690802266666
diabetes,xgb,Meta_WOA,256,20.0,30.0,9,0.2899635101197006,3.1362617421436703,0.5313395793638682
diabetes,xgb,Meta_GWO,512,20.0,30.0,9,0.4091954125150858,4.8005861698932595,0.43027690802266666
diabetes,xgb,Meta_PSO,512,20.0,30.0,9,0.4091954125150858,4.8005861698932595,0.43027690802266666
diabetes,xgb,Meta_WOA,512,20.0,30.0,9,0.2899635101197006,3.1362617421436703,0.5313395793638681
diabetes,xgb,Meta_GWO,777,20.0,30.0,9,0.20296249784069154,4.7923082450427374,0.6715504894814297
diabetes,xgb,Meta_PSO,777,20.0,30.0,9,0.07657731277759701,2.3592734326614773,0.6550593212896116
diabetes,xgb,Meta_WOA,777,20.0,30.0,9,0.4091954125150858,4.8005861698932595,0.43027690802266666
diabetes,xgb,Meta_GWO,1000,20.0,30.0,9,0.4091954125150858,4.8005861698932595,0.43027690802266666
diabetes,xgb,Meta_PSO,1000,20.0,30.0,9,0.28464071701702726,4.123058891007752,0.4911821097421627
diabetes,xgb,Meta_WOA,1000,20.0,30.0,9,0.08785173837004887,2.613178735535794,0.6458473275559518
diabetes,xgb,Meta_GWO,2024,20.0,30.0,9,0.2899635101197006,3.1362617421436703,0.5313395793638682
diabetes,xgb,Meta_PSO,2024,20.0,30.0,9,0.4091954125150858,4.8005861698932595,0.43027690802266666
diabetes,xgb,Meta_WOA,2024,20.0,30.0,9,0.4091954125150858,4.8005861698932595,0.43027690802266666
diabetes,xgb,Meta_GWO,0,20.0,50.0,9,0.4091954125150858,4.8005861698932595,0.43027690802266666
diabetes,xgb,Meta_PSO,0,20.0,50.0,9,0.4091954125150858,4.8005861698932595,0.43027690802266666
diabetes,xgb,Meta_WOA,0,20.0,50.0,9,0.4091954125150858,4.8005861698932595,0.43027690802266666
diabetes,xgb,Meta_GWO,7,20.0,50.0,9,0.4091954125150858,4.8005861698932595,0.43027690802266666
diabetes,xgb,Meta_PSO,7,20.0,50.0,9,0.4091954125150858,4.8005861698932595,0.43027690802266666
diabetes,xgb,Meta_WOA,7,20.0,50.0,9,0.4091954125150858,4.8005861698932595,0.43027690802266666
diabetes,xgb,Meta_GWO,42,20.0,50.0,9,0.4091954125150858,4.8005861698932595,0.43027690802266666
diabetes,xgb,Meta_PSO,42,20.0,50.0,9,0.4091954125150858,4.8005861698932595,0.43027690802266666
diabetes,xgb,Meta_WOA,42,20.0,50.0,9,0.4091954125150858,4.8005861698932595,0.43027690802266666
diabetes,xgb,Meta_GWO,99,20.0,50.0,9,0.4091954125150858,4.8005861698932595,0.43027690802266666
diabetes,xgb,Meta_PSO,99,20.0,50.0,9,0.4091954125150858,4.8005861698932595,0.43027690802266666
diabetes,xgb,Meta_WOA,99,20.0,50.0,9,0.4091954125150858,4.8005861698932595,0.43027690802266666
diabetes,xgb,Meta_GWO,123,20.0,50.0,9,0.4091954125150858,4.8005861698932595,0.43027690802266666
diabetes,xgb,Meta_PSO,123,20.0,50.0,9,0.4091954125150858,4.8005861698932595,0.43027690802266666
diabetes,xgb,Meta_WOA,123,20.0,50.0,9,0.4091954125150858,4.8005861698932595,0.43027690802266666
diabetes,xgb,Meta_GWO,256,20.0,50.0,9,0.4091954125150858,4.8005861698932595,0.43027690802266666
diabetes,xgb,Meta_PSO,256,20.0,50.0,9,0.26733729072068024,3.9297336005705703,0.49718148487359665
diabetes,xgb,Meta_WOA,256,20.0,50.0,9,0.4091954125150858,4.8005861698932595,0.43027690802266666
diabetes,xgb,Meta_GWO,512,20.0,50.0,9,0.4091954125150858,4.8005861698932595,0.43027690802266666
diabetes,xgb,Meta_PSO,512,20.0,50.0,9,0.4091954125150858,4.8005861698932595,0.43027690802266666
diabetes,xgb,Meta_WOA,512,20.0,50.0,9,0.4091954125150858,4.8005861698932595,0.43027690802266666
diabetes,xgb,Meta_GWO,777,20.0,50.0,9,0.4091954125150858,4.8005861698932595,0.43027690802266666
diabetes,xgb,Meta_PSO,777,20.0,50.0,9,0.4091954125150858,4.8005861698932595,0.43027690802266666
diabetes,xgb,Meta_WOA,777,20.0,50.0,9,0.3140580593887944,3.1052569104901306,0.5321019571837673
diabetes,xgb,Meta_GWO,1000,20.0,50.0,9,0.4091954125150858,4.8005861698932595,0.43027690802266666
diabetes,xgb,Meta_PSO,1000,20.0,50.0,9,0.28464071701702726,4.123058891007752,0.4911821097421627
diabetes,xgb,Meta_WOA,1000,20.0,50.0,9,0.4091954125150858,4.8005861698932595,0.43027690802266666
diabetes,xgb,Meta_GWO,2024,20.0,50.0,9,0.4091954125150858,4.8005861698932595,0.43027690802266666
diabetes,xgb,Meta_PSO,2024,20.0,50.0,9,0.4091954125150858,4.8005861698932595,0.43027690802266666
diabetes,xgb,Meta_WOA,2024,20.0,50.0,9,0.4091954125150858,4.8005861698932595,0.43027690802266666
diabetes,xgb,Meta_GWO,0,50.0,30.0,9,0.26727466274728184,3.988067183035738,0.5051376102073969
diabetes,xgb,Meta_PSO,0,50.0,30.0,9,0.4091954125150858,4.8005861698932595,0.43027690802266666
diabetes,xgb,Meta_WOA,0,50.0,30.0,9,0.4091954125150858,4.8005861698932595,0.43027690802266666
diabetes,xgb,Meta_GWO,7,50.0,30.0,9,0.3140580593887944,3.1052569104901306,0.5321019571837673
diabetes,xgb,Meta_PSO,7,50.0,30.0,9,0.4091954125150858,4.8005861698932595,0.43027690802266666
diabetes,xgb,Meta_WOA,7,50.0,30.0,9,0.4091954125150858,4.8005861698932595,0.43027690802266666
diabetes,xgb,Meta_GWO,42,50.0,30.0,9,0.2899635101197006,3.1362617421436703,0.5313395793638681
diabetes,xgb,Meta_PSO,42,50.0,30.0,9,0.4091954125150858,4.8005861698932595,0.43027690802266666
diabetes,xgb,Meta_WOA,42,50.0,30.0,9,0.4091954125150858,4.8005861698932595,0.43027690802266666
diabetes,xgb,Meta_GWO,99,50.0,30.0,9,0.4091954125150858,4.8005861698932595,0.43027690802266666
diabetes,xgb,Meta_PSO,99,50.0,30.0,9,0.26733729072068024,3.9297336005705703,0.49718148487359665
diabetes,xgb,Meta_WOA,99,50.0,30.0,9,0.4091954125150858,4.8005861698932595,0.43027690802266666
diabetes,xgb,Meta_GWO,123,50.0,30.0,9,0.4091954125150858,4.8005861698932595,0.43027690802266666
diabetes,xgb,Meta_PSO,123,50.0,30.0,9,0.4091954125150858,4.8005861698932595,0.43027690802266666
diabetes,xgb,Meta_WOA,123,50.0,30.0,9,0.4091954125150858,4.8005861698932595,0.43027690802266666
diabetes,xgb,Meta_GWO,256,50.0,30.0,9,0.4091954125150858,4.8005861698932595,0.43027690802266666
diabetes,xgb,Meta_PSO,256,50.0,30.0,9,0.4091954125150858,4.8005861698932595,0.43027690802266666
diabetes,xgb,Meta_WOA,256,50.0,30.0,9,0.2899635101197006,3.1362617421436703,0.5313395793638681
diabetes,xgb,Meta_GWO,512,50.0,30.0,9,0.4091954125150858,4.8005861698932595,0.43027690802266666
diabetes,xgb,Meta_PSO,512,50.0,30.0,9,0.4091954125150858,4.8005861698932595,0.43027690802266666
diabetes,xgb,Meta_WOA,512,50.0,30.0,9,0.4091954125150858,4.8005861698932595,0.43027690802266666
diabetes,xgb,Meta_GWO,777,50.0,30.0,9,0.4091954125150858,4.8005861698932595,0.43027690802266666
diabetes,xgb,Meta_PSO,777,50.0,30.0,9,0.4091954125150858,4.8005861698932595,0.43027690802266666
diabetes,xgb,Meta_WOA,777,50.0,30.0,9,0.4091954125150858,4.8005861698932595,0.43027690802266666
diabetes,xgb,Meta_GWO,1000,50.0,30.0,9,0.4091954125150858,4.8005861698932595,0.43027690802266666
diabetes,xgb,Meta_PSO,1000,50.0,30.0,9,0.4091954125150858,4.8005861698932595,0.43027690802266666
diabetes,xgb,Meta_WOA,1000,50.0,30.0,9,0.4091954125150858,4.8005861698932595,0.43027690802266666
diabetes,xgb,Meta_GWO,2024,50.0,30.0,9,0.4091954125150858,4.8005861698932595,0.43027690802266666
diabetes,xgb,Meta_PSO,2024,50.0,30.0,9,0.4091954125150858,4.8005861698932595,0.43027690802266666
diabetes,xgb,Meta_WOA,2024,50.0,30.0,9,0.4091954125150858,4.8005861698932595,0.43027690802266666
diabetes,xgb,Meta_GWO,0,50.0,50.0,9,0.4091954125150858,4.8005861698932595,0.43027690802266666
diabetes,xgb,Meta_PSO,0,50.0,50.0,9,0.4091954125150858,4.8005861698932595,0.43027690802266666
diabetes,xgb,Meta_WOA,0,50.0,50.0,9,0.4091954125150858,4.8005861698932595,0.43027690802266666
diabetes,xgb,Meta_GWO,7,50.0,50.0,9,0.4091954125150858,4.8005861698932595,0.43027690802266666
diabetes,xgb,Meta_PSO,7,50.0,50.0,9,0.4091954125150858,4.8005861698932595,0.43027690802266666
diabetes,xgb,Meta_WOA,7,50.0,50.0,9,0.4091954125150858,4.8005861698932595,0.43027690802266666
diabetes,xgb,Meta_GWO,42,50.0,50.0,9,0.19115845114397828,3.014168188162222,0.5531176322915151
diabetes,xgb,Meta_PSO,42,50.0,50.0,9,0.4091954125150858,4.8005861698932595,0.43027690802266666
diabetes,xgb,Meta_WOA,42,50.0,50.0,9,0.4091954125150858,4.8005861698932595,0.43027690802266666
diabetes,xgb,Meta_GWO,99,50.0,50.0,9,0.4091954125150858,4.8005861698932595,0.43027690802266666
diabetes,xgb,Meta_PSO,99,50.0,50.0,9,0.4091954125150858,4.8005861698932595,0.43027690802266666
diabetes,xgb,Meta_WOA,99,50.0,50.0,9,0.4091954125150858,4.8005861698932595,0.43027690802266666
diabetes,xgb,Meta_GWO,123,50.0,50.0,9,0.4091954125150858,4.8005861698932595,0.43027690802266666
diabetes,xgb,Meta_PSO,123,50.0,50.0,9,0.4091954125150858,4.8005861698932595,0.43027690802266666
diabetes,xgb,Meta_WOA,123,50.0,50.0,9,0.4091954125150858,4.8005861698932595,0.43027690802266666
diabetes,xgb,Meta_GWO,256,50.0,50.0,9,0.4091954125150858,4.8005861698932595,0.43027690802266666
diabetes,xgb,Meta_PSO,256,50.0,50.0,9,0.4091954125150858,4.8005861698932595,0.43027690802266666
diabetes,xgb,Meta_WOA,256,50.0,50.0,9,0.4091954125150858,4.8005861698932595,0.43027690802266666
diabetes,xgb,Meta_GWO,512,50.0,50.0,9,0.4091954125150858,4.8005861698932595,0.43027690802266666
diabetes,xgb,Meta_PSO,512,50.0,50.0,9,0.4091954125150858,4.8005861698932595,0.43027690802266666
diabetes,xgb,Meta_WOA,512,50.0,50.0,9,0.4091954125150858,4.8005861698932595,0.43027690802266666
diabetes,xgb,Meta_GWO,777,50.0,50.0,9,0.4091954125150858,4.8005861698932595,0.43027690802266666
diabetes,xgb,Meta_PSO,777,50.0,50.0,9,0.4091954125150858,4.8005861698932595,0.43027690802266666
diabetes,xgb,Meta_WOA,777,50.0,50.0,9,0.4091954125150858,4.8005861698932595,0.43027690802266666
diabetes,xgb,Meta_GWO,1000,50.0,50.0,9,0.4091954125150858,4.8005861698932595,0.43027690802266666
diabetes,xgb,Meta_PSO,1000,50.0,50.0,9,0.4091954125150858,4.8005861698932595,0.43027690802266666
diabetes,xgb,Meta_WOA,1000,50.0,50.0,9,0.4091954125150858,4.8005861698932595,0.43027690802266666
diabetes,xgb,Meta_GWO,2024,50.0,50.0,9,0.4091954125150858,4.8005861698932595,0.43027690802266666
diabetes,xgb,Meta_PSO,2024,50.0,50.0,9,0.4091954125150858,4.8005861698932595,0.43027690802266666
diabetes,xgb,Meta_WOA,2024,50.0,50.0,9,0.4091954125150858,4.8005861698932595,0.43027690802266666
diabetes,xgb,EvoCluster_PSO,0,20.0,30.0,2,0.4091954125150858,4.8005861698932595,0.43027690802266666
diabetes,xgb,EvoCluster_PSO,7,20.0,30.0,2,0.4091954125150858,4.8005861698932595,0.43027690802266666
diabetes,xgb,EvoCluster_PSO,42,20.0,30.0,2,0.4091954125150858,4.8005861698932595,0.43027690802266666
diabetes,xgb,EvoCluster_PSO,99,20.0,30.0,2,0.4091954125150858,4.8005861698932595,0.43027690802266666
diabetes,xgb,EvoCluster_PSO,123,20.0,30.0,2,0.4091954125150858,4.8005861698932595,0.43027690802266666
diabetes,xgb,EvoCluster_PSO,256,20.0,30.0,2,0.4091954125150858,4.8005861698932595,0.43027690802266666
diabetes,xgb,EvoCluster_PSO,512,20.0,30.0,2,0.4091954125150858,4.8005861698932595,0.43027690802266666
diabetes,xgb,EvoCluster_PSO,777,20.0,30.0,3,0.2899635101197006,3.1362617421436703,0.5313395793638682
diabetes,xgb,EvoCluster_PSO,1000,20.0,30.0,2,0.4091954125150858,4.8005861698932595,0.43027690802266666
diabetes,xgb,EvoCluster_PSO,2024,20.0,30.0,2,0.4091954125150858,4.8005861698932595,0.43027690802266666
diabetes,xgb,EvoCluster_PSO,0,20.0,50.0,2,0.4091954125150858,4.8005861698932595,0.43027690802266666
diabetes,xgb,EvoCluster_PSO,7,20.0,50.0,2,0.4091954125150858,4.8005861698932595,0.43027690802266666
diabetes,xgb,EvoCluster_PSO,42,20.0,50.0,2,0.4091954125150858,4.8005861698932595,0.43027690802266666
diabetes,xgb,EvoCluster_PSO,99,20.0,50.0,2,0.4091954125150858,4.8005861698932595,0.43027690802266666
diabetes,xgb,EvoCluster_PSO,123,20.0,50.0,2,0.4091954125150858,4.8005861698932595,0.43027690802266666
diabetes,xgb,EvoCluster_PSO,256,20.0,50.0,2,0.4091954125150858,4.8005861698932595,0.43027690802266666
diabetes,xgb,EvoCluster_PSO,512,20.0,50.0,2,0.4091954125150858,4.8005861698932595,0.43027690802266666
diabetes,xgb,EvoCluster_PSO,777,20.0,50.0,2,0.4091954125150858,4.8005861698932595,0.43027690802266666
diabetes,xgb,EvoCluster_PSO,1000,20.0,50.0,2,0.4091954125150858,4.8005861698932595,0.43027690802266666
diabetes,xgb,EvoCluster_PSO,2024,20.0,50.0,2,0.4091954125150858,4.8005861698932595,0.43027690802266666
diabetes,xgb,EvoCluster_PSO,0,50.0,30.0,2,0.4091954125150858,4.8005861698932595,0.43027690802266666
diabetes,xgb,EvoCluster_PSO,7,50.0,30.0,2,0.4091954125150858,4.8005861698932595,0.43027690802266666
diabetes,xgb,EvoCluster_PSO,42,50.0,30.0,2,0.4091954125150858,4.8005861698932595,0.43027690802266666
diabetes,xgb,EvoCluster_PSO,99,50.0,30.0,2,0.4091954125150858,4.8005861698932595,0.43027690802266666
diabetes,xgb,EvoCluster_PSO,123,50.0,30.0,2,0.4091954125150858,4.8005861698932595,0.43027690802266666
diabetes,xgb,EvoCluster_PSO,256,50.0,30.0,2,0.4091954125150858,4.8005861698932595,0.43027690802266666
diabetes,xgb,EvoCluster_PSO,512,50.0,30.0,2,0.4091954125150858,4.8005861698932595,0.43027690802266666
diabetes,xgb,EvoCluster_PSO,777,50.0,30.0,2,0.4091954125150858,4.8005861698932595,0.43027690802266666
diabetes,xgb,EvoCluster_PSO,1000,50.0,30.0,2,0.4091954125150858,4.8005861698932595,0.43027690802266666
diabetes,xgb,EvoCluster_PSO,2024,50.0,30.0,2,0.4091954125150858,4.8005861698932595,0.43027690802266666
diabetes,xgb,EvoCluster_PSO,0,50.0,50.0,2,0.4091954125150858,4.8005861698932595,0.43027690802266666
diabetes,xgb,EvoCluster_PSO,7,50.0,50.0,2,0.4091954125150858,4.8005861698932595,0.43027690802266666
diabetes,xgb,EvoCluster_PSO,42,50.0,50.0,2,0.4091954125150858,4.8005861698932595,0.43027690802266666
diabetes,xgb,EvoCluster_PSO,99,50.0,50.0,2,0.4091954125150858,4.8005861698932595,0.43027690802266666
diabetes,xgb,EvoCluster_PSO,123,50.0,50.0,2,0.4091954125150858,4.8005861698932595,0.43027690802266666
diabetes,xgb,EvoCluster_PSO,256,50.0,50.0,2,0.4091954125150858,4.8005861698932595,0.43027690802266666
diabetes,xgb,EvoCluster_PSO,512,50.0,50.0,2,0.4091954125150858,4.8005861698932595,0.43027690802266666
diabetes,xgb,EvoCluster_PSO,777,50.0,50.0,2,0.4091954125150858,4.8005861698932595,0.43027690802266666
diabetes,xgb,EvoCluster_PSO,1000,50.0,50.0,2,0.4091954125150858,4.8005861698932595,0.43027690802266666
diabetes,xgb,EvoCluster_PSO,2024,50.0,50.0,2,0.4091954125150858,4.8005861698932595,0.43027690802266666
wdbc,rf,AffinityPropagation,0,,,3,0.16355050613175373,3.487406690808645,1.0352108889088356
wdbc,rf,AffinityPropagation,7,,,3,0.16355050613175373,3.487406690808645,1.0352108889088356
wdbc,rf,AffinityPropagation,42,,,3,0.16355050613175373,3.487406690808645,1.0352108889088356
wdbc,rf,AffinityPropagation,99,,,3,0.16355050613175373,3.487406690808645,1.0352108889088356
wdbc,rf,AffinityPropagation,123,,,3,0.16355050613175373,3.487406690808645,1.0352108889088356
wdbc,rf,AffinityPropagation,256,,,3,0.16355050613175373,3.487406690808645,1.0352108889088356
wdbc,rf,AffinityPropagation,512,,,3,0.16355050613175373,3.487406690808645,1.0352108889088356
wdbc,rf,AffinityPropagation,777,,,3,0.16355050613175373,3.487406690808645,1.0352108889088356
wdbc,rf,AffinityPropagation,1000,,,3,0.16355050613175373,3.487406690808645,1.0352108889088356
wdbc,rf,AffinityPropagation,2024,,,3,0.16355050613175373,3.487406690808645,1.0352108889088356
wdbc,rf,Meta_GWO,0,20.0,30.0,3,0.204910218269028,2.5758482302950974,0.549119322894502
wdbc,rf,Meta_PSO,0,20.0,30.0,3,0.204910218269028,2.5758482302950974,0.549119322894502
wdbc,rf,Meta_WOA,0,20.0,30.0,3,0.204910218269028,2.5758482302950974,0.549119322894502
wdbc,rf,Meta_GWO,7,20.0,30.0,3,0.11048591039706433,2.190748134413832,0.5754537457094414
wdbc,rf,Meta_PSO,7,20.0,30.0,3,0.204910218269028,2.5758482302950974,0.549119322894502
wdbc,rf,Meta_WOA,7,20.0,30.0,3,0.204910218269028,2.5758482302950974,0.549119322894502
wdbc,rf,Meta_GWO,42,20.0,30.0,3,0.204910218269028,2.5758482302950974,0.549119322894502
wdbc,rf,Meta_PSO,42,20.0,30.0,3,0.204910218269028,2.5758482302950974,0.549119322894502
wdbc,rf,Meta_WOA,42,20.0,30.0,3,0.204910218269028,2.5758482302950974,0.549119322894502
wdbc,rf,Meta_GWO,99,20.0,30.0,3,0.204910218269028,2.5758482302950974,0.549119322894502
wdbc,rf,Meta_PSO,99,20.0,30.0,3,0.204910218269028,2.5758482302950974,0.549119322894502
wdbc,rf,Meta_WOA,99,20.0,30.0,3,0.204910218269028,2.5758482302950974,0.549119322894502
wdbc,rf,Meta_GWO,123,20.0,30.0,3,0.204910218269028,2.5758482302950974,0.549119322894502
wdbc,rf,Meta_PSO,123,20.0,30.0,3,0.204910218269028,2.5758482302950974,0.549119322894502
wdbc,rf,Meta_WOA,123,20.0,30.0,3,0.204910218269028,2.5758482302950974,0.549119322894502
wdbc,rf,Meta_GWO,256,20.0,30.0,3,0.204910218269028,2.5758482302950974,0.549119322894502
wdbc,rf,Meta_PSO,256,20.0,30.0,3,0.204910218269028,2.5758482302950974,0.549119322894502
wdbc,rf,Meta_WOA,256,20.0,30.0,3,0.204910218269028,2.5758482302950974,0.549119322894502
wdbc,rf,Meta_GWO,512,20.0,30.0,3,0.204910218269028,2.5758482302950974,0.549119322894502
wdbc,rf,Meta_PSO,512,20.0,30.0,3,0.204910218269028,2.5758482302950974,0.549119322894502
wdbc,rf,Meta_WOA,512,20.0,30.0,3,0.204910218269028,2.5758482302950974,0.549119322894502
wdbc,rf,Meta_GWO,777,20.0,30.0,3,0.204910218269028,2.5758482302950974,0.549119322894502
wdbc,rf,Meta_PSO,777,20.0,30.0,3,0.204910218269028,2.5758482302950974,0.549119322894502
wdbc,rf,Meta_WOA,777,20.0,30.0,3,0.11048591039706433,2.190748134413832,0.5754537457094414
wdbc,rf,Meta_GWO,1000,20.0,30.0,3,0.204910218269028,2.5758482302950974,0.549119322894502
wdbc,rf,Meta_PSO,1000,20.0,30.0,3,0.204910218269028,2.5758482302950974,0.549119322894502
wdbc,rf,Meta_WOA,1000,20.0,30.0,3,0.204910218269028,2.5758482302950974,0.549119322894502
wdbc,rf,Meta_GWO,2024,20.0,30.0,3,0.204910218269028,2.5758482302950974,0.549119322894502
wdbc,rf,Meta_PSO,2024,20.0,30.0,3,0.204910218269028,2.5758482302950974,0.549119322894502
wdbc,rf,Meta_WOA,2024,20.0,30.0,3,0.204910218269028,2.5758482302950974,0.549119322894502
wdbc,rf,Meta_GWO,0,20.0,50.0,3,0.204910218269028,2.5758482302950974,0.549119322894502
wdbc,rf,Meta_PSO,0,20.0,50.0,3,0.204910218269028,2.5758482302950974,0.549119322894502
wdbc,rf,Meta_WOA,0,20.0,50.0,3,0.204910218269028,2.5758482302950974,0.549119322894502
wdbc,rf,Meta_GWO,7,20.0,50.0,3,0.204910218269028,2.5758482302950974,0.549119322894502
wdbc,rf,Meta_PSO,7,20.0,50.0,3,0.204910218269028,2.5758482302950974,0.549119322894502
wdbc,rf,Meta_WOA,7,20.0,50.0,3,0.204910218269028,2.5758482302950974,0.549119322894502
wdbc,rf,Meta_GWO,42,20.0,50.0,3,0.204910218269028,2.5758482302950974,0.549119322894502
wdbc,rf,Meta_PSO,42,20.0,50.0,3,0.204910218269028,2.5758482302950974,0.549119322894502
wdbc,rf,Meta_WOA,42,20.0,50.0,3,0.204910218269028,2.5758482302950974,0.549119322894502
wdbc,rf,Meta_GWO,99,20.0,50.0,3,0.204910218269028,2.5758482302950974,0.549119322894502
wdbc,rf,Meta_PSO,99,20.0,50.0,3,0.204910218269028,2.5758482302950974,0.549119322894502
wdbc,rf,Meta_WOA,99,20.0,50.0,3,0.204910218269028,2.5758482302950974,0.549119322894502
wdbc,rf,Meta_GWO,123,20.0,50.0,3,0.204910218269028,2.5758482302950974,0.549119322894502
wdbc,rf,Meta_PSO,123,20.0,50.0,3,0.204910218269028,2.5758482302950974,0.549119322894502
wdbc,rf,Meta_WOA,123,20.0,50.0,3,0.204910218269028,2.5758482302950974,0.549119322894502
wdbc,rf,Meta_GWO,256,20.0,50.0,3,0.204910218269028,2.5758482302950974,0.549119322894502
wdbc,rf,Meta_PSO,256,20.0,50.0,3,0.204910218269028,2.5758482302950974,0.549119322894502
wdbc,rf,Meta_WOA,256,20.0,50.0,3,0.204910218269028,2.5758482302950974,0.549119322894502
wdbc,rf,Meta_GWO,512,20.0,50.0,3,0.204910218269028,2.5758482302950974,0.549119322894502
wdbc,rf,Meta_PSO,512,20.0,50.0,3,0.204910218269028,2.5758482302950974,0.549119322894502
wdbc,rf,Meta_WOA,512,20.0,50.0,3,0.204910218269028,2.5758482302950974,0.549119322894502
wdbc,rf,Meta_GWO,777,20.0,50.0,3,0.204910218269028,2.5758482302950974,0.549119322894502
wdbc,rf,Meta_PSO,777,20.0,50.0,3,0.204910218269028,2.5758482302950974,0.549119322894502
wdbc,rf,Meta_WOA,777,20.0,50.0,3,0.204910218269028,2.5758482302950974,0.549119322894502
wdbc,rf,Meta_GWO,1000,20.0,50.0,3,0.11048591039706433,2.190748134413832,0.5754537457094414
wdbc,rf,Meta_PSO,1000,20.0,50.0,3,0.204910218269028,2.5758482302950974,0.549119322894502
wdbc,rf,Meta_WOA,1000,20.0,50.0,3,0.204910218269028,2.5758482302950974,0.549119322894502
wdbc,rf,Meta_GWO,2024,20.0,50.0,3,0.204910218269028,2.5758482302950974,0.549119322894502
wdbc,rf,Meta_PSO,2024,20.0,50.0,3,0.204910218269028,2.5758482302950974,0.549119322894502
wdbc,rf,Meta_WOA,2024,20.0,50.0,3,0.204910218269028,2.5758482302950974,0.549119322894502
wdbc,rf,Meta_GWO,0,50.0,30.0,3,0.204910218269028,2.5758482302950974,0.549119322894502
wdbc,rf,Meta_PSO,0,50.0,30.0,3,0.204910218269028,2.5758482302950974,0.549119322894502
wdbc,rf,Meta_WOA,0,50.0,30.0,3,0.204910218269028,2.5758482302950974,0.549119322894502
wdbc,rf,Meta_GWO,7,50.0,30.0,3,0.204910218269028,2.5758482302950974,0.549119322894502
wdbc,rf,Meta_PSO,7,50.0,30.0,3,0.204910218269028,2.5758482302950974,0.549119322894502
wdbc,rf,Meta_WOA,7,50.0,30.0,3,0.204910218269028,2.5758482302950974,0.549119322894502
wdbc,rf,Meta_GWO,42,50.0,30.0,3,0.204910218269028,2.5758482302950974,0.549119322894502
wdbc,rf,Meta_PSO,42,50.0,30.0,3,0.204910218269028,2.5758482302950974,0.549119322894502
wdbc,rf,Meta_WOA,42,50.0,30.0,3,0.204910218269028,2.5758482302950974,0.549119322894502
wdbc,rf,Meta_GWO,99,50.0,30.0,3,0.204910218269028,2.5758482302950974,0.549119322894502
wdbc,rf,Meta_PSO,99,50.0,30.0,3,0.204910218269028,2.5758482302950974,0.549119322894502
wdbc,rf,Meta_WOA,99,50.0,30.0,3,0.204910218269028,2.5758482302950974,0.549119322894502
wdbc,rf,Meta_GWO,123,50.0,30.0,3,0.204910218269028,2.5758482302950974,0.549119322894502
wdbc,rf,Meta_PSO,123,50.0,30.0,3,0.204910218269028,2.5758482302950974,0.549119322894502
wdbc,rf,Meta_WOA,123,50.0,30.0,3,0.204910218269028,2.5758482302950974,0.549119322894502
wdbc,rf,Meta_GWO,256,50.0,30.0,3,0.204910218269028,2.5758482302950974,0.549119322894502
wdbc,rf,Meta_PSO,256,50.0,30.0,3,0.204910218269028,2.5758482302950974,0.549119322894502
wdbc,rf,Meta_WOA,256,50.0,30.0,3,0.204910218269028,2.5758482302950974,0.549119322894502
wdbc,rf,Meta_GWO,512,50.0,30.0,3,0.204910218269028,2.5758482302950974,0.549119322894502
wdbc,rf,Meta_PSO,512,50.0,30.0,3,0.204910218269028,2.5758482302950974,0.549119322894502
wdbc,rf,Meta_WOA,512,50.0,30.0,3,0.204910218269028,2.5758482302950974,0.549119322894502
wdbc,rf,Meta_GWO,777,50.0,30.0,3,0.204910218269028,2.5758482302950974,0.549119322894502
wdbc,rf,Meta_PSO,777,50.0,30.0,3,0.204910218269028,2.5758482302950974,0.549119322894502
wdbc,rf,Meta_WOA,777,50.0,30.0,3,0.204910218269028,2.5758482302950974,0.549119322894502
wdbc,rf,Meta_GWO,1000,50.0,30.0,3,0.204910218269028,2.5758482302950974,0.549119322894502
wdbc,rf,Meta_PSO,1000,50.0,30.0,3,0.204910218269028,2.5758482302950974,0.549119322894502
wdbc,rf,Meta_WOA,1000,50.0,30.0,3,0.204910218269028,2.5758482302950974,0.549119322894502
wdbc,rf,Meta_GWO,2024,50.0,30.0,3,0.204910218269028,2.5758482302950974,0.549119322894502
wdbc,rf,Meta_PSO,2024,50.0,30.0,3,0.204910218269028,2.5758482302950974,0.549119322894502
wdbc,rf,Meta_WOA,2024,50.0,30.0,3,0.204910218269028,2.5758482302950974,0.549119322894502
wdbc,rf,Meta_GWO,0,50.0,50.0,3,0.204910218269028,2.5758482302950974,0.549119322894502
wdbc,rf,Meta_PSO,0,50.0,50.0,3,0.204910218269028,2.5758482302950974,0.549119322894502
wdbc,rf,Meta_WOA,0,50.0,50.0,3,0.204910218269028,2.5758482302950974,0.549119322894502
wdbc,rf,Meta_GWO,7,50.0,50.0,3,0.204910218269028,2.5758482302950974,0.549119322894502
wdbc,rf,Meta_PSO,7,50.0,50.0,3,0.204910218269028,2.5758482302950974,0.549119322894502
wdbc,rf,Meta_WOA,7,50.0,50.0,3,0.204910218269028,2.5758482302950974,0.549119322894502
wdbc,rf,Meta_GWO,42,50.0,50.0,3,0.204910218269028,2.5758482302950974,0.549119322894502
wdbc,rf,Meta_PSO,42,50.0,50.0,3,0.204910218269028,2.5758482302950974,0.549119322894502
wdbc,rf,Meta_WOA,42,50.0,50.0,3,0.204910218269028,2.5758482302950974,0.549119322894502
wdbc,rf,Meta_GWO,99,50.0,50.0,3,0.204910218269028,2.5758482302950974,0.549119322894502
wdbc,rf,Meta_PSO,99,50.0,50.0,3,0.204910218269028,2.5758482302950974,0.549119322894502
wdbc,rf,Meta_WOA,99,50.0,50.0,3,0.204910218269028,2.5758482302950974,0.549119322894502
wdbc,rf,Meta_GWO,123,50.0,50.0,3,0.204910218269028,2.5758482302950974,0.549119322894502
wdbc,rf,Meta_PSO,123,50.0,50.0,3,0.204910218269028,2.5758482302950974,0.549119322894502
wdbc,rf,Meta_WOA,123,50.0,50.0,3,0.204910218269028,2.5758482302950974,0.549119322894502
wdbc,rf,Meta_GWO,256,50.0,50.0,3,0.204910218269028,2.5758482302950974,0.549119322894502
wdbc,rf,Meta_PSO,256,50.0,50.0,3,0.204910218269028,2.5758482302950974,0.549119322894502
wdbc,rf,Meta_WOA,256,50.0,50.0,3,0.204910218269028,2.5758482302950974,0.549119322894502
wdbc,rf,Meta_GWO,512,50.0,50.0,3,0.204910218269028,2.5758482302950974,0.549119322894502
wdbc,rf,Meta_PSO,512,50.0,50.0,3,0.204910218269028,2.5758482302950974,0.549119322894502
wdbc,rf,Meta_WOA,512,50.0,50.0,3,0.204910218269028,2.5758482302950974,0.549119322894502
wdbc,rf,Meta_GWO,777,50.0,50.0,3,0.204910218269028,2.5758482302950974,0.549119322894502
wdbc,rf,Meta_PSO,777,50.0,50.0,3,0.204910218269028,2.5758482302950974,0.549119322894502
wdbc,rf,Meta_WOA,777,50.0,50.0,3,0.204910218269028,2.5758482302950974,0.549119322894502
wdbc,rf,Meta_GWO,1000,50.0,50.0,3,0.204910218269028,2.5758482302950974,0.549119322894502
wdbc,rf,Meta_PSO,1000,50.0,50.0,3,0.204910218269028,2.5758482302950974,0.549119322894502
wdbc,rf,Meta_WOA,1000,50.0,50.0,3,0.204910218269028,2.5758482302950974,0.549119322894502
wdbc,rf,Meta_GWO,2024,50.0,50.0,3,0.204910218269028,2.5758482302950974,0.549119322894502
wdbc,rf,Meta_PSO,2024,50.0,50.0,3,0.204910218269028,2.5758482302950974,0.549119322894502
wdbc,rf,Meta_WOA,2024,50.0,50.0,3,0.204910218269028,2.5758482302950974,0.549119322894502
wdbc,rf,EvoCluster_PSO,0,20.0,30.0,2,0.204910218269028,2.5758482302950974,0.549119322894502
wdbc,rf,EvoCluster_PSO,7,20.0,30.0,2,0.204910218269028,2.5758482302950974,0.549119322894502
wdbc,rf,EvoCluster_PSO,42,20.0,30.0,2,0.204910218269028,2.5758482302950974,0.549119322894502
wdbc,rf,EvoCluster_PSO,99,20.0,30.0,2,0.204910218269028,2.5758482302950974,0.549119322894502
wdbc,rf,EvoCluster_PSO,123,20.0,30.0,2,0.204910218269028,2.5758482302950974,0.549119322894502
wdbc,rf,EvoCluster_PSO,256,20.0,30.0,2,0.204910218269028,2.5758482302950974,0.549119322894502
wdbc,rf,EvoCluster_PSO,512,20.0,30.0,2,0.204910218269028,2.5758482302950974,0.549119322894502
wdbc,rf,EvoCluster_PSO,777,20.0,30.0,2,0.204910218269028,2.5758482302950974,0.549119322894502
wdbc,rf,EvoCluster_PSO,1000,20.0,30.0,2,0.204910218269028,2.5758482302950974,0.549119322894502
wdbc,rf,EvoCluster_PSO,2024,20.0,30.0,2,0.204910218269028,2.5758482302950974,0.549119322894502
wdbc,rf,EvoCluster_PSO,0,20.0,50.0,2,0.204910218269028,2.5758482302950974,0.549119322894502
wdbc,rf,EvoCluster_PSO,7,20.0,50.0,2,0.204910218269028,2.5758482302950974,0.549119322894502
wdbc,rf,EvoCluster_PSO,42,20.0,50.0,2,0.204910218269028,2.5758482302950974,0.549119322894502
wdbc,rf,EvoCluster_PSO,99,20.0,50.0,2,0.204910218269028,2.5758482302950974,0.549119322894502
wdbc,rf,EvoCluster_PSO,123,20.0,50.0,2,0.14362924414610542,1.9288691282613255,0.6239213503787494
wdbc,rf,EvoCluster_PSO,256,20.0,50.0,2,0.204910218269028,2.5758482302950974,0.549119322894502
wdbc,rf,EvoCluster_PSO,512,20.0,50.0,2,0.204910218269028,2.5758482302950974,0.549119322894502
wdbc,rf,EvoCluster_PSO,777,20.0,50.0,2,0.204910218269028,2.5758482302950974,0.549119322894502
wdbc,rf,EvoCluster_PSO,1000,20.0,50.0,2,0.204910218269028,2.5758482302950974,0.549119322894502
wdbc,rf,EvoCluster_PSO,2024,20.0,50.0,2,0.204910218269028,2.5758482302950974,0.549119322894502
wdbc,rf,EvoCluster_PSO,0,50.0,30.0,2,0.204910218269028,2.5758482302950974,0.549119322894502
wdbc,rf,EvoCluster_PSO,7,50.0,30.0,2,0.204910218269028,2.5758482302950974,0.549119322894502
wdbc,rf,EvoCluster_PSO,42,50.0,30.0,2,0.204910218269028,2.5758482302950974,0.549119322894502
wdbc,rf,EvoCluster_PSO,99,50.0,30.0,2,0.204910218269028,2.5758482302950974,0.549119322894502
wdbc,rf,EvoCluster_PSO,123,50.0,30.0,2,0.204910218269028,2.5758482302950974,0.549119322894502
wdbc,rf,EvoCluster_PSO,256,50.0,30.0,2,0.204910218269028,2.5758482302950974,0.549119322894502
wdbc,rf,EvoCluster_PSO,512,50.0,30.0,2,0.204910218269028,2.5758482302950974,0.549119322894502
wdbc,rf,EvoCluster_PSO,777,50.0,30.0,2,0.204910218269028,2.5758482302950974,0.549119322894502
wdbc,rf,EvoCluster_PSO,1000,50.0,30.0,2,0.204910218269028,2.5758482302950974,0.549119322894502
wdbc,rf,EvoCluster_PSO,2024,50.0,30.0,2,0.204910218269028,2.5758482302950974,0.549119322894502
wdbc,rf,EvoCluster_PSO,0,50.0,50.0,2,0.204910218269028,2.5758482302950974,0.549119322894502
wdbc,rf,EvoCluster_PSO,7,50.0,50.0,2,0.204910218269028,2.5758482302950974,0.549119322894502
wdbc,rf,EvoCluster_PSO,42,50.0,50.0,2,0.204910218269028,2.5758482302950974,0.549119322894502
wdbc,rf,EvoCluster_PSO,99,50.0,50.0,2,0.204910218269028,2.5758482302950974,0.549119322894502
wdbc,rf,EvoCluster_PSO,123,50.0,50.0,2,0.204910218269028,2.5758482302950974,0.549119322894502
wdbc,rf,EvoCluster_PSO,256,50.0,50.0,2,0.204910218269028,2.5758482302950974,0.549119322894502
wdbc,rf,EvoCluster_PSO,512,50.0,50.0,2,0.204910218269028,2.5758482302950974,0.549119322894502
wdbc,rf,EvoCluster_PSO,777,50.0,50.0,2,0.204910218269028,2.5758482302950974,0.549119322894502
wdbc,rf,EvoCluster_PSO,1000,50.0,50.0,2,0.204910218269028,2.5758482302950974,0.549119322894502
wdbc,rf,EvoCluster_PSO,2024,50.0,50.0,2,0.204910218269028,2.5758482302950974,0.549119322894502
wdbc,xgb,AffinityPropagation,0,,,3,0.19878491671644982,3.7999723171024926,0.875348704268975
wdbc,xgb,AffinityPropagation,7,,,3,0.19878491671644982,3.7999723171024926,0.875348704268975
wdbc,xgb,AffinityPropagation,42,,,3,0.19878491671644982,3.7999723171024926,0.875348704268975
wdbc,xgb,AffinityPropagation,99,,,3,0.19878491671644982,3.7999723171024926,0.875348704268975
wdbc,xgb,AffinityPropagation,123,,,3,0.19878491671644982,3.7999723171024926,0.875348704268975
wdbc,xgb,AffinityPropagation,256,,,3,0.19878491671644982,3.7999723171024926,0.875348704268975
wdbc,xgb,AffinityPropagation,512,,,3,0.19878491671644982,3.7999723171024926,0.875348704268975
wdbc,xgb,AffinityPropagation,777,,,3,0.19878491671644982,3.7999723171024926,0.875348704268975
wdbc,xgb,AffinityPropagation,1000,,,3,0.19878491671644982,3.7999723171024926,0.875348704268975
wdbc,xgb,AffinityPropagation,2024,,,3,0.19878491671644982,3.7999723171024926,0.875348704268975
wdbc,xgb,Meta_GWO,0,20.0,30.0,3,0.11277843201585983,2.58323168197903,0.5402715937509598
wdbc,xgb,Meta_PSO,0,20.0,30.0,3,0.11277843201585983,2.58323168197903,0.5402715937509598
wdbc,xgb,Meta_WOA,0,20.0,30.0,3,0.18865571486780153,2.4838490464563248,0.5454762476838322
wdbc,xgb,Meta_GWO,7,20.0,30.0,3,0.11277843201585983,2.58323168197903,0.5402715937509598
wdbc,xgb,Meta_PSO,7,20.0,30.0,3,0.11277843201585983,2.58323168197903,0.5402715937509598
wdbc,xgb,Meta_WOA,7,20.0,30.0,3,0.11277843201585983,2.58323168197903,0.5402715937509598
wdbc,xgb,Meta_GWO,42,20.0,30.0,3,0.11277843201585983,2.58323168197903,0.5402715937509598
wdbc,xgb,Meta_PSO,42,20.0,30.0,3,0.11277843201585983,2.58323168197903,0.5402715937509598
wdbc,xgb,Meta_WOA,42,20.0,30.0,3,0.11277843201585983,2.58323168197903,0.5402715937509598
wdbc,xgb,Meta_GWO,99,20.0,30.0,3,0.11277843201585983,2.58323168197903,0.5402715937509598
wdbc,xgb,Meta_PSO,99,20.0,30.0,3,0.11277843201585983,2.58323168197903,0.5402715937509598
wdbc,xgb,Meta_WOA,99,20.0,30.0,3,0.11277843201585983,2.58323168197903,0.5402715937509598
wdbc,xgb,Meta_GWO,123,20.0,30.0,3,0.18865571486780153,2.4838490464563248,0.5454762476838322
wdbc,xgb,Meta_PSO,123,20.0,30.0,3,0.11749920953158416,2.144846993494703,0.5476274150147115
wdbc,xgb,Meta_WOA,123,20.0,30.0,3,0.11277843201585983,2.58323168197903,0.5402715937509598
wdbc,xgb,Meta_GWO,256,20.0,30.0,3,0.11277843201585983,2.58323168197903,0.5402715937509598
wdbc,xgb,Meta_PSO,256,20.0,30.0,3,0.11277843201585983,2.58323168197903,0.5402715937509598
wdbc,xgb,Meta_WOA,256,20.0,30.0,3,0.11277843201585983,2.58323168197903,0.5402715937509598
wdbc,xgb,Meta_GWO,512,20.0,30.0,3,0.11277843201585983,2.58323168197903,0.5402715937509598
wdbc,xgb,Meta_PSO,512,20.0,30.0,3,0.11277843201585983,2.58323168197903,0.5402715937509598
wdbc,xgb,Meta_WOA,512,20.0,30.0,3,0.11277843201585983,2.58323168197903,0.5402715937509598
wdbc,xgb,Meta_GWO,777,20.0,30.0,3,0.11277843201585983,2.58323168197903,0.5402715937509598
wdbc,xgb,Meta_PSO,777,20.0,30.0,3,0.11277843201585983,2.58323168197903,0.5402715937509598
wdbc,xgb,Meta_WOA,777,20.0,30.0,3,0.11277843201585983,2.58323168197903,0.5402715937509598
wdbc,xgb,Meta_GWO,1000,20.0,30.0,3,0.11277843201585983,2.58323168197903,0.5402715937509598
wdbc,xgb,Meta_PSO,1000,20.0,30.0,3,0.11277843201585983,2.58323168197903,0.5402715937509598
wdbc,xgb,Meta_WOA,1000,20.0,30.0,3,0.11277843201585983,2.58323168197903,0.5402715937509598
wdbc,xgb,Meta_GWO,2024,20.0,30.0,3,0.11277843201585983,2.58323168197903,0.5402715937509598
wdbc,xgb,Meta_PSO,2024,20.0,30.0,3,0.11277843201585983,2.58323168197903,0.5402715937509598
wdbc,xgb,Meta_WOA,2024,20.0,30.0,3,0.18865571486780153,2.4838490464563248,0.5454762476838322
wdbc,xgb,Meta_GWO,0,20.0,50.0,3,0.11277843201585983,2.58323168197903,0.5402715937509598
wdbc,xgb,Meta_PSO,0,20.0,50.0,3,0.11277843201585983,2.58323168197903,0.5402715937509598
wdbc,xgb,Meta_WOA,0,20.0,50.0,3,0.11277843201585983,2.58323168197903,0.5402715937509598
wdbc,xgb,Meta_GWO,7,20.0,50.0,3,0.11277843201585983,2.58323168197903,0.5402715937509598
wdbc,xgb,Meta_PSO,7,20.0,50.0,3,0.11277843201585983,2.58323168197903,0.5402715937509598
wdbc,xgb,Meta_WOA,7,20.0,50.0,3,0.11277843201585983,2.58323168197903,0.5402715937509598
wdbc,xgb,Meta_GWO,42,20.0,50.0,3,0.11277843201585983,2.58323168197903,0.5402715937509598
wdbc,xgb,Meta_PSO,42,20.0,50.0,3,0.11277843201585983,2.58323168197903,0.5402715937509598
wdbc,xgb,Meta_WOA,42,20.0,50.0,3,0.11277843201585983,2.58323168197903,0.5402715937509598
wdbc,xgb,Meta_GWO,99,20.0,50.0,3,0.11277843201585983,2.58323168197903,0.5402715937509598
wdbc,xgb,Meta_PSO,99,20.0,50.0,3,0.11277843201585983,2.58323168197903,0.5402715937509598
wdbc,xgb,Meta_WOA,99,20.0,50.0,3,0.18865571486780153,2.4838490464563248,0.5454762476838322
wdbc,xgb,Meta_GWO,123,20.0,50.0,3,0.11277843201585983,2.58323168197903,0.5402715937509598
wdbc,xgb,Meta_PSO,123,20.0,50.0,3,0.11277843201585983,2.58323168197903,0.5402715937509598
wdbc,xgb,Meta_WOA,123,20.0,50.0,3,0.11277843201585983,2.58323168197903,0.5402715937509598
wdbc,xgb,Meta_GWO,256,20.0,50.0,3,0.11277843201585983,2.58323168197903,0.5402715937509598
wdbc,xgb,Meta_PSO,256,20.0,50.0,3,0.11277843201585983,2.58323168197903,0.5402715937509598
wdbc,xgb,Meta_WOA,256,20.0,50.0,3,0.11277843201585983,2.58323168197903,0.5402715937509598
wdbc,xgb,Meta_GWO,512,20.0,50.0,3,0.11277843201585983,2.58323168197903,0.5402715937509598
wdbc,xgb,Meta_PSO,512,20.0,50.0,3,0.11277843201585983,2.58323168197903,0.5402715937509598
wdbc,xgb,Meta_WOA,512,20.0,50.0,3,0.11277843201585983,2.58323168197903,0.5402715937509598
wdbc,xgb,Meta_GWO,777,20.0,50.0,3,0.11277843201585983,2.58323168197903,0.5402715937509598
wdbc,xgb,Meta_PSO,777,20.0,50.0,3,0.11277843201585983,2.58323168197903,0.5402715937509598
wdbc,xgb,Meta_WOA,777,20.0,50.0,3,0.11277843201585983,2.58323168197903,0.5402715937509598
wdbc,xgb,Meta_GWO,1000,20.0,50.0,3,0.11277843201585983,2.58323168197903,0.5402715937509598
wdbc,xgb,Meta_PSO,1000,20.0,50.0,3,0.11277843201585983,2.58323168197903,0.5402715937509598
wdbc,xgb,Meta_WOA,1000,20.0,50.0,3,0.18865571486780153,2.4838490464563248,0.5454762476838322
wdbc,xgb,Meta_GWO,2024,20.0,50.0,3,0.11277843201585983,2.58323168197903,0.5402715937509598
wdbc,xgb,Meta_PSO,2024,20.0,50.0,3,0.11277843201585983,2.58323168197903,0.5402715937509598
wdbc,xgb,Meta_WOA,2024,20.0,50.0,3,0.11277843201585983,2.58323168197903,0.5402715937509598
wdbc,xgb,Meta_GWO,0,50.0,30.0,3,0.11277843201585983,2.58323168197903,0.5402715937509598
wdbc,xgb,Meta_PSO,0,50.0,30.0,3,0.11277843201585983,2.58323168197903,0.5402715937509598
wdbc,xgb,Meta_WOA,0,50.0,30.0,3,0.11277843201585983,2.58323168197903,0.5402715937509598
wdbc,xgb,Meta_GWO,7,50.0,30.0,3,0.11277843201585983,2.58323168197903,0.5402715937509598
wdbc,xgb,Meta_PSO,7,50.0,30.0,3,0.11277843201585983,2.58323168197903,0.5402715937509598
wdbc,xgb,Meta_WOA,7,50.0,30.0,3,0.11277843201585983,2.58323168197903,0.5402715937509598
wdbc,xgb,Meta_GWO,42,50.0,30.0,3,0.11277843201585983,2.58323168197903,0.5402715937509598
wdbc,xgb,Meta_PSO,42,50.0,30.0,3,0.11277843201585983,2.58323168197903,0.5402715937509598
wdbc,xgb,Meta_WOA,42,50.0,30.0,3,0.11277843201585983,2.58323168197903,0.5402715937509598
wdbc,xgb,Meta_GWO,99,50.0,30.0,3,0.11277843201585983,2.58323168197903,0.5402715937509598
wdbc,xgb,Meta_PSO,99,50.0,30.0,3,0.11277843201585983,2.58323168197903,0.5402715937509598
wdbc,xgb,Meta_WOA,99,50.0,30.0,3,0.11277843201585983,2.58323168197903,0.5402715937509598
wdbc,xgb,Meta_GWO,123,50.0,30.0,3,0.11277843201585983,2.58323168197903,0.5402715937509598
wdbc,xgb,Meta_PSO,123,50.0,30.0,3,0.11277843201585983,2.58323168197903,0.5402715937509598
wdbc,xgb,Meta_WOA,123,50.0,30.0,3,0.11277843201585983,2.58323168197903,0.5402715937509598
wdbc,xgb,Meta_GWO,256,50.0,30.0,3,0.11277843201585983,2.58323168197903,0.5402715937509598
wdbc,xgb,Meta_PSO,256,50.0,30.0,3,0.11277843201585983,2.58323168197903,0.5402715937509598
wdbc,xgb,Meta_WOA,256,50.0,30.0,3,0.11277843201585983,2.58323168197903,0.5402715937509598
wdbc,xgb,Meta_GWO,512,50.0,30.0,3,0.11277843201585983,2.58323168197903,0.5402715937509598
wdbc,xgb,Meta_PSO,512,50.0,30.0,3,0.11277843201585983,2.58323168197903,0.5402715937509598
wdbc,xgb,Meta_WOA,512,50.0,30.0,3,0.18865571486780153,2.4838490464563248,0.5454762476838322
wdbc,xgb,Meta_GWO,777,50.0,30.0,3,0.11277843201585983,2.58323168197903,0.5402715937509598
wdbc,xgb,Meta_PSO,777,50.0,30.0,3,0.11277843201585983,2.58323168197903,0.5402715937509598
wdbc,xgb,Meta_WOA,777,50.0,30.0,3,0.11277843201585983,2.58323168197903,0.5402715937509598
wdbc,xgb,Meta_GWO,1000,50.0,30.0,3,0.11277843201585983,2.58323168197903,0.5402715937509598
wdbc,xgb,Meta_PSO,1000,50.0,30.0,3,0.11277843201585983,2.58323168197903,0.5402715937509598
wdbc,xgb,Meta_WOA,1000,50.0,30.0,3,0.11277843201585983,2.58323168197903,0.5402715937509598
wdbc,xgb,Meta_GWO,2024,50.0,30.0,3,0.11277843201585983,2.58323168197903,0.5402715937509598
wdbc,xgb,Meta_PSO,2024,50.0,30.0,3,0.11277843201585983,2.58323168197903,0.5402715937509598
wdbc,xgb,Meta_WOA,2024,50.0,30.0,3,0.11277843201585983,2.58323168197903,0.5402715937509598
wdbc,xgb,Meta_GWO,0,50.0,50.0,3,0.11277843201585983,2.58323168197903,0.5402715937509598
wdbc,xgb,Meta_PSO,0,50.0,50.0,3,0.11277843201585983,2.58323168197903,0.5402715937509598
wdbc,xgb,Meta_WOA,0,50.0,50.0,3,0.11277843201585983,2.58323168197903,0.5402715937509598
wdbc,xgb,Meta_GWO,7,50.0,50.0,3,0.11277843201585983,2.58323168197903,0.5402715937509598
wdbc,xgb,Meta_PSO,7,50.0,50.0,3,0.11277843201585983,2.58323168197903,0.5402715937509598
wdbc,xgb,Meta_WOA,7,50.0,50.0,3,0.11277843201585983,2.58323168197903,0.5402715937509598
wdbc,xgb,Meta_GWO,42,50.0,50.0,3,0.11277843201585983,2.58323168197903,0.5402715937509598
wdbc,xgb,Meta_PSO,42,50.0,50.0,3,0.11277843201585983,2.58323168197903,0.5402715937509598
wdbc,xgb,Meta_WOA,42,50.0,50.0,3,0.11277843201585983,2.58323168197903,0.5402715937509598
wdbc,xgb,Meta_GWO,99,50.0,50.0,3,0.11277843201585983,2.58323168197903,0.5402715937509598
wdbc,xgb,Meta_PSO,99,50.0,50.0,3,0.11277843201585983,2.58323168197903,0.5402715937509598
wdbc,xgb,Meta_WOA,99,50.0,50.0,3,0.18865571486780153,2.4838490464563248,0.5454762476838322
wdbc,xgb,Meta_GWO,123,50.0,50.0,3,0.11277843201585983,2.58323168197903,0.5402715937509598
wdbc,xgb,Meta_PSO,123,50.0,50.0,3,0.11277843201585983,2.58323168197903,0.5402715937509598
wdbc,xgb,Meta_WOA,123,50.0,50.0,3,0.11277843201585983,2.58323168197903,0.5402715937509598
wdbc,xgb,Meta_GWO,256,50.0,50.0,3,0.11277843201585983,2.58323168197903,0.5402715937509598
wdbc,xgb,Meta_PSO,256,50.0,50.0,3,0.11277843201585983,2.58323168197903,0.5402715937509598
wdbc,xgb,Meta_WOA,256,50.0,50.0,3,0.11277843201585983,2.58323168197903,0.5402715937509598
wdbc,xgb,Meta_GWO,512,50.0,50.0,3,0.11277843201585983,2.58323168197903,0.5402715937509598
wdbc,xgb,Meta_PSO,512,50.0,50.0,3,0.11277843201585983,2.58323168197903,0.5402715937509598
wdbc,xgb,Meta_WOA,512,50.0,50.0,3,0.11277843201585983,2.58323168197903,0.5402715937509598
wdbc,xgb,Meta_GWO,777,50.0,50.0,3,0.11277843201585983,2.58323168197903,0.5402715937509598
wdbc,xgb,Meta_PSO,777,50.0,50.0,3,0.11277843201585983,2.58323168197903,0.5402715937509598
wdbc,xgb,Meta_WOA,777,50.0,50.0,3,0.11277843201585983,2.58323168197903,0.5402715937509598
wdbc,xgb,Meta_GWO,1000,50.0,50.0,3,0.11277843201585983,2.58323168197903,0.5402715937509598
wdbc,xgb,Meta_PSO,1000,50.0,50.0,3,0.11277843201585983,2.58323168197903,0.5402715937509598
wdbc,xgb,Meta_WOA,1000,50.0,50.0,3,0.11277843201585983,2.58323168197903,0.5402715937509598
wdbc,xgb,Meta_GWO,2024,50.0,50.0,3,0.11277843201585983,2.58323168197903,0.5402715937509598
wdbc,xgb,Meta_PSO,2024,50.0,50.0,3,0.11277843201585983,2.58323168197903,0.5402715937509598
wdbc,xgb,Meta_WOA,2024,50.0,50.0,3,0.11277843201585983,2.58323168197903,0.5402715937509598
wdbc,xgb,EvoCluster_PSO,0,20.0,30.0,3,0.11277843201585983,2.58323168197903,0.5402715937509598
wdbc,xgb,EvoCluster_PSO,7,20.0,30.0,3,0.11277843201585983,2.58323168197903,0.5402715937509598
wdbc,xgb,EvoCluster_PSO,42,20.0,30.0,2,0.18865571486780153,2.4838490464563248,0.5454762476838322
wdbc,xgb,EvoCluster_PSO,99,20.0,30.0,3,0.11277843201585983,2.58323168197903,0.5402715937509598
wdbc,xgb,EvoCluster_PSO,123,20.0,30.0,3,0.11277843201585983,2.58323168197903,0.5402715937509598
wdbc,xgb,EvoCluster_PSO,256,20.0,30.0,3,0.11749920953158416,2.1448469934947028,0.5476274150147115
wdbc,xgb,EvoCluster_PSO,512,20.0,30.0,3,0.11277843201585983,2.58323168197903,0.5402715937509598
wdbc,xgb,EvoCluster_PSO,777,20.0,30.0,3,0.11277843201585983,2.58323168197903,0.5402715937509598
wdbc,xgb,EvoCluster_PSO,1000,20.0,30.0,3,0.11277843201585983,2.58323168197903,0.5402715937509598
wdbc,xgb,EvoCluster_PSO,2024,20.0,30.0,3,0.11277843201585983,2.58323168197903,0.5402715937509598
wdbc,xgb,EvoCluster_PSO,0,20.0,50.0,3,0.11277843201585983,2.58323168197903,0.5402715937509598
wdbc,xgb,EvoCluster_PSO,7,20.0,50.0,2,0.18865571486780153,2.4838490464563248,0.5454762476838322
wdbc,xgb,EvoCluster_PSO,42,20.0,50.0,3,0.11277843201585983,2.58323168197903,0.5402715937509598
wdbc,xgb,EvoCluster_PSO,99,20.0,50.0,3,0.11277843201585983,2.58323168197903,0.5402715937509598
wdbc,xgb,EvoCluster_PSO,123,20.0,50.0,3,0.11277843201585983,2.58323168197903,0.5402715937509598
wdbc,xgb,EvoCluster_PSO,256,20.0,50.0,3,0.11277843201585983,2.58323168197903,0.5402715937509598
wdbc,xgb,EvoCluster_PSO,512,20.0,50.0,3,0.11277843201585983,2.58323168197903,0.5402715937509598
wdbc,xgb,EvoCluster_PSO,777,20.0,50.0,3,0.11277843201585983,2.58323168197903,0.5402715937509598
wdbc,xgb,EvoCluster_PSO,1000,20.0,50.0,3,0.11277843201585983,2.58323168197903,0.5402715937509598
wdbc,xgb,EvoCluster_PSO,2024,20.0,50.0,3,0.11277843201585983,2.58323168197903,0.5402715937509598
wdbc,xgb,EvoCluster_PSO,0,50.0,30.0,3,0.11277843201585983,2.58323168197903,0.5402715937509598
wdbc,xgb,EvoCluster_PSO,7,50.0,30.0,3,0.11277843201585983,2.58323168197903,0.5402715937509598
wdbc,xgb,EvoCluster_PSO,42,50.0,30.0,3,0.11277843201585983,2.58323168197903,0.5402715937509598
wdbc,xgb,EvoCluster_PSO,99,50.0,30.0,3,0.11277843201585983,2.58323168197903,0.5402715937509598
wdbc,xgb,EvoCluster_PSO,123,50.0,30.0,3,0.11277843201585983,2.58323168197903,0.5402715937509598
wdbc,xgb,EvoCluster_PSO,256,50.0,30.0,3,0.11277843201585983,2.58323168197903,0.5402715937509598
wdbc,xgb,EvoCluster_PSO,512,50.0,30.0,3,0.11277843201585983,2.58323168197903,0.5402715937509598
wdbc,xgb,EvoCluster_PSO,777,50.0,30.0,3,0.11277843201585983,2.58323168197903,0.5402715937509598
wdbc,xgb,EvoCluster_PSO,1000,50.0,30.0,3,0.11277843201585983,2.58323168197903,0.5402715937509598
wdbc,xgb,EvoCluster_PSO,2024,50.0,30.0,3,0.11277843201585983,2.58323168197903,0.5402715937509598
wdbc,xgb,EvoCluster_PSO,0,50.0,50.0,3,0.11277843201585983,2.58323168197903,0.5402715937509598
wdbc,xgb,EvoCluster_PSO,7,50.0,50.0,3,0.11277843201585983,2.58323168197903,0.5402715937509598
wdbc,xgb,EvoCluster_PSO,42,50.0,50.0,3,0.11277843201585983,2.58323168197903,0.5402715937509598
wdbc,xgb,EvoCluster_PSO,99,50.0,50.0,3,0.11277843201585983,2.58323168197903,0.5402715937509598
wdbc,xgb,EvoCluster_PSO,123,50.0,50.0,3,0.11277843201585983,2.58323168197903,0.5402715937509598
wdbc,xgb,EvoCluster_PSO,256,50.0,50.0,3,0.11277843201585983,2.58323168197903,0.5402715937509598
wdbc,xgb,EvoCluster_PSO,512,50.0,50.0,3,0.11277843201585983,2.58323168197903,0.5402715937509598
wdbc,xgb,EvoCluster_PSO,777,50.0,50.0,3,0.11277843201585983,2.58323168197903,0.5402715937509598
wdbc,xgb,EvoCluster_PSO,1000,50.0,50.0,3,0.11277843201585983,2.58323168197903,0.5402715937509598
wdbc,xgb,EvoCluster_PSO,2024,50.0,50.0,3,0.11277843201585983,2.58323168197903,0.5402715937509598
column,rf,AffinityPropagation,0,,,4,0.21921032747476094,6.884052932647867,0.9523197212125976
column,rf,AffinityPropagation,7,,,4,0.21921032747476094,6.884052932647867,0.9523197212125976
column,rf,AffinityPropagation,42,,,4,0.21921032747476094,6.884052932647867,0.9523197212125976
column,rf,AffinityPropagation,99,,,4,0.21921032747476094,6.884052932647867,0.9523197212125976
column,rf,AffinityPropagation,123,,,4,0.21921032747476094,6.884052932647867,0.9523197212125976
column,rf,AffinityPropagation,256,,,4,0.21921032747476094,6.884052932647867,0.9523197212125976
column,rf,AffinityPropagation,512,,,4,0.21921032747476094,6.884052932647867,0.9523197212125976
column,rf,AffinityPropagation,777,,,4,0.21921032747476094,6.884052932647867,0.9523197212125976
column,rf,AffinityPropagation,1000,,,4,0.21921032747476094,6.884052932647867,0.9523197212125976
column,rf,AffinityPropagation,2024,,,4,0.21921032747476094,6.884052932647867,0.9523197212125976
column,rf,Meta_GWO,0,20.0,30.0,4,0.191336704218885,2.981639873089422,0.4773156131617272
column,rf,Meta_PSO,0,20.0,30.0,4,0.18275908666682078,2.477340278341546,0.5001349199280392
column,rf,Meta_WOA,0,20.0,30.0,4,0.17847180869665596,2.1578491928033805,0.5697849042568611
column,rf,Meta_GWO,7,20.0,30.0,4,0.191336704218885,2.981639873089423,0.4773156131617272
column,rf,Meta_PSO,7,20.0,30.0,4,0.191336704218885,2.981639873089423,0.4773156131617272
column,rf,Meta_WOA,7,20.0,30.0,4,0.18275908666682078,2.477340278341546,0.5001349199280392
column,rf,Meta_GWO,42,20.0,30.0,4,0.191336704218885,2.981639873089423,0.4773156131617272
column,rf,Meta_PSO,42,20.0,30.0,4,0.3165466445345748,5.460899180416886,0.5088684482975778
column,rf,Meta_WOA,42,20.0,30.0,4,0.2291540844263521,2.2636538156275563,0.5739698657872867
column,rf,Meta_GWO,99,20.0,30.0,4,0.21243300166069354,2.8714333431336088,0.48576035985256116
column,rf,Meta_PSO,99,20.0,30.0,4,0.21243300166069354,2.8714333431336088,0.48576035985256116
column,rf,Meta_WOA,99,20.0,30.0,4,0.18222805583277749,2.6099571574584144,0.5223914466972374
column,rf,Meta_GWO,123,20.0,30.0,4,0.3165466445345748,5.460899180416886,0.5088684482975778
column,rf,Meta_PSO,123,20.0,30.0,4,0.3165466445345748,5.460899180416886,0.5088684482975778
column,rf,Meta_WOA,123,20.0,30.0,4,0.2291540844263521,2.2636538156275563,0.5739698657872867
column,rf,Meta_GWO,256,20.0,30.0,4,0.25853506277207067,6.744705011785458,0.581396026136235
column,rf,Meta_PSO,256,20.0,30.0,4,0.2291540844263521,2.2636538156275563,0.5739698657872867
column,rf,Meta_WOA,256,20.0,30.0,4,0.17847180869665596,2.1578491928033796,0.5697849042568611
column,rf,Meta_GWO,512,20.0,30.0,4,0.191336704218885,2.981639873089422,0.4773156131617272
column,rf,Meta_PSO,512,20.0,30.0,4,0.21243300166069354,2.8714333431336088,0.48576035985256116
column,rf,Meta_WOA,512,20.0,30.0,4,0.21243300166069354,2.8714333431336088,0.48576035985256116
column,rf,Meta_GWO,777,20.0,30.0,4,0.3165466445345748,5.460899180416885,0.5088684482975778
column,rf,Meta_PSO,777,20.0,30.0,4,0.3165466445345748,5.460899180416885,0.5088684482975778
column,rf,Meta_WOA,777,20.0,30.0,4,0.18222805583277749,2.6099571574584144,0.5223914466972374
column,rf,Meta_GWO,1000,20.0,30.0,4,0.2291540844263521,2.2636538156275563,0.5739698657872867
column,rf,Meta_PSO,1000,20.0,30.0,4,0.3165466445345748,5.460899180416885,0.5088684482975778
column,rf,Meta_WOA,1000,20.0,30.0,4,0.21243300166069354,2.8714333431336088,0.48576035985256116
column,rf,Meta_GWO,2024,20.0,30.0,4,0.21243300166069354,2.8714333431336088,0.48576035985256116
column,rf,Meta_PSO,2024,20.0,30.0,4,0.3165466445345748,5.460899180416886,0.5088684482975778
column,rf,Meta_WOA,2024,20.0,30.0,4,0.3165466445345748,5.460899180416885,0.5088684482975778
column,rf,Meta_GWO,0,20.0,50.0,4,0.191336704218885,2.981639873089423,0.4773156131617272
column,rf,Meta_PSO,0,20.0,50.0,4,0.191336704218885,2.981639873089422,0.4773156131617272
column,rf,Meta_WOA,0,20.0,50.0,4,0.191336704218885,2.981639873089422,0.4773156131617272
column,rf,Meta_GWO,7,20.0,50.0,4,0.191336704218885,2.981639873089422,0.4773156131617272
column,rf,Meta_PSO,7,20.0,50.0,4,0.25853506277207067,6.744705011785458,0.581396026136235
column,rf,Meta_WOA,7,20.0,50.0,4,0.191336704218885,2.981639873089422,0.4773156131617272
column,rf,Meta_GWO,42,20.0,50.0,4,0.21243300166069354,2.8714333431336088,0.48576035985256116
column,rf,Meta_PSO,42,20.0,50.0,4,0.25853506277207067,6.744705011785456,0.581396026136235
column,rf,Meta_WOA,42,20.0,50.0,4,0.2291540844263521,2.2636538156275563,0.5739698657872867
column,rf,Meta_GWO,99,20.0,50.0,4,0.3165466445345748,5.460899180416886,0.5088684482975778
column,rf,Meta_PSO,99,20.0,50.0,4,0.18222805583277749,2.6099571574584144,0.5223914466972375
column,rf,Meta_WOA,99,20.0,50.0,4,0.18222805583277749,2.6099571574584144,0.5223914466972375
column,rf,Meta_GWO,123,20.0,50.0,4,0.3165466445345748,5.460899180416886,0.5088684482975778
column,rf,Meta_PSO,123,20.0,50.0,4,0.191336704218885,2.981639873089422,0.4773156131617272
column,rf,Meta_WOA,123,20.0,50.0,4,0.191336704218885,2.981639873089423,0.4773156131617272
column,rf,Meta_GWO,256,20.0,50.0,4,0.21243300166069354,2.8714333431336088,0.48576035985256116
column,rf,Meta_PSO,256,20.0,50.0,4,0.191336704218885,2.981639873089423,0.4773156131617272
column,rf,Meta_WOA,256,20.0,50.0,4,0.17847180869665596,2.1578491928033805,0.5697849042568611
column,rf,Meta_GWO,512,20.0,50.0,4,0.21243300166069354,2.8714333431336088,0.48576035985256116
column,rf,Meta_PSO,512,20.0,50.0,4,0.3165466445345748,5.460899180416886,0.5088684482975778
column,rf,Meta_WOA,512,20.0,50.0,4,0.2291540844263521,2.2636538156275563,0.5739698657872867
column,rf,Meta_GWO,777,20.0,50.0,4,0.191336704218885,2.981639873089422,0.4773156131617272
column,rf,Meta_PSO,777,20.0,50.0,4,0.3165466445345748,5.460899180416886,0.5088684482975778
column,rf,Meta_WOA,777,20.0,50.0,4,0.3165466445345748,5.460899180416885,0.5088684482975778
column,rf,Meta_GWO,1000,20.0,50.0,4,0.191336704218885,2.981639873089423,0.4773156131617272
column,rf,Meta_PSO,1000,20.0,50.0,4,0.191336704218885,2.981639873089423,0.4773156131617272
column,rf,Meta_WOA,1000,20.0,50.0,4,0.15386879977606624,2.1950362318172965,0.5795808226380279
column,rf,Meta_GWO,2024,20.0,50.0,4,0.3165466445345748,5.460899180416886,0.5088684482975778
column,rf,Meta_PSO,2024,20.0,50.0,4,0.21243300166069354,2.8714333431336088,0.48576035985256116
column,rf,Meta_WOA,2024,20.0,50.0,4,0.3165466445345748,5.460899180416886,0.5088684482975778
column,rf,Meta_GWO,0,50.0,30.0,4,0.3165466445345748,5.460899180416886,0.5088684482975778
column,rf,Meta_PSO,0,50.0,30.0,4,0.191336704218885,2.981639873089422,0.4773156131617272
column,rf,Meta_WOA,0,50.0,30.0,4,0.21243300166069354,2.8714333431336088,0.48576035985256116
column,rf,Meta_GWO,7,50.0,30.0,4,0.21243300166069354,2.8714333431336088,0.48576035985256116
column,rf,Meta_PSO,7,50.0,30.0,4,0.191336704218885,2.981639873089423,0.4773156131617272
column,rf,Meta_WOA,7,50.0,30.0,4,0.3165466445345748,5.460899180416886,0.5088684482975778
column,rf,Meta_GWO,42,50.0,30.0,4,0.191336704218885,2.981639873089422,0.4773156131617272
column,rf,Meta_PSO,42,50.0,30.0,4,0.191336704218885,2.981639873089423,0.4773156131617272
column,rf,Meta_WOA,42,50.0,30.0,4,0.17847180869665596,2.1578491928033796,0.5697849042568611
column,rf,Meta_GWO,99,50.0,30.0,4,0.25853506277207067,6.744705011785456,0.581396026136235
column,rf,Meta_PSO,99,50.0,30.0,4,0.191336704218885,2.981639873089423,0.4773156131617272
column,rf,Meta_WOA,99,50.0,30.0,4,0.191336704218885,2.981639873089422,0.4773156131617272
column,rf,Meta_GWO,123,50.0,30.0,4,0.191336704218885,2.981639873089423,0.4773156131617272
column,rf,Meta_PSO,123,50.0,30.0,4,0.191336704218885,2.981639873089423,0.4773156131617272
column,rf,Meta_WOA,123,50.0,30.0,4,0.2291540844263521,2.2636538156275563,0.5739698657872867
column,rf,Meta_GWO,256,50.0,30.0,4,0.191336704218885,2.981639873089423,0.4773156131617272
column,rf,Meta_PSO,256,50.0,30.0,4,0.3165466445345748,5.460899180416885,0.5088684482975778
column,rf,Meta_WOA,256,50.0,30.0,4,0.191336704218885,2.981639873089423,0.4773156131617272
column,rf,Meta_GWO,512,50.0,30.0,4,0.191336704218885,2.981639873089422,0.4773156131617272
column,rf,Meta_PSO,512,50.0,30.0,4,0.191336704218885,2.981639873089423,0.4773156131617272
column,rf,Meta_WOA,512,50.0,30.0,4,0.191336704218885,2.981639873089422,0.4773156131617272
column,rf,Meta_GWO,777,50.0,30.0,4,0.21243300166069354,2.8714333431336088,0.48576035985256116
column,rf,Meta_PSO,777,50.0,30.0,4,0.25853506277207067,6.744705011785457,0.581396026136235
column,rf,Meta_WOA,777,50.0,30.0,4,0.191336704218885,2.981639873089422,0.4773156131617272
column,rf,Meta_GWO,1000,50.0,30.0,4,0.21243300166069354,2.8714333431336088,0.48576035985256116
column,rf,Meta_PSO,1000,50.0,30.0,4,0.191336704218885,2.981639873089422,0.4773156131617272
column,rf,Meta_WOA,1000,50.0,30.0,4,0.191336704218885,2.981639873089423,0.4773156131617272
column,rf,Meta_GWO,2024,50.0,30.0,4,0.191336704218885,2.981639873089422,0.4773156131617272
column,rf,Meta_PSO,2024,50.0,30.0,4,0.191336704218885,2.981639873089423,0.4773156131617272
column,rf,Meta_WOA,2024,50.0,30.0,4,0.3165466445345748,5.460899180416886,0.5088684482975778
column,rf,Meta_GWO,0,50.0,50.0,4,0.21243300166069354,2.8714333431336088,0.48576035985256116
column,rf,Meta_PSO,0,50.0,50.0,4,0.191336704218885,2.981639873089423,0.4773156131617272
column,rf,Meta_WOA,0,50.0,50.0,4,0.191336704218885,2.981639873089423,0.4773156131617272
column,rf,Meta_GWO,7,50.0,50.0,4,0.3165466445345748,5.460899180416886,0.5088684482975778
column,rf,Meta_PSO,7,50.0,50.0,4,0.21243300166069354,2.8714333431336088,0.48576035985256116
column,rf,Meta_WOA,7,50.0,50.0,4,0.18275908666682078,2.477340278341546,0.5001349199280392
column,rf,Meta_GWO,42,50.0,50.0,4,0.191336704218885,2.981639873089423,0.4773156131617272
column,rf,Meta_PSO,42,50.0,50.0,4,0.191336704218885,2.981639873089423,0.4773156131617272
column,rf,Meta_WOA,42,50.0,50.0,4,0.191336704218885,2.981639873089423,0.4773156131617272
column,rf,Meta_GWO,99,50.0,50.0,4,0.191336704218885,2.981639873089422,0.4773156131617272
column,rf,Meta_PSO,99,50.0,50.0,4,0.191336704218885,2.981639873089423,0.4773156131617272
column,rf,Meta_WOA,99,50.0,50.0,4,0.17847180869665596,2.1578491928033805,0.5697849042568611
column,rf,Meta_GWO,123,50.0,50.0,4,0.191336704218885,2.981639873089422,0.4773156131617272
column,rf,Meta_PSO,123,50.0,50.0,4,0.21243300166069354,2.8714333431336088,0.48576035985256116
column,rf,Meta_WOA,123,50.0,50.0,4,0.18222805583277749,2.6099571574584144,0.5223914466972375
column,rf,Meta_GWO,256,50.0,50.0,4,0.191336704218885,2.981639873089423,0.4773156131617272
column,rf,Meta_PSO,256,50.0,50.0,4,0.191336704218885,2.981639873089423,0.4773156131617272
column,rf,Meta_WOA,256,50.0,50.0,4,0.191336704218885,2.981639873089422,0.4773156131617272
column,rf,Meta_GWO,512,50.0,50.0,4,0.21243300166069354,2.8714333431336088,0.48576035985256116
column,rf,Meta_PSO,512,50.0,50.0,4,0.191336704218885,2.981639873089422,0.4773156131617272
column,rf,Meta_WOA,512,50.0,50.0,4,0.191336704218885,2.981639873089423,0.4773156131617272
column,rf,Meta_GWO,777,50.0,50.0,4,0.191336704218885,2.981639873089422,0.4773156131617272
column,rf,Meta_PSO,777,50.0,50.0,4,0.21243300166069354,2.8714333431336088,0.48576035985256116
column,rf,Meta_WOA,777,50.0,50.0,4,0.18275908666682078,2.477340278341546,0.5001349199280392
column,rf,Meta_GWO,1000,50.0,50.0,4,0.3165466445345748,5.460899180416886,0.5088684482975778
column,rf,Meta_PSO,1000,50.0,50.0,4,0.191336704218885,2.981639873089423,0.4773156131617272
column,rf,Meta_WOA,1000,50.0,50.0,4,0.191336704218885,2.981639873089422,0.4773156131617272
column,rf,Meta_GWO,2024,50.0,50.0,4,0.25853506277207067,6.744705011785457,0.581396026136235
column,rf,Meta_PSO,2024,50.0,50.0,4,0.191336704218885,2.981639873089423,0.4773156131617272
column,rf,Meta_WOA,2024,50.0,50.0,4,0.3165466445345748,5.460899180416886,0.5088684482975778
column,rf,EvoCluster_PSO,0,20.0,30.0,3,0.18222805583277749,2.6099571574584144,0.5223914466972374
column,rf,EvoCluster_PSO,7,20.0,30.0,4,0.191336704218885,2.981639873089423,0.4773156131617272
column,rf,EvoCluster_PSO,42,20.0,30.0,4,0.3165466445345748,5.460899180416885,0.5088684482975778
column,rf,EvoCluster_PSO,99,20.0,30.0,4,0.3165466445345748,5.460899180416886,0.5088684482975778
column,rf,EvoCluster_PSO,123,20.0,30.0,3,0.18222805583277749,2.6099571574584144,0.5223914466972375
column,rf,EvoCluster_PSO,256,20.0,30.0,4,0.21243300166069354,2.8714333431336088,0.48576035985256116
column,rf,EvoCluster_PSO,512,20.0,30.0,4,0.21243300166069354,2.8714333431336088,0.48576035985256116
column,rf,EvoCluster_PSO,777,20.0,30.0,4,0.191336704218885,2.981639873089422,0.4773156131617272
column,rf,EvoCluster_PSO,1000,20.0,30.0,4,0.18275908666682078,2.477340278341546,0.5001349199280392
column,rf,EvoCluster_PSO,2024,20.0,30.0,4,0.191336704218885,2.981639873089422,0.4773156131617272
column,rf,EvoCluster_PSO,0,20.0,50.0,3,0.18222805583277749,2.6099571574584144,0.5223914466972374
column,rf,EvoCluster_PSO,7,20.0,50.0,4,0.18275908666682078,2.477340278341546,0.5001349199280392
column,rf,EvoCluster_PSO,42,20.0,50.0,4,0.191336704218885,2.981639873089423,0.4773156131617272
column,rf,EvoCluster_PSO,99,20.0,50.0,4,0.191336704218885,2.981639873089423,0.4773156131617272
column,rf,EvoCluster_PSO,123,20.0,50.0,4,0.191336704218885,2.981639873089423,0.4773156131617272
column,rf,EvoCluster_PSO,256,20.0,50.0,4,0.3165466445345748,5.460899180416886,0.5088684482975778
column,rf,EvoCluster_PSO,512,20.0,50.0,3,0.18222805583277749,2.6099571574584144,0.5223914466972374
column,rf,EvoCluster_PSO,777,20.0,50.0,4,0.3165466445345748,5.460899180416885,0.5088684482975778
column,rf,EvoCluster_PSO,1000,20.0,50.0,4,0.191336704218885,2.981639873089423,0.4773156131617272
column,rf,EvoCluster_PSO,2024,20.0,50.0,4,0.191336704218885,2.981639873089423,0.4773156131617272
column,rf,EvoCluster_PSO,0,50.0,30.0,4,0.3165466445345748,5.460899180416886,0.5088684482975778
column,rf,EvoCluster_PSO,7,50.0,30.0,4,0.191336704218885,2.981639873089423,0.4773156131617272
column,rf,EvoCluster_PSO,42,50.0,30.0,4,0.21243300166069354,2.8714333431336088,0.48576035985256116
column,rf,EvoCluster_PSO,99,50.0,30.0,4,0.191336704218885,2.981639873089423,0.4773156131617272
column,rf,EvoCluster_PSO,123,50.0,30.0,4,0.191336704218885,2.981639873089422,0.4773156131617272
column,rf,EvoCluster_PSO,256,50.0,30.0,4,0.191336704218885,2.981639873089422,0.4773156131617272
column,rf,EvoCluster_PSO,512,50.0,30.0,4,0.191336704218885,2.981639873089423,0.4773156131617272
column,rf,EvoCluster_PSO,777,50.0,30.0,4,0.191336704218885,2.981639873089423,0.4773156131617272
column,rf,EvoCluster_PSO,1000,50.0,30.0,4,0.191336704218885,2.981639873089423,0.4773156131617272
column,rf,EvoCluster_PSO,2024,50.0,30.0,4,0.191336704218885,2.981639873089422,0.4773156131617272
column,rf,EvoCluster_PSO,0,50.0,50.0,3,0.18222805583277749,2.6099571574584144,0.5223914466972374
column,rf,EvoCluster_PSO,7,50.0,50.0,4,0.21243300166069354,2.8714333431336088,0.48576035985256116
column,rf,EvoCluster_PSO,42,50.0,50.0,4,0.191336704218885,2.981639873089423,0.4773156131617272
column,rf,EvoCluster_PSO,99,50.0,50.0,4,0.191336704218885,2.981639873089423,0.4773156131617272
column,rf,EvoCluster_PSO,123,50.0,50.0,4,0.21243300166069354,2.8714333431336088,0.48576035985256116
column,rf,EvoCluster_PSO,256,50.0,50.0,4,0.191336704218885,2.981639873089423,0.4773156131617272
column,rf,EvoCluster_PSO,512,50.0,50.0,4,0.191336704218885,2.981639873089423,0.4773156131617272
column,rf,EvoCluster_PSO,777,50.0,50.0,4,0.191336704218885,2.981639873089423,0.4773156131617272
column,rf,EvoCluster_PSO,1000,50.0,50.0,4,0.191336704218885,2.981639873089423,0.4773156131617272
column,rf,EvoCluster_PSO,2024,50.0,50.0,4,0.191336704218885,2.981639873089422,0.4773156131617272
column,svm,AffinityPropagation,0,,,6,0.21935933730305998,15.576103137657736,1.1293457380230871
column,svm,AffinityPropagation,7,,,6,0.21935933730305998,15.576103137657736,1.1293457380230871
column,svm,AffinityPropagation,42,,,6,0.21935933730305998,15.576103137657736,1.1293457380230871
column,svm,AffinityPropagation,99,,,6,0.21935933730305998,15.576103137657736,1.1293457380230871
column,svm,AffinityPropagation,123,,,6,0.21935933730305998,15.576103137657736,1.1293457380230871
column,svm,AffinityPropagation,256,,,5,0.17243661575127392,9.955532165643554,1.3484895863865747
column,svm,AffinityPropagation,512,,,6,0.21935933730305998,15.576103137657736,1.1293457380230871
column,svm,AffinityPropagation,777,,,6,0.21935933730305998,15.576103137657736,1.1293457380230871
column,svm,AffinityPropagation,1000,,,6,0.21935933730305998,15.576103137657736,1.1293457380230871
column,svm,AffinityPropagation,2024,,,6,0.21935933730305998,15.576103137657736,1.1293457380230871
column,svm,Meta_GWO,0,20.0,30.0,6,0.43798759243496727,5.04430469347762,0.40346957757615315
column,svm,Meta_PSO,0,20.0,30.0,6,0.43798759243496727,5.04430469347762,0.40346957757615315
column,svm,Meta_WOA,0,20.0,30.0,6,0.43798759243496727,5.04430469347762,0.40346957757615315
column,svm,Meta_GWO,7,20.0,30.0,6,0.43798759243496727,5.04430469347762,0.40346957757615315
column,svm,Meta_PSO,7,20.0,30.0,6,0.35162106676803734,4.4765436770333435,0.45062103936032466
column,svm,Meta_WOA,7,20.0,30.0,6,0.321719176135105,2.8941201016043343,0.525515028469826
column,svm,Meta_GWO,42,20.0,30.0,6,0.43798759243496727,5.04430469347762,0.40346957757615315
column,svm,Meta_PSO,42,20.0,30.0,6,0.2356378567563128,4.300657335032884,0.45826035908430074
column,svm,Meta_WOA,42,20.0,30.0,6,0.2356378567563128,4.300657335032885,0.45826035908430074
column,svm,Meta_GWO,99,20.0,30.0,6,0.43798759243496727,5.04430469347762,0.40346957757615315
column,svm,Meta_PSO,99,20.0,30.0,6,0.13605910164465923,2.6050057164640195,0.5469793308554338
column,svm,Meta_WOA,99,20.0,30.0,6,0.17358246427006394,3.929753236528172,0.48400645274711673
column,svm,Meta_GWO,123,20.0,30.0,6,0.35162106676803734,4.4765436770333435,0.45062103936032466
column,svm,Meta_PSO,123,20.0,30.0,6,0.43798759243496727,5.04430469347762,0.40346957757615315
column,svm,Meta_WOA,123,20.0,30.0,6,0.43798759243496727,5.04430469347762,0.40346957757615315
column,svm,Meta_GWO,256,20.0,30.0,6,0.35162106676803734,4.4765436770333435,0.45062103936032466
column,svm,Meta_PSO,256,20.0,30.0,6,0.2356378567563128,4.300657335032884,0.45826035908430074
column,svm,Meta_WOA,256,20.0,30.0,6,0.43798759243496727,5.04430469347762,0.40346957757615315
column,svm,Meta_GWO,512,20.0,30.0,6,0.05732757996925484,4.845220292726267,0.560374359472803
column,svm,Meta_PSO,512,20.0,30.0,6,0.14874120747727332,2.6305045929242525,0.5535866686344207
column,svm,Meta_WOA,512,20.0,30.0,6,0.24110343881747504,4.161339383248665,0.47919307889769525
column,svm,Meta_GWO,777,20.0,30.0,6,0.43798759243496727,5.04430469347762,0.40346957757615315
column,svm,Meta_PSO,777,20.0,30.0,6,0.35162106676803734,4.4765436770333435,0.45062103936032466
column,svm,Meta_WOA,777,20.0,30.0,6,0.43798759243496727,5.04430469347762,0.40346957757615315
column,svm,Meta_GWO,1000,20.0,30.0,6,0.43798759243496727,5.04430469347762,0.40346957757615315
column,svm,Meta_PSO,1000,20.0,30.0,6,0.1982822267887641,9.980970113709382,0.6022801185819106
column,svm,Meta_WOA,1000,20.0,30.0,6,0.43798759243496727,5.04430469347762,0.40346957757615315
column,svm,Meta_GWO,2024,20.0,30.0,6,0.16270014885624173,3.97701949984446,0.5033440063638283
column,svm,Meta_PSO,2024,20.0,30.0,6,0.3464973843058307,13.396867285394636,0.6650065667711338
column,svm,Meta_WOA,2024,20.0,30.0,6,0.43798759243496727,5.04430469347762,0.40346957757615315
column,svm,Meta_GWO,0,20.0,50.0,6,0.43798759243496727,5.04430469347762,0.40346957757615315
column,svm,Meta_PSO,0,20.0,50.0,6,0.43798759243496727,5.04430469347762,0.40346957757615315
column,svm,Meta_WOA,0,20.0,50.0,6,0.24110343881747504,4.161339383248666,0.47919307889769525
column,svm,Meta_GWO,7,20.0,50.0,6,0.17393731601625348,4.241675486370199,0.4629653513658044
column,svm,Meta_PSO,7,20.0,50.0,6,0.14956463894168595,4.698502643549698,0.5950798109889166
column,svm,Meta_WOA,7,20.0,50.0,6,0.43798759243496727,5.04430469347762,0.40346957757615315
column,svm,Meta_GWO,42,20.0,50.0,6,0.13650047654258032,4.250460572740777,0.5683269351280987
column,svm,Meta_PSO,42,20.0,50.0,6,0.15604574397303353,3.98961234123174,0.48972839415514013
column,svm,Meta_WOA,42,20.0,50.0,6,0.43798759243496727,5.04430469347762,0.40346957757615315
column,svm,Meta_GWO,99,20.0,50.0,6,0.43798759243496727,5.04430469347762,0.40346957757615315
column,svm,Meta_PSO,99,20.0,50.0,6,0.43798759243496727,5.04430469347762,0.40346957757615315
column,svm,Meta_WOA,99,20.0,50.0,6,0.43798759243496727,5.04430469347762,0.40346957757615315
column,svm,Meta_GWO,123,20.0,50.0,6,0.43798759243496727,5.04430469347762,0.40346957757615315
column,svm,Meta_PSO,123,20.0,50.0,6,0.43798759243496727,5.04430469347762,0.40346957757615315
column,svm,Meta_WOA,123,20.0,50.0,6,0.43798759243496727,5.04430469347762,0.40346957757615315
column,svm,Meta_GWO,256,20.0,50.0,6,0.18529750401032216,3.8519626925953507,0.518624725242969
column,svm,Meta_PSO,256,20.0,50.0,6,0.43798759243496727,5.04430469347762,0.40346957757615315
column,svm,Meta_WOA,256,20.0,50.0,6,0.43798759243496727,5.04430469347762,0.40346957757615315
column,svm,Meta_GWO,512,20.0,50.0,6,0.43798759243496727,5.04430469347762,0.40346957757615315
column,svm,Meta_PSO,512,20.0,50.0,6,0.2356378567563128,4.300657335032885,0.45826035908430074
column,svm,Meta_WOA,512,20.0,50.0,6,0.43798759243496727,5.04430469347762,0.40346957757615315
column,svm,Meta_GWO,777,20.0,50.0,6,0.43798759243496727,5.04430469347762,0.40346957757615315
column,svm,Meta_PSO,777,20.0,50.0,6,0.35162106676803734,4.4765436770333435,0.45062103936032466
column,svm,Meta_WOA,777,20.0,50.0,6,0.35162106676803734,4.4765436770333435,0.45062103936032466
column,svm,Meta_GWO,1000,20.0,50.0,6,0.43798759243496727,5.04430469347762,0.40346957757615315
column,svm,Meta_PSO,1000,20.0,50.0,6,0.14104984491197384,3.0053815349642488,0.5157708656657695
column,svm,Meta_WOA,1000,20.0,50.0,6,0.43798759243496727,5.04430469347762,0.40346957757615315
column,svm,Meta_GWO,2024,20.0,50.0,6,0.43798759243496727,5.04430469347762,0.40346957757615315
column,svm,Meta_PSO,2024,20.0,50.0,6,0.35162106676803734,4.4765436770333435,0.45062103936032466
column,svm,Meta_WOA,2024,20.0,50.0,6,0.43798759243496727,5.04430469347762,0.40346957757615315
column,svm,Meta_GWO,0,50.0,30.0,6,0.43798759243496727,5.04430469347762,0.40346957757615315
column,svm,Meta_PSO,0,50.0,30.0,6,0.17358246427006394,3.929753236528172,0.48400645274711673
column,svm,Meta_WOA,0,50.0,30.0,6,0.43798759243496727,5.04430469347762,0.40346957757615315
column,svm,Meta_GWO,7,50.0,30.0,6,0.43798759243496727,5.04430469347762,0.40346957757615315
column,svm,Meta_PSO,7,50.0,30.0,6,0.35162106676803734,4.4765436770333435,0.45062103936032466
column,svm,Meta_WOA,7,50.0,30.0,6,0.43798759243496727,5.04430469347762,0.40346957757615315
column,svm,Meta_GWO,42,50.0,30.0,6,0.43798759243496727,5.04430469347762,0.40346957757615315
column,svm,Meta_PSO,42,50.0,30.0,6,0.43798759243496727,5.04430469347762,0.40346957757615315
column,svm,Meta_WOA,42,50.0,30.0,6,0.43798759243496727,5.04430469347762,0.40346957757615315
column,svm,Meta_GWO,99,50.0,30.0,6,0.43798759243496727,5.04430469347762,0.40346957757615315
column,svm,Meta_PSO,99,50.0,30.0,6,0.43798759243496727,5.04430469347762,0.40346957757615315
column,svm,Meta_WOA,99,50.0,30.0,6,0.43798759243496727,5.04430469347762,0.40346957757615315
column,svm,Meta_GWO,123,50.0,30.0,6,0.35162106676803734,4.4765436770333435,0.45062103936032466
column,svm,Meta_PSO,123,50.0,30.0,6,0.43798759243496727,5.04430469347762,0.40346957757615315
column,svm,Meta_WOA,123,50.0,30.0,6,0.43798759243496727,5.04430469347762,0.40346957757615315
column,svm,Meta_GWO,256,50.0,30.0,6,0.35162106676803734,4.4765436770333435,0.45062103936032466
column,svm,Meta_PSO,256,50.0,30.0,6,0.35162106676803734,4.4765436770333435,0.45062103936032466
column,svm,Meta_WOA,256,50.0,30.0,6,0.43798759243496727,5.04430469347762,0.40346957757615315
column,svm,Meta_GWO,512,50.0,30.0,6,0.43798759243496727,5.04430469347762,0.40346957757615315
column,svm,Meta_PSO,512,50.0,30.0,6,0.43798759243496727,5.04430469347762,0.40346957757615315
column,svm,Meta_WOA,512,50.0,30.0,6,0.43798759243496727,5.04430469347762,0.40346957757615315
column,svm,Meta_GWO,777,50.0,30.0,6,0.43798759243496727,5.04430469347762,0.40346957757615315
column,svm,Meta_PSO,777,50.0,30.0,6,0.35162106676803734,4.4765436770333435,0.45062103936032466
column,svm,Meta_WOA,777,50.0,30.0,6,0.43798759243496727,5.04430469347762,0.40346957757615315
column,svm,Meta_GWO,1000,50.0,30.0,6,0.321719176135105,2.8941201016043343,0.525515028469826
column,svm,Meta_PSO,1000,50.0,30.0,6,0.43798759243496727,5.04430469347762,0.40346957757615315
column,svm,Meta_WOA,1000,50.0,30.0,6,0.43798759243496727,5.04430469347762,0.40346957757615315
column,svm,Meta_GWO,2024,50.0,30.0,6,0.43798759243496727,5.04430469347762,0.40346957757615315
column,svm,Meta_PSO,2024,50.0,30.0,6,0.43798759243496727,5.04430469347762,0.40346957757615315
column,svm,Meta_WOA,2024,50.0,30.0,6,0.20279516018336924,2.9218601555207364,0.523780085083546
column,svm,Meta_GWO,0,50.0,50.0,6,0.43798759243496727,5.04430469347762,0.40346957757615315
column,svm,Meta_PSO,0,50.0,50.0,6,0.43798759243496727,5.04430469347762,0.40346957757615315
column,svm,Meta_WOA,0,50.0,50.0,6,0.35162106676803734,4.4765436770333435,0.45062103936032466
column,svm,Meta_GWO,7,50.0,50.0,6,0.43798759243496727,5.04430469347762,0.40346957757615315
column,svm,Meta_PSO,7,50.0,50.0,6,0.43798759243496727,5.04430469347762,0.40346957757615315
column,svm,Meta_WOA,7,50.0,50.0,6,0.43798759243496727,5.04430469347762,0.40346957757615315
column,svm,Meta_GWO,42,50.0,50.0,6,0.35162106676803734,4.4765436770333435,0.45062103936032466
column,svm,Meta_PSO,42,50.0,50.0,6,0.43798759243496727,5.04430469347762,0.40346957757615315
column,svm,Meta_WOA,42,50.0,50.0,6,0.43798759243496727,5.04430469347762,0.40346957757615315
column,svm,Meta_GWO,99,50.0,50.0,6,0.43798759243496727,5.04430469347762,0.40346957757615315
column,svm,Meta_PSO,99,50.0,50.0,6,0.43798759243496727,5.04430469347762,0.40346957757615315
column,svm,Meta_WOA,99,50.0,50.0,6,0.43798759243496727,5.04430469347762,0.40346957757615315
column,svm,Meta_GWO,123,50.0,50.0,6,0.43798759243496727,5.04430469347762,0.40346957757615315
column,svm,Meta_PSO,123,50.0,50.0,6,0.35162106676803734,4.4765436770333435,0.45062103936032466
column,svm,Meta_WOA,123,50.0,50.0,6,0.43798759243496727,5.04430469347762,0.40346957757615315
column,svm,Meta_GWO,256,50.0,50.0,6,0.43798759243496727,5.04430469347762,0.40346957757615315
column,svm,Meta_PSO,256,50.0,50.0,6,0.43798759243496727,5.04430469347762,0.40346957757615315
column,svm,Meta_WOA,256,50.0,50.0,6,0.43798759243496727,5.04430469347762,0.40346957757615315
column,svm,Meta_GWO,512,50.0,50.0,6,0.43798759243496727,5.04430469347762,0.40346957757615315
column,svm,Meta_PSO,512,50.0,50.0,6,0.43798759243496727,5.04430469347762,0.40346957757615315
column,svm,Meta_WOA,512,50.0,50.0,6,0.43798759243496727,5.04430469347762,0.40346957757615315
column,svm,Meta_GWO,777,50.0,50.0,6,0.43798759243496727,5.04430469347762,0.40346957757615315
column,svm,Meta_PSO,777,50.0,50.0,6,0.43798759243496727,5.04430469347762,0.40346957757615315
column,svm,Meta_WOA,777,50.0,50.0,6,0.43798759243496727,5.04430469347762,0.40346957757615315
column,svm,Meta_GWO,1000,50.0,50.0,6,0.43798759243496727,5.04430469347762,0.40346957757615315
column,svm,Meta_PSO,1000,50.0,50.0,6,0.43798759243496727,5.04430469347762,0.40346957757615315
column,svm,Meta_WOA,1000,50.0,50.0,6,0.43798759243496727,5.04430469347762,0.40346957757615315
column,svm,Meta_GWO,2024,50.0,50.0,6,0.43798759243496727,5.04430469347762,0.40346957757615315
column,svm,Meta_PSO,2024,50.0,50.0,6,0.43798759243496727,5.04430469347762,0.40346957757615315
column,svm,Meta_WOA,2024,50.0,50.0,6,0.43798759243496727,5.04430469347762,0.40346957757615315
column,svm,EvoCluster_PSO,0,20.0,30.0,2,0.43798759243496727,5.04430469347762,0.40346957757615315
column,svm,EvoCluster_PSO,7,20.0,30.0,6,0.1982457897756092,9.84188390347251,0.5776084259839879
column,svm,EvoCluster_PSO,42,20.0,30.0,2,0.43798759243496727,5.04430469347762,0.40346957757615315
column,svm,EvoCluster_PSO,99,20.0,30.0,2,0.43798759243496727,5.04430469347762,0.40346957757615315
column,svm,EvoCluster_PSO,123,20.0,30.0,2,0.43798759243496727,5.04430469347762,0.40346957757615315
column,svm,EvoCluster_PSO,256,20.0,30.0,2,0.43798759243496727,5.04430469347762,0.40346957757615315
column,svm,EvoCluster_PSO,512,20.0,30.0,2,0.43798759243496727,5.04430469347762,0.40346957757615315
column,svm,EvoCluster_PSO,777,20.0,30.0,2,0.43798759243496727,5.04430469347762,0.40346957757615315
column,svm,EvoCluster_PSO,1000,20.0,30.0,2,0.43798759243496727,5.04430469347762,0.40346957757615315
column,svm,EvoCluster_PSO,2024,20.0,30.0,3,0.35162106676803734,4.4765436770333435,0.45062103936032466
column,svm,EvoCluster_PSO,0,20.0,50.0,2,0.43798759243496727,5.04430469347762,0.40346957757615315
column,svm,EvoCluster_PSO,7,20.0,50.0,2,0.43798759243496727,5.04430469347762,0.40346957757615315
column,svm,EvoCluster_PSO,42,20.0,50.0,2,0.43798759243496727,5.04430469347762,0.40346957757615315
column,svm,EvoCluster_PSO,99,20.0,50.0,2,0.43798759243496727,5.04430469347762,0.40346957757615315
column,svm,EvoCluster_PSO,123,20.0,50.0,2,0.43798759243496727,5.04430469347762,0.40346957757615315
column,svm,EvoCluster_PSO,256,20.0,50.0,2,0.43798759243496727,5.04430469347762,0.40346957757615315
column,svm,EvoCluster_PSO,512,20.0,50.0,2,0.43798759243496727,5.04430469347762,0.40346957757615315
column,svm,EvoCluster_PSO,777,20.0,50.0,3,0.35162106676803734,4.4765436770333435,0.45062103936032466
column,svm,EvoCluster_PSO,1000,20.0,50.0,2,0.43798759243496727,5.04430469347762,0.40346957757615315
column,svm,EvoCluster_PSO,2024,20.0,50.0,2,0.43798759243496727,5.04430469347762,0.40346957757615315
column,svm,EvoCluster_PSO,0,50.0,30.0,2,0.43798759243496727,5.04430469347762,0.40346957757615315
column,svm,EvoCluster_PSO,7,50.0,30.0,2,0.43798759243496727,5.04430469347762,0.40346957757615315
column,svm,EvoCluster_PSO,42,50.0,30.0,2,0.43798759243496727,5.04430469347762,0.40346957757615315
column,svm,EvoCluster_PSO,99,50.0,30.0,2,0.43798759243496727,5.04430469347762,0.40346957757615315
column,svm,EvoCluster_PSO,123,50.0,30.0,2,0.43798759243496727,5.04430469347762,0.40346957757615315
column,svm,EvoCluster_PSO,256,50.0,30.0,6,0.2373799221836637,8.665972316360623,0.5849121684081918
column,svm,EvoCluster_PSO,512,50.0,30.0,2,0.43798759243496727,5.04430469347762,0.40346957757615315
column,svm,EvoCluster_PSO,777,50.0,30.0,2,0.43798759243496727,5.04430469347762,0.40346957757615315
column,svm,EvoCluster_PSO,1000,50.0,30.0,2,0.43798759243496727,5.04430469347762,0.40346957757615315
column,svm,EvoCluster_PSO,2024,50.0,30.0,2,0.43798759243496727,5.04430469347762,0.40346957757615315
column,svm,EvoCluster_PSO,0,50.0,50.0,2,0.43798759243496727,5.04430469347762,0.40346957757615315
column,svm,EvoCluster_PSO,7,50.0,50.0,2,0.43798759243496727,5.04430469347762,0.40346957757615315
column,svm,EvoCluster_PSO,42,50.0,50.0,2,0.43798759243496727,5.04430469347762,0.40346957757615315
column,svm,EvoCluster_PSO,99,50.0,50.0,2,0.43798759243496727,5.04430469347762,0.40346957757615315
column,svm,EvoCluster_PSO,123,50.0,50.0,2,0.43798759243496727,5.04430469347762,0.40346957757615315
column,svm,EvoCluster_PSO,256,50.0,50.0,2,0.43798759243496727,5.04430469347762,0.40346957757615315
column,svm,EvoCluster_PSO,512,50.0,50.0,2,0.43798759243496727,5.04430469347762,0.40346957757615315
column,svm,EvoCluster_PSO,777,50.0,50.0,2,0.43798759243496727,5.04430469347762,0.40346957757615315
column,svm,EvoCluster_PSO,1000,50.0,50.0,2,0.43798759243496727,5.04430469347762,0.40346957757615315
column,svm,EvoCluster_PSO,2024,50.0,50.0,2,0.43798759243496727,5.04430469347762,0.40346957757615315
column,xgb,AffinityPropagation,0,,,4,0.22381222882922067,8.215383663249959,0.8626328524250712
column,xgb,AffinityPropagation,7,,,4,0.22381222882922067,8.215383663249959,0.8626328524250712
column,xgb,AffinityPropagation,42,,,4,0.22381222882922067,8.215383663249959,0.8626328524250712
column,xgb,AffinityPropagation,99,,,4,0.22381222882922067,8.215383663249959,0.8626328524250712
column,xgb,AffinityPropagation,123,,,4,0.22381222882922067,8.215383663249959,0.8626328524250712
column,xgb,AffinityPropagation,256,,,4,0.22381222882922067,8.215383663249959,0.8626328524250712
column,xgb,AffinityPropagation,512,,,4,0.22381222882922067,8.215383663249959,0.8626328524250712
column,xgb,AffinityPropagation,777,,,4,0.22381222882922067,8.215383663249959,0.8626328524250712
column,xgb,AffinityPropagation,1000,,,4,0.22381222882922067,8.215383663249959,0.8626328524250712
column,xgb,AffinityPropagation,2024,,,4,0.22381222882922067,8.215383663249959,0.8626328524250712
column,xgb,Meta_GWO,0,20.0,30.0,4,0.2855766602987681,4.067741340452188,0.4087045042313115
column,xgb,Meta_PSO,0,20.0,30.0,4,0.2855766602987681,4.067741340452188,0.40870450423131155
column,xgb,Meta_WOA,0,20.0,30.0,4,0.2283952224161449,3.3058704292416925,0.4631540128105176
column,xgb,Meta_GWO,7,20.0,30.0,4,0.22468788220224592,3.8662374470430154,0.427298557721166
column,xgb,Meta_PSO,7,20.0,30.0,4,0.2855766602987681,4.067741340452188,0.4087045042313115
column,xgb,Meta_WOA,7,20.0,30.0,4,0.22386134895202403,3.6897759712015326,0.4254873827743657
column,xgb,Meta_GWO,42,20.0,30.0,4,0.22386134895202403,3.6897759712015326,0.4254873827743657
column,xgb,Meta_PSO,42,20.0,30.0,4,0.2855766602987681,4.067741340452188,0.4087045042313115
column,xgb,Meta_WOA,42,20.0,30.0,4,0.2283952224161449,3.3058704292416925,0.4631540128105176
column,xgb,Meta_GWO,99,20.0,30.0,4,0.262295014289933,3.40334292238331,0.4593098133991144
column,xgb,Meta_PSO,99,20.0,30.0,4,0.2855766602987681,4.067741340452188,0.4087045042313115
column,xgb,Meta_WOA,99,20.0,30.0,4,0.22386134895202403,3.6897759712015326,0.4254873827743657
column,xgb,Meta_GWO,123,20.0,30.0,4,0.2855766602987681,4.067741340452188,0.4087045042313115
column,xgb,Meta_PSO,123,20.0,30.0,4,0.2855766602987681,4.067741340452188,0.4087045042313115
column,xgb,Meta_WOA,123,20.0,30.0,4,0.22386134895202403,3.6897759712015326,0.4254873827743657
column,xgb,Meta_GWO,256,20.0,30.0,4,0.2855766602987681,4.067741340452188,0.40870450423131155
column,xgb,Meta_PSO,256,20.0,30.0,4,0.22386134895202403,3.6897759712015326,0.4254873827743657
column,xgb,Meta_WOA,256,20.0,30.0,4,0.22386134895202403,3.6897759712015326,0.4254873827743657
column,xgb,Meta_GWO,512,20.0,30.0,4,0.2855766602987681,4.067741340452188,0.4087045042313115
column,xgb,Meta_PSO,512,20.0,30.0,4,0.2855766602987681,4.067741340452188,0.4087045042313115
column,xgb,Meta_WOA,512,20.0,30.0,4,0.262295014289933,3.40334292238331,0.4593098133991144
column,xgb,Meta_GWO,777,20.0,30.0,4,0.262295014289933,3.40334292238331,0.4593098133991144
column,xgb,Meta_PSO,777,20.0,30.0,4,0.2855766602987681,4.067741340452188,0.40870450423131155
column,xgb,Meta_WOA,777,20.0,30.0,4,0.22468788220224592,3.8662374470430154,0.42729855772116604
column,xgb,Meta_GWO,1000,20.0,30.0,4,0.2855766602987681,4.067741340452188,0.40870450423131155
column,xgb,Meta_PSO,1000,20.0,30.0,4,0.22386134895202403,3.6897759712015326,0.4254873827743657
column,xgb,Meta_WOA,1000,20.0,30.0,4,0.2283952224161449,3.3058704292416925,0.4631540128105176
column,xgb,Meta_GWO,2024,20.0,30.0,4,0.2855766602987681,4.067741340452188,0.4087045042313115
column,xgb,Meta_PSO,2024,20.0,30.0,4,0.22386134895202403,3.6897759712015326,0.4254873827743657
column,xgb,Meta_WOA,2024,20.0,30.0,4,0.2855766602987681,4.067741340452188,0.4087045042313115
column,xgb,Meta_GWO,0,20.0,50.0,4,0.2855766602987681,4.067741340452188,0.40870450423131155
column,xgb,Meta_PSO,0,20.0,50.0,4,0.2855766602987681,4.067741340452188,0.4087045042313115
column,xgb,Meta_WOA,0,20.0,50.0,4,0.2855766602987681,4.067741340452188,0.40870450423131155
column,xgb,Meta_GWO,7,20.0,50.0,4,0.22386134895202403,3.6897759712015326,0.4254873827743657
column,xgb,Meta_PSO,7,20.0,50.0,4,0.2855766602987681,4.067741340452188,0.40870450423131155
column,xgb,Meta_WOA,7,20.0,50.0,4,0.2283952224161449,3.3058704292416925,0.4631540128105176
column,xgb,Meta_GWO,42,20.0,50.0,4,0.22468788220224592,3.8662374470430154,0.42729855772116604
column,xgb,Meta_PSO,42,20.0,50.0,4,0.2855766602987681,4.067741340452188,0.4087045042313115
column,xgb,Meta_WOA,42,20.0,50.0,4,0.22386134895202403,3.6897759712015326,0.4254873827743657
column,xgb,Meta_GWO,99,20.0,50.0,4,0.22468788220224592,3.8662374470430154,0.427298557721166
column,xgb,Meta_PSO,99,20.0,50.0,4,0.2855766602987681,4.067741340452188,0.4087045042313115
column,xgb,Meta_WOA,99,20.0,50.0,4,0.262295014289933,3.40334292238331,0.4593098133991144
column,xgb,Meta_GWO,123,20.0,50.0,4,0.2855766602987681,4.067741340452188,0.4087045042313115
column,xgb,Meta_PSO,123,20.0,50.0,4,0.2855766602987681,4.067741340452188,0.4087045042313115
column,xgb,Meta_WOA,123,20.0,50.0,4,0.2855766602987681,4.067741340452188,0.40870450423131155
column,xgb,Meta_GWO,256,20.0,50.0,4,0.2855766602987681,4.067741340452188,0.40870450423131155
column,xgb,Meta_PSO,256,20.0,50.0,4,0.2855766602987681,4.067741340452188,0.4087045042313115
column,xgb,Meta_WOA,256,20.0,50.0,4,0.262295014289933,3.40334292238331,0.4593098133991144
column,xgb,Meta_GWO,512,20.0,50.0,4,0.22468788220224592,3.8662374470430154,0.427298557721166
column,xgb,Meta_PSO,512,20.0,50.0,4,0.2855766602987681,4.067741340452188,0.4087045042313115
column,xgb,Meta_WOA,512,20.0,50.0,4,0.2283952224161449,3.3058704292416925,0.4631540128105176
column,xgb,Meta_GWO,777,20.0,50.0,4,0.2855766602987681,4.067741340452188,0.40870450423131155
column,xgb,Meta_PSO,777,20.0,50.0,4,0.2855766602987681,4.067741340452188,0.4087045042313115
column,xgb,Meta_WOA,777,20.0,50.0,4,0.2283952224161449,3.3058704292416925,0.4631540128105176
column,xgb,Meta_GWO,1000,20.0,50.0,4,0.2855766602987681,4.067741340452188,0.4087045042313115
column,xgb,Meta_PSO,1000,20.0,50.0,4,0.2855766602987681,4.067741340452188,0.40870450423131155
column,xgb,Meta_WOA,1000,20.0,50.0,4,0.262295014289933,3.40334292238331,0.4593098133991144
column,xgb,Meta_GWO,2024,20.0,50.0,4,0.2855766602987681,4.067741340452189,0.40870450423131155
column,xgb,Meta_PSO,2024,20.0,50.0,4,0.2855766602987681,4.067741340452188,0.4087045042313115
column,xgb,Meta_WOA,2024,20.0,50.0,4,0.2855766602987681,4.067741340452188,0.40870450423131155
column,xgb,Meta_GWO,0,50.0,30.0,4,0.22386134895202403,3.6897759712015326,0.4254873827743657
column,xgb,Meta_PSO,0,50.0,30.0,4,0.2855766602987681,4.067741340452188,0.4087045042313115
column,xgb,Meta_WOA,0,50.0,30.0,4,0.2855766602987681,4.067741340452188,0.4087045042313115
column,xgb,Meta_GWO,7,50.0,30.0,4,0.2855766602987681,4.067741340452188,0.40870450423131155
column,xgb,Meta_PSO,7,50.0,30.0,4,0.2855766602987681,4.067741340452188,0.4087045042313115
column,xgb,Meta_WOA,7,50.0,30.0,4,0.22386134895202403,3.6897759712015326,0.4254873827743657
column,xgb,Meta_GWO,42,50.0,30.0,4,0.2855766602987681,4.067741340452188,0.4087045042313115
column,xgb,Meta_PSO,42,50.0,30.0,4,0.2855766602987681,4.067741340452188,0.4087045042313115
column,xgb,Meta_WOA,42,50.0,30.0,4,0.2855766602987681,4.067741340452188,0.4087045042313115
column,xgb,Meta_GWO,99,50.0,30.0,4,0.2855766602987681,4.067741340452188,0.4087045042313115
column,xgb,Meta_PSO,99,50.0,30.0,4,0.2855766602987681,4.067741340452188,0.4087045042313115
column,xgb,Meta_WOA,99,50.0,30.0,4,0.2855766602987681,4.067741340452188,0.40870450423131155
column,xgb,Meta_GWO,123,50.0,30.0,4,0.2855766602987681,4.067741340452188,0.40870450423131155
column,xgb,Meta_PSO,123,50.0,30.0,4,0.2855766602987681,4.067741340452188,0.4087045042313115
column,xgb,Meta_WOA,123,50.0,30.0,4,0.22386134895202403,3.6897759712015326,0.4254873827743657
column,xgb,Meta_GWO,256,50.0,30.0,4,0.22386134895202403,3.6897759712015326,0.4254873827743657
column,xgb,Meta_PSO,256,50.0,30.0,4,0.22386134895202403,3.6897759712015326,0.4254873827743657
column,xgb,Meta_WOA,256,50.0,30.0,4,0.22386134895202403,3.6897759712015326,0.4254873827743657
column,xgb,Meta_GWO,512,50.0,30.0,4,0.22468788220224592,3.8662374470430154,0.42729855772116604
column,xgb,Meta_PSO,512,50.0,30.0,4,0.2855766602987681,4.067741340452188,0.4087045042313115
column,xgb,Meta_WOA,512,50.0,30.0,4,0.2855766602987681,4.067741340452188,0.4087045042313115
column,xgb,Meta_GWO,777,50.0,30.0,4,0.22386134895202403,3.6897759712015326,0.4254873827743657
column,xgb,Meta_PSO,777,50.0,30.0,4,0.22386134895202403,3.6897759712015326,0.4254873827743657
column,xgb,Meta_WOA,777,50.0,30.0,4,0.22386134895202403,3.6897759712015326,0.4254873827743657
column,xgb,Meta_GWO,1000,50.0,30.0,4,0.2855766602987681,4.067741340452188,0.40870450423131155
column,xgb,Meta_PSO,1000,50.0,30.0,4,0.2855766602987681,4.067741340452188,0.4087045042313115
column,xgb,Meta_WOA,1000,50.0,30.0,4,0.2855766602987681,4.067741340452188,0.4087045042313115
column,xgb,Meta_GWO,2024,50.0,30.0,4,0.2855766602987681,4.067741340452188,0.40870450423131155
column,xgb,Meta_PSO,2024,50.0,30.0,4,0.2855766602987681,4.067741340452188,0.4087045042313115
column,xgb,Meta_WOA,2024,50.0,30.0,4,0.2855766602987681,4.067741340452188,0.40870450423131155
column,xgb,Meta_GWO,0,50.0,50.0,4,0.22386134895202403,3.6897759712015326,0.4254873827743657
column,xgb,Meta_PSO,0,50.0,50.0,4,0.2855766602987681,4.067741340452188,0.4087045042313115
column,xgb,Meta_WOA,0,50.0,50.0,4,0.2855766602987681,4.067741340452188,0.4087045042313115
column,xgb,Meta_GWO,7,50.0,50.0,4,0.2855766602987681,4.067741340452188,0.40870450423131155
column,xgb,Meta_PSO,7,50.0,50.0,4,0.2855766602987681,4.067741340452188,0.4087045042313115
column,xgb,Meta_WOA,7,50.0,50.0,4,0.22468788220224592,3.866237447043016,0.427298557721166
column,xgb,Meta_GWO,42,50.0,50.0,4,0.2855766602987681,4.067741340452188,0.40870450423131155
column,xgb,Meta_PSO,42,50.0,50.0,4,0.2855766602987681,4.067741340452188,0.40870450423131155
column,xgb,Meta_WOA,42,50.0,50.0,4,0.2855766602987681,4.067741340452188,0.4087045042313115
column,xgb,Meta_GWO,99,50.0,50.0,4,0.2855766602987681,4.067741340452188,0.4087045042313115
column,xgb,Meta_PSO,99,50.0,50.0,4,0.2855766602987681,4.067741340452188,0.40870450423131155
column,xgb,Meta_WOA,99,50.0,50.0,4,0.2855766602987681,4.067741340452188,0.4087045042313115
column,xgb,Meta_GWO,123,50.0,50.0,4,0.2855766602987681,4.067741340452188,0.40870450423131155
column,xgb,Meta_PSO,123,50.0,50.0,4,0.2855766602987681,4.067741340452188,0.4087045042313115
column,xgb,Meta_WOA,123,50.0,50.0,4,0.2855766602987681,4.067741340452188,0.40870450423131155
column,xgb,Meta_GWO,256,50.0,50.0,4,0.2855766602987681,4.067741340452188,0.40870450423131155
column,xgb,Meta_PSO,256,50.0,50.0,4,0.2855766602987681,4.067741340452188,0.4087045042313115
column,xgb,Meta_WOA,256,50.0,50.0,4,0.2855766602987681,4.067741340452188,0.40870450423131155
column,xgb,Meta_GWO,512,50.0,50.0,4,0.2855766602987681,4.067741340452188,0.4087045042313115
column,xgb,Meta_PSO,512,50.0,50.0,4,0.2855766602987681,4.067741340452188,0.40870450423131155
column,xgb,Meta_WOA,512,50.0,50.0,4,0.22468788220224592,3.866237447043016,0.427298557721166
column,xgb,Meta_GWO,777,50.0,50.0,4,0.2855766602987681,4.067741340452188,0.4087045042313115
column,xgb,Meta_PSO,777,50.0,50.0,4,0.2855766602987681,4.067741340452188,0.4087045042313115
column,xgb,Meta_WOA,777,50.0,50.0,4,0.262295014289933,3.40334292238331,0.4593098133991144
column,xgb,Meta_GWO,1000,50.0,50.0,4,0.22386134895202403,3.6897759712015326,0.4254873827743657
column,xgb,Meta_PSO,1000,50.0,50.0,4,0.2855766602987681,4.067741340452188,0.4087045042313115
column,xgb,Meta_WOA,1000,50.0,50.0,4,0.262295014289933,3.40334292238331,0.4593098133991144
column,xgb,Meta_GWO,2024,50.0,50.0,4,0.2855766602987681,4.067741340452188,0.4087045042313115
column,xgb,Meta_PSO,2024,50.0,50.0,4,0.2855766602987681,4.067741340452188,0.4087045042313115
column,xgb,Meta_WOA,2024,50.0,50.0,4,0.22386134895202403,3.6897759712015326,0.4254873827743657
column,xgb,EvoCluster_PSO,0,20.0,30.0,4,0.2855766602987681,4.067741340452188,0.4087045042313115
column,xgb,EvoCluster_PSO,7,20.0,30.0,4,0.2855766602987681,4.067741340452188,0.40870450423131155
column,xgb,EvoCluster_PSO,42,20.0,30.0,4,0.2855766602987681,4.067741340452188,0.4087045042313115
column,xgb,EvoCluster_PSO,99,20.0,30.0,4,0.22386134895202403,3.6897759712015326,0.4254873827743657
column,xgb,EvoCluster_PSO,123,20.0,30.0,4,0.2855766602987681,4.067741340452188,0.40870450423131155
column,xgb,EvoCluster_PSO,256,20.0,30.0,4,0.22386134895202403,3.6897759712015326,0.4254873827743657
column,xgb,EvoCluster_PSO,512,20.0,30.0,4,0.22386134895202403,3.6897759712015326,0.4254873827743657
column,xgb,EvoCluster_PSO,777,20.0,30.0,4,0.22386134895202403,3.6897759712015326,0.4254873827743657
column,xgb,EvoCluster_PSO,1000,20.0,30.0,4,0.2855766602987681,4.067741340452188,0.40870450423131155
column,xgb,EvoCluster_PSO,2024,20.0,30.0,4,0.2855766602987681,4.067741340452188,0.40870450423131155
column,xgb,EvoCluster_PSO,0,20.0,50.0,4,0.2855766602987681,4.067741340452188,0.4087045042313115
column,xgb,EvoCluster_PSO,7,20.0,50.0,4,0.22386134895202403,3.6897759712015326,0.4254873827743657
column,xgb,EvoCluster_PSO,42,20.0,50.0,4,0.2855766602987681,4.067741340452188,0.40870450423131155
column,xgb,EvoCluster_PSO,99,20.0,50.0,4,0.2855766602987681,4.067741340452188,0.4087045042313115
column,xgb,EvoCluster_PSO,123,20.0,50.0,4,0.2855766602987681,4.067741340452189,0.40870450423131155
column,xgb,EvoCluster_PSO,256,20.0,50.0,4,0.2855766602987681,4.067741340452188,0.4087045042313115
column,xgb,EvoCluster_PSO,512,20.0,50.0,4,0.22468788220224592,3.8662374470430154,0.42729855772116604
column,xgb,EvoCluster_PSO,777,20.0,50.0,4,0.22386134895202403,3.6897759712015326,0.4254873827743657
column,xgb,EvoCluster_PSO,1000,20.0,50.0,4,0.2855766602987681,4.067741340452188,0.4087045042313115
column,xgb,EvoCluster_PSO,2024,20.0,50.0,4,0.2855766602987681,4.067741340452188,0.4087045042313115
column,xgb,EvoCluster_PSO,0,50.0,30.0,4,0.2855766602987681,4.067741340452188,0.4087045042313115
column,xgb,EvoCluster_PSO,7,50.0,30.0,4,0.2855766602987681,4.067741340452188,0.4087045042313115
column,xgb,EvoCluster_PSO,42,50.0,30.0,4,0.2855766602987681,4.067741340452188,0.40870450423131155
column,xgb,EvoCluster_PSO,99,50.0,30.0,4,0.2855766602987681,4.067741340452188,0.40870450423131155
column,xgb,EvoCluster_PSO,123,50.0,30.0,4,0.2855766602987681,4.067741340452188,0.4087045042313115
column,xgb,EvoCluster_PSO,256,50.0,30.0,4,0.2855766602987681,4.067741340452188,0.40870450423131155
column,xgb,EvoCluster_PSO,512,50.0,30.0,4,0.2855766602987681,4.067741340452188,0.4087045042313115
column,xgb,EvoCluster_PSO,777,50.0,30.0,4,0.2855766602987681,4.067741340452188,0.4087045042313115
column,xgb,EvoCluster_PSO,1000,50.0,30.0,4,0.22386134895202403,3.6897759712015326,0.4254873827743657
column,xgb,EvoCluster_PSO,2024,50.0,30.0,4,0.2855766602987681,4.067741340452188,0.4087045042313115
column,xgb,EvoCluster_PSO,0,50.0,50.0,4,0.2855766602987681,4.067741340452188,0.4087045042313115
column,xgb,EvoCluster_PSO,7,50.0,50.0,4,0.2855766602987681,4.067741340452188,0.4087045042313115
column,xgb,EvoCluster_PSO,42,50.0,50.0,4,0.2855766602987681,4.067741340452188,0.40870450423131155
column,xgb,EvoCluster_PSO,99,50.0,50.0,4,0.2855766602987681,4.067741340452188,0.4087045042313115
column,xgb,EvoCluster_PSO,123,50.0,50.0,4,0.2855766602987681,4.067741340452188,0.4087045042313115
column,xgb,EvoCluster_PSO,256,50.0,50.0,4,0.2855766602987681,4.067741340452188,0.4087045042313115
column,xgb,EvoCluster_PSO,512,50.0,50.0,4,0.2855766602987681,4.067741340452188,0.4087045042313115
column,xgb,EvoCluster_PSO,777,50.0,50.0,4,0.22386134895202403,3.6897759712015326,0.4254873827743657
column,xgb,EvoCluster_PSO,1000,50.0,50.0,4,0.2855766602987681,4.067741340452188,0.4087045042313115
column,xgb,EvoCluster_PSO,2024,50.0,50.0,4,0.22386134895202403,3.6897759712015326,0.4254873827743657
blood-transfusion,rf,AffinityPropagation,0,,,7,0.41109346238599315,52.83603135778957,0.815133634919192
blood-transfusion,rf,AffinityPropagation,7,,,7,0.41109346238599315,52.83603135778957,0.815133634919192
blood-transfusion,rf,AffinityPropagation,42,,,7,0.41109346238599315,52.83603135778957,0.815133634919192
blood-transfusion,rf,AffinityPropagation,99,,,7,0.41109346238599315,52.83603135778957,0.815133634919192
blood-transfusion,rf,AffinityPropagation,123,,,7,0.41109346238599315,52.83603135778957,0.815133634919192
blood-transfusion,rf,AffinityPropagation,256,,,7,0.41109346238599315,52.83603135778957,0.815133634919192
blood-transfusion,rf,AffinityPropagation,512,,,7,0.41109346238599315,52.83603135778957,0.815133634919192
blood-transfusion,rf,AffinityPropagation,777,,,7,0.41109346238599315,52.83603135778957,0.815133634919192
blood-transfusion,rf,AffinityPropagation,1000,,,7,0.41109346238599315,52.83603135778957,0.815133634919192
blood-transfusion,rf,AffinityPropagation,2024,,,7,0.41109346238599315,52.83603135778957,0.815133634919192
blood-transfusion,rf,Meta_GWO,0,20.0,30.0,7,0.29393178728387687,20.90723841188256,0.6029600641989987
blood-transfusion,rf,Meta_PSO,0,20.0,30.0,7,0.32230008623170775,16.42716696573908,0.5202514501842593
blood-transfusion,rf,Meta_WOA,0,20.0,30.0,7,0.43216605709052236,5.488246936627842,0.3762141190590214
blood-transfusion,rf,Meta_GWO,7,20.0,30.0,7,0.29377690353417646,8.917407552503311,0.4443955197244994
blood-transfusion,rf,Meta_PSO,7,20.0,30.0,7,0.15872036944633477,9.65260712614922,0.5043842367251627
blood-transfusion,rf,Meta_WOA,7,20.0,30.0,7,0.4224446061190375,5.718989443116806,0.3708747554476719
blood-transfusion,rf,Meta_GWO,42,20.0,30.0,7,0.23308472917422854,13.705503670249485,0.5131466469671436
blood-transfusion,rf,Meta_PSO,42,20.0,30.0,7,0.2652875124082799,14.118108248751469,0.5036470123337699
blood-transfusion,rf,Meta_WOA,42,20.0,30.0,7,0.29377690353417646,8.917407552503311,0.4443955197244994
blood-transfusion,rf,Meta_GWO,99,20.0,30.0,7,0.2400059904729685,13.74132557541354,0.499997425550285
blood-transfusion,rf,Meta_PSO,99,20.0,30.0,7,0.3131021704536294,21.705351215949424,0.5530504919536787
blood-transfusion,rf,Meta_WOA,99,20.0,30.0,7,0.40490006841847176,4.923329669509868,0.39582043989464905
blood-transfusion,rf,Meta_GWO,123,20.0,30.0,7,0.29947476092581693,15.923082039334414,0.5939262443767428
blood-transfusion,rf,Meta_PSO,123,20.0,30.0,7,0.2195770511559241,13.549397621676787,0.5094354613841877
blood-transfusion,rf,Meta_WOA,123,20.0,30.0,7,0.43216605709052236,5.488246936627842,0.3762141190590214
blood-transfusion,rf,Meta_GWO,256,20.0,30.0,7,0.29377690353417646,8.917407552503311,0.4443955197244994
blood-transfusion,rf,Meta_PSO,256,20.0,30.0,7,0.21091307718453495,10.53054015689394,0.5194145171998454
blood-transfusion,rf,Meta_WOA,256,20.0,30.0,7,0.4014929376103204,5.92554642636924,0.36673818863517155
blood-transfusion,rf,Meta_GWO,512,20.0,30.0,7,0.37505230542226003,32.96138153582363,0.5327900334262968
blood-transfusion,rf,Meta_PSO,512,20.0,30.0,7,0.29377690353417646,8.917407552503311,0.4443955197244994
blood-transfusion,rf,Meta_WOA,512,20.0,30.0,7,0.37887900414064485,6.153656926720394,0.3610139574289778
blood-transfusion,rf,Meta_GWO,777,20.0,30.0,7,0.29377690353417646,8.917407552503311,0.4443955197244994
blood-transfusion,rf,Meta_PSO,777,20.0,30.0,7,0.27665926716106576,7.152638532667359,0.41281118287516844
blood-transfusion,rf,Meta_WOA,777,20.0,30.0,7,0.2931239574086593,5.22529787530394,0.4137203076000766
blood-transfusion,rf,Meta_GWO,1000,20.0,30.0,7,0.15857912224986986,9.830491538640151,0.4754734707347246
blood-transfusion,rf,Meta_PSO,1000,20.0,30.0,7,0.18492444114819886,8.254345376443135,0.5027525874360734
blood-transfusion,rf,Meta_WOA,1000,20.0,30.0,7,0.29377690353417646,8.917407552503311,0.4443955197244994
blood-transfusion,rf,Meta_GWO,2024,20.0,30.0,7,0.21042288646981258,8.175865131392008,0.4431638978135444
blood-transfusion,rf,Meta_PSO,2024,20.0,30.0,7,0.1915304595271361,9.234420153055147,0.48047192691590707
blood-transfusion,rf,Meta_WOA,2024,20.0,30.0,7,0.43216605709052236,5.488246936627842,0.3762141190590214
blood-transfusion,rf,Meta_GWO,0,20.0,50.0,7,0.29377690353417646,8.917407552503311,0.4443955197244994
blood-transfusion,rf,Meta_PSO,0,20.0,50.0,7,0.29377690353417646,8.917407552503311,0.4443955197244994
blood-transfusion,rf,Meta_WOA,0,20.0,50.0,7,0.4224446061190375,5.718989443116806,0.37087475544767196
blood-transfusion,rf,Meta_GWO,7,20.0,50.0,7,0.2849351131209305,16.964003423518328,0.5106944489116774
blood-transfusion,rf,Meta_PSO,7,20.0,50.0,7,0.18481831574878396,10.55613202316921,0.4859904217286325
blood-transfusion,rf,Meta_WOA,7,20.0,50.0,7,0.4224446061190375,5.718989443116806,0.3708747554476719
blood-transfusion,rf,Meta_GWO,42,20.0,50.0,7,0.29377690353417646,8.917407552503311,0.4443955197244994
blood-transfusion,rf,Meta_PSO,42,20.0,50.0,7,0.22642457767106206,7.7535674196890625,0.43492926596566284
blood-transfusion,rf,Meta_WOA,42,20.0,50.0,7,0.43216605709052236,5.488246936627842,0.3762141190590214
blood-transfusion,rf,Meta_GWO,99,20.0,50.0,7,0.26300232325330114,13.525561272193164,0.48858047432310325
blood-transfusion,rf,Meta_PSO,99,20.0,50.0,7,0.16828916848583736,6.623296712715756,0.4669235169251236
blood-transfusion,rf,Meta_WOA,99,20.0,50.0,7,0.35766385999380573,5.1406890959852,0.38958357200684474
blood-transfusion,rf,Meta_GWO,123,20.0,50.0,7,0.31646681149918343,15.133642452699837,0.5527422928352383
blood-transfusion,rf,Meta_PSO,123,20.0,50.0,7,0.18922916508612272,6.812945393677283,0.4344261389056168
blood-transfusion,rf,Meta_WOA,123,20.0,50.0,7,0.40490006841847176,4.923329669509868,0.39582043989464905
blood-transfusion,rf,Meta_GWO,256,20.0,50.0,7,0.29377690353417646,8.917407552503311,0.4443955197244994
blood-transfusion,rf,Meta_PSO,256,20.0,50.0,7,0.29377690353417646,8.917407552503311,0.4443955197244994
blood-transfusion,rf,Meta_WOA,256,20.0,50.0,7,0.4224446061190375,5.718989443116806,0.3708747554476719
blood-transfusion,rf,Meta_GWO,512,20.0,50.0,7,0.29377690353417646,8.917407552503311,0.4443955197244994
blood-transfusion,rf,Meta_PSO,512,20.0,50.0,7,0.1898128282582914,10.965699854165612,0.5292041743892005
blood-transfusion,rf,Meta_WOA,512,20.0,50.0,7,0.4224446061190375,5.718989443116806,0.3708747554476719
blood-transfusion,rf,Meta_GWO,777,20.0,50.0,7,0.20190456859631975,10.544462804885997,0.5247505385426656
blood-transfusion,rf,Meta_PSO,777,20.0,50.0,7,0.15281273149072222,8.582092695605848,0.4965005687777674
blood-transfusion,rf,Meta_WOA,777,20.0,50.0,7,0.37887900414064485,6.153656926720394,0.36101395742897774
blood-transfusion,rf,Meta_GWO,1000,20.0,50.0,7,0.3093016847637061,10.026776561512094,0.45512777252312187
blood-transfusion,rf,Meta_PSO,1000,20.0,50.0,7,0.34773574886282993,24.3584629960435,0.5594250223842767
blood-transfusion,rf,Meta_WOA,1000,20.0,50.0,7,0.4224446061190375,5.718989443116808,0.37087475544767196
blood-transfusion,rf,Meta_GWO,2024,20.0,50.0,7,0.27665926716106576,7.152638532667359,0.41281118287516855
blood-transfusion,rf,Meta_PSO,2024,20.0,50.0,7,0.29377690353417646,8.917407552503311,0.4443955197244994
blood-transfusion,rf,Meta_WOA,2024,20.0,50.0,7,0.4224446061190375,5.718989443116808,0.37087475544767196
blood-transfusion,rf,Meta_GWO,0,50.0,30.0,7,0.27665926716106576,7.152638532667359,0.41281118287516855
blood-transfusion,rf,Meta_PSO,0,50.0,30.0,7,0.3172567039094193,7.41175560871194,0.42093435440713345
blood-transfusion,rf,Meta_WOA,0,50.0,30.0,7,0.3679438745532187,4.746643092212141,0.4088799505495498
blood-transfusion,rf,Meta_GWO,7,50.0,30.0,7,0.12457654389484604,8.73737038855461,0.45496928311034474
blood-transfusion,rf,Meta_PSO,7,50.0,30.0,7,0.29377690353417646,8.917407552503311,0.4443955197244994
blood-transfusion,rf,Meta_WOA,7,50.0,30.0,7,0.4014929376103204,5.925546426369241,0.36673818863517155
blood-transfusion,rf,Meta_GWO,42,50.0,30.0,7,0.2581296635711904,14.879090710455285,0.4975493384111839
blood-transfusion,rf,Meta_PSO,42,50.0,30.0,7,0.2240451746064611,8.529012775963647,0.5056736989915912
blood-transfusion,rf,Meta_WOA,42,50.0,30.0,7,0.4224446061190375,5.718989443116808,0.37087475544767196
blood-transfusion,rf,Meta_GWO,99,50.0,30.0,7,0.29377690353417646,8.917407552503311,0.4443955197244994
blood-transfusion,rf,Meta_PSO,99,50.0,30.0,7,0.08342359182029066,7.7126950891081725,0.5056060149732912
blood-transfusion,rf,Meta_WOA,99,50.0,30.0,7,0.4014929376103204,5.925546426369241,0.36673818863517155
blood-transfusion,rf,Meta_GWO,123,50.0,30.0,7,0.3125603480554517,17.053064695595896,0.5424066186537515
blood-transfusion,rf,Meta_PSO,123,50.0,30.0,7,0.37887900414064485,6.153656926720394,0.3610139574289778
blood-transfusion,rf,Meta_WOA,123,50.0,30.0,7,0.4224446061190375,5.718989443116806,0.3708747554476719
blood-transfusion,rf,Meta_GWO,256,50.0,30.0,7,0.40746322421334813,8.284862676591505,0.4098551637439499
blood-transfusion,rf,Meta_PSO,256,50.0,30.0,7,0.334388961262922,9.841924219980699,0.4602228167221127
blood-transfusion,rf,Meta_WOA,256,50.0,30.0,7,0.37887900414064485,6.153656926720396,0.3610139574289778
blood-transfusion,rf,Meta_GWO,512,50.0,30.0,7,0.40746322421334813,8.284862676591505,0.4098551637439499
blood-transfusion,rf,Meta_PSO,512,50.0,30.0,7,0.334388961262922,9.841924219980699,0.4602228167221126
blood-transfusion,rf,Meta_WOA,512,50.0,30.0,7,0.37887900414064485,6.153656926720394,0.3610139574289778
blood-transfusion,rf,Meta_GWO,777,50.0,30.0,7,0.1782703050777666,6.523886334799427,0.45123636627322233
blood-transfusion,rf,Meta_PSO,777,50.0,30.0,7,0.29377690353417646,8.917407552503311,0.4443955197244994
blood-transfusion,rf,Meta_WOA,777,50.0,30.0,7,0.4224446061190375,5.718989443116808,0.37087475544767196
blood-transfusion,rf,Meta_GWO,1000,50.0,30.0,7,0.27665926716106576,7.152638532667359,0.41281118287516855
blood-transfusion,rf,Meta_PSO,1000,50.0,30.0,7,0.29377690353417646,8.91740755250331,0.4443955197244994
blood-transfusion,rf,Meta_WOA,1000,50.0,30.0,7,0.43216605709052236,5.488246936627842,0.3762141190590214
blood-transfusion,rf,Meta_GWO,2024,50.0,30.0,7,0.1782703050777666,6.5238863347994265,0.45123636627322244
blood-transfusion,rf,Meta_PSO,2024,50.0,30.0,7,0.29377690353417646,8.917407552503311,0.4443955197244994
blood-transfusion,rf,Meta_WOA,2024,50.0,30.0,7,0.43216605709052236,5.488246936627842,0.3762141190590214
blood-transfusion,rf,Meta_GWO,0,50.0,50.0,7,0.27665926716106576,7.152638532667359,0.41281118287516844
blood-transfusion,rf,Meta_PSO,0,50.0,50.0,7,0.29377690353417646,8.917407552503311,0.4443955197244994
blood-transfusion,rf,Meta_WOA,0,50.0,50.0,7,0.4224446061190375,5.718989443116808,0.37087475544767196
blood-transfusion,rf,Meta_GWO,7,50.0,50.0,7,0.09609752144292995,7.403640189134301,0.4705020297885228
blood-transfusion,rf,Meta_PSO,7,50.0,50.0,7,0.29377690353417646,8.917407552503311,0.4443955197244994
blood-transfusion,rf,Meta_WOA,7,50.0,50.0,7,0.40490006841847176,4.923329669509868,0.39582043989464905
blood-transfusion,rf,Meta_GWO,42,50.0,50.0,7,0.24350076168658982,9.290865964086775,0.4596357543337173
blood-transfusion,rf,Meta_PSO,42,50.0,50.0,7,0.15872036944633477,9.65260712614922,0.5043842367251627
blood-transfusion,rf,Meta_WOA,42,50.0,50.0,7,0.37887900414064485,6.153656926720394,0.3610139574289778
blood-transfusion,rf,Meta_GWO,99,50.0,50.0,7,0.27665926716106576,7.15263853266736,0.41281118287516855
blood-transfusion,rf,Meta_PSO,99,50.0,50.0,7,0.43216605709052236,5.488246936627842,0.3762141190590214
blood-transfusion,rf,Meta_WOA,99,50.0,50.0,7,0.4224446061190375,5.718989443116808,0.37087475544767196
blood-transfusion,rf,Meta_GWO,123,50.0,50.0,7,0.15349940689115013,6.79382813725494,0.4233056855717661
blood-transfusion,rf,Meta_PSO,123,50.0,50.0,7,0.27665926716106576,7.152638532667359,0.41281118287516844
blood-transfusion,rf,Meta_WOA,123,50.0,50.0,7,0.4224446061190375,5.718989443116806,0.3708747554476719
blood-transfusion,rf,Meta_GWO,256,50.0,50.0,7,0.17552252224713047,10.407592621073801,0.49543635119071355
blood-transfusion,rf,Meta_PSO,256,50.0,50.0,7,0.09361719746432792,7.857439484463997,0.5005944864059213
blood-transfusion,rf,Meta_WOA,256,50.0,50.0,7,0.37887900414064485,6.153656926720394,0.3610139574289778
blood-transfusion,rf,Meta_GWO,512,50.0,50.0,7,0.40746322421334813,8.284862676591503,0.40985516374394987
blood-transfusion,rf,Meta_PSO,512,50.0,50.0,7,0.29109777475751974,7.55002547592925,0.4117357232271366
blood-transfusion,rf,Meta_WOA,512,50.0,50.0,7,0.4014929376103204,5.92554642636924,0.36673818863517155
blood-transfusion,rf,Meta_GWO,777,50.0,50.0,7,0.19489611106650664,7.814078179096577,0.4784192617184358
blood-transfusion,rf,Meta_PSO,777,50.0,50.0,7,0.37887900414064485,6.153656926720396,0.3610139574289778
blood-transfusion,rf,Meta_WOA,777,50.0,50.0,7,0.40490006841847176,4.923329669509868,0.39582043989464905
blood-transfusion,rf,Meta_GWO,1000,50.0,50.0,7,0.27665926716106576,7.152638532667359,0.41281118287516855
blood-transfusion,rf,Meta_PSO,1000,50.0,50.0,7,0.18922916508612272,6.812945393677283,0.4344261389056168
blood-transfusion,rf,Meta_WOA,1000,50.0,50.0,7,0.4014929376103204,5.925546426369241,0.36673818863517155
blood-transfusion,rf,Meta_GWO,2024,50.0,50.0,7,0.271327060429301,12.612414934942363,0.45244261932413493
blood-transfusion,rf,Meta_PSO,2024,50.0,50.0,7,0.29377690353417646,8.917407552503311,0.4443955197244994
blood-transfusion,rf,Meta_WOA,2024,50.0,50.0,7,0.4224446061190375,5.718989443116806,0.37087475544767196
blood-transfusion,rf,EvoCluster_PSO,0,20.0,30.0,5,0.29377690353417646,8.917407552503311,0.4443955197244994
blood-transfusion,rf,EvoCluster_PSO,7,20.0,30.0,7,0.15024631928046453,7.436668038402586,0.469095340531901
blood-transfusion,rf,EvoCluster_PSO,42,20.0,30.0,6,0.21042288646981258,8.17586513139201,0.4431638978135444
blood-transfusion,rf,EvoCluster_PSO,99,20.0,30.0,7,0.37505230542226003,32.96138153582363,0.5327900334262968
blood-transfusion,rf,EvoCluster_PSO,123,20.0,30.0,6,0.24350076168658982,9.290865964086775,0.45963575433371734
blood-transfusion,rf,EvoCluster_PSO,256,20.0,30.0,5,0.29377690353417646,8.917407552503311,0.4443955197244994
blood-transfusion,rf,EvoCluster_PSO,512,20.0,30.0,5,0.29377690353417646,8.91740755250331,0.4443955197244994
blood-transfusion,rf,EvoCluster_PSO,777,20.0,30.0,5,0.29377690353417646,8.917407552503311,0.4443955197244994
blood-transfusion,rf,EvoCluster_PSO,1000,20.0,30.0,5,0.24720061481457356,9.862170632809832,0.4806230166244728
blood-transfusion,rf,EvoCluster_PSO,2024,20.0,30.0,5,0.268689957822227,5.3595973583797765,0.402216948286121
blood-transfusion,rf,EvoCluster_PSO,0,20.0,50.0,5,0.29377690353417646,8.917407552503311,0.4443955197244994
blood-transfusion,rf,EvoCluster_PSO,7,20.0,50.0,7,0.2828646765294168,11.259750701092903,0.4314820278033483
blood-transfusion,rf,EvoCluster_PSO,42,20.0,50.0,4,0.35766385999380573,5.1406890959852,0.3895835720068447
blood-transfusion,rf,EvoCluster_PSO,99,20.0,50.0,6,0.21042288646981258,8.175865131392008,0.4431638978135444
blood-transfusion,rf,EvoCluster_PSO,123,20.0,50.0,6,0.24350076168658982,9.290865964086775,0.4596357543337173
blood-transfusion,rf,EvoCluster_PSO,256,20.0,50.0,5,0.37887900414064485,6.153656926720396,0.3610139574289778
blood-transfusion,rf,EvoCluster_PSO,512,20.0,50.0,4,0.40746322421334813,8.284862676591505,0.40985516374394987
blood-transfusion,rf,EvoCluster_PSO,777,20.0,50.0,5,0.29377690353417646,8.917407552503311,0.4443955197244994
blood-transfusion,rf,EvoCluster_PSO,1000,20.0,50.0,7,0.15024631928046453,7.436668038402586,0.469095340531901
blood-transfusion,rf,EvoCluster_PSO,2024,20.0,50.0,7,0.29851299892565747,17.515836764081577,0.5015216622619041
blood-transfusion,rf,EvoCluster_PSO,0,50.0,30.0,4,0.40746322421334813,8.284862676591505,0.4098551637439499
blood-transfusion,rf,EvoCluster_PSO,7,50.0,30.0,6,0.11751547991065577,8.544469106988611,0.5009467146993386
blood-transfusion,rf,EvoCluster_PSO,42,50.0,30.0,7,0.2581296635711904,14.879090710455285,0.4975493384111838
blood-transfusion,rf,EvoCluster_PSO,99,50.0,30.0,3,0.4224446061190375,5.718989443116806,0.3708747554476719
blood-transfusion,rf,EvoCluster_PSO,123,50.0,30.0,5,0.29377690353417646,8.917407552503311,0.4443955197244994
blood-transfusion,rf,EvoCluster_PSO,256,50.0,30.0,4,0.40746322421334813,8.284862676591505,0.4098551637439499
blood-transfusion,rf,EvoCluster_PSO,512,50.0,30.0,4,0.40746322421334813,8.284862676591505,0.40985516374394987
blood-transfusion,rf,EvoCluster_PSO,777,50.0,30.0,4,0.40746322421334813,8.284862676591505,0.40985516374394987
blood-transfusion,rf,EvoCluster_PSO,1000,50.0,30.0,7,0.2581296635711904,14.879090710455285,0.4975493384111838
blood-transfusion,rf,EvoCluster_PSO,2024,50.0,30.0,4,0.40746322421334813,8.284862676591505,0.40985516374394987
blood-transfusion,rf,EvoCluster_PSO,0,50.0,50.0,2,0.40490006841847176,4.923329669509868,0.39582043989464905
blood-transfusion,rf,EvoCluster_PSO,7,50.0,50.0,5,0.29377690353417646,8.917407552503311,0.4443955197244994
blood-transfusion,rf,EvoCluster_PSO,42,50.0,50.0,6,0.2518305612487081,5.162805752960194,0.4084283558967799
blood-transfusion,rf,EvoCluster_PSO,99,50.0,50.0,5,0.29377690353417646,8.917407552503311,0.4443955197244994
blood-transfusion,rf,EvoCluster_PSO,123,50.0,50.0,5,0.37887900414064485,6.153656926720394,0.3610139574289778
blood-transfusion,rf,EvoCluster_PSO,256,50.0,50.0,3,0.4224446061190375,5.718989443116806,0.37087475544767196
blood-transfusion,rf,EvoCluster_PSO,512,50.0,50.0,7,0.271327060429301,12.612414934942363,0.45244261932413493
blood-transfusion,rf,EvoCluster_PSO,777,50.0,50.0,6,0.21042288646981258,8.17586513139201,0.4431638978135444
blood-transfusion,rf,EvoCluster_PSO,1000,50.0,50.0,6,0.21042288646981258,8.175865131392008,0.4431638978135444
blood-transfusion,rf,EvoCluster_PSO,2024,50.0,50.0,7,0.09609752144292995,7.403640189134301,0.4705020297885228
blood-transfusion,svm,AffinityPropagation,0,,,9,0.41186559629185626,50.79398987348656,0.7821811573291788
blood-transfusion,svm,AffinityPropagation,7,,,9,0.41186559629185626,50.79398987348656,0.7821811573291788
blood-transfusion,svm,AffinityPropagation,42,,,9,0.41186559629185626,50.79398987348656,0.7821811573291788
blood-transfusion,svm,AffinityPropagation,99,,,9,0.41186559629185626,50.79398987348656,0.7821811573291788
blood-transfusion,svm,AffinityPropagation,123,,,9,0.41186559629185626,50.79398987348656,0.7821811573291788
blood-transfusion,svm,AffinityPropagation,256,,,9,0.41186559629185626,50.79398987348656,0.7821811573291788
blood-transfusion,svm,AffinityPropagation,512,,,9,0.41186559629185626,50.79398987348656,0.7821811573291788
blood-transfusion,svm,AffinityPropagation,777,,,9,0.41186559629185626,50.79398987348656,0.7821811573291788
blood-transfusion,svm,AffinityPropagation,1000,,,9,0.41186559629185626,50.79398987348656,0.7821811573291788
blood-transfusion,svm,AffinityPropagation,2024,,,9,0.41186559629185626,50.79398987348656,0.7821811573291788
blood-transfusion,svm,Meta_GWO,0,20.0,30.0,9,0.38701367593908387,8.409131680016358,0.34495661106175973
blood-transfusion,svm,Meta_PSO,0,20.0,30.0,9,0.35960595289119307,12.038106975242513,0.4209250525712873
blood-transfusion,svm,Meta_WOA,0,20.0,30.0,9,0.1360849909576312,13.573035274592318,0.4786405916148548
blood-transfusion,svm,Meta_GWO,7,20.0,30.0,9,0.3764142823322614,14.502511542656368,0.44884497559548164
blood-transfusion,svm,Meta_PSO,7,20.0,30.0,9,0.35960595289119307,12.038106975242512,0.4209250525712874
blood-transfusion,svm,Meta_WOA,7,20.0,30.0,9,0.37596349906275395,12.85692594449247,0.4828424674361941
blood-transfusion,svm,Meta_GWO,42,20.0,30.0,9,0.10104718075530021,13.044504328665562,0.4956929066734808
blood-transfusion,svm,Meta_PSO,42,20.0,30.0,9,0.3784840225395236,36.21844709488277,0.5245830826823253
blood-transfusion,svm,Meta_WOA,42,20.0,30.0,9,0.2954352464851046,9.554311146959355,0.4199251881578408
blood-transfusion,svm,Meta_GWO,99,20.0,30.0,9,0.306969745816568,17.672055601040114,0.5342202872419198
blood-transfusion,svm,Meta_PSO,99,20.0,30.0,9,0.17870005442777462,9.230272367730018,0.4243670579542935
blood-transfusion,svm,Meta_WOA,99,20.0,30.0,9,0.40431516960051406,7.352587878894291,0.37020674939772374
blood-transfusion,svm,Meta_GWO,123,20.0,30.0,9,0.3026686178532849,16.47562482889132,0.43267857698072704
blood-transfusion,svm,Meta_PSO,123,20.0,30.0,9,0.17870005442777462,9.23027236773002,0.4243670579542935
blood-transfusion,svm,Meta_WOA,123,20.0,30.0,9,0.39115537533261857,5.013537534333237,0.3822777121979485
blood-transfusion,svm,Meta_GWO,256,20.0,30.0,9,0.35494206162627734,8.812876898124667,0.3330035368598775
blood-transfusion,svm,Meta_PSO,256,20.0,30.0,9,0.3306043900208613,13.331298711134918,0.41204271952549076
blood-transfusion,svm,Meta_WOA,256,20.0,30.0,9,0.40431516960051406,7.352587878894291,0.37020674939772374
blood-transfusion,svm,Meta_GWO,512,20.0,30.0,9,0.14963999268452588,9.684078513669943,0.38489604680511563
blood-transfusion,svm,Meta_PSO,512,20.0,30.0,9,0.3764142823322614,14.502511542656366,0.44884497559548153
blood-transfusion,svm,Meta_WOA,512,20.0,30.0,9,0.35085311927297846,11.780950098988729,0.47335376714593363
blood-transfusion,svm,Meta_GWO,777,20.0,30.0,9,0.36752883737947617,10.37033663346757,0.35131956148267207
blood-transfusion,svm,Meta_PSO,777,20.0,30.0,9,0.35960595289119307,12.038106975242513,0.4209250525712873
blood-transfusion,svm,Meta_WOA,777,20.0,30.0,9,0.33715431266715234,9.052187353813453,0.3997371435000694
blood-transfusion,svm,Meta_GWO,1000,20.0,30.0,9,0.3306043900208613,13.331298711134918,0.41204271952549076
blood-transfusion,svm,Meta_PSO,1000,20.0,30.0,9,0.3507790755854631,14.762674569181039,0.44423086700641495
blood-transfusion,svm,Meta_WOA,1000,20.0,30.0,9,0.36752883737947617,10.37033663346757,0.3513195614826721
blood-transfusion,svm,Meta_GWO,2024,20.0,30.0,9,0.2369825745343712,19.256491443760503,0.4885850232590791
blood-transfusion,svm,Meta_PSO,2024,20.0,30.0,9,0.3776360936057838,16.59861523128229,0.43587652925148146
blood-transfusion,svm,Meta_WOA,2024,20.0,30.0,9,0.38701367593908387,8.409131680016358,0.34495661106175973
blood-transfusion,svm,Meta_GWO,0,20.0,50.0,9,0.3860256358979775,32.89763637556363,0.4766115325492053
blood-transfusion,svm,Meta_PSO,0,20.0,50.0,9,0.36752883737947617,10.37033663346757,0.3513195614826721
blood-transfusion,svm,Meta_WOA,0,20.0,50.0,9,0.4161941278713747,6.3964468759164355,0.33987146116806827
blood-transfusion,svm,Meta_GWO,7,20.0,50.0,9,0.3306043900208613,13.331298711134918,0.41204271952549076
blood-transfusion,svm,Meta_PSO,7,20.0,50.0,9,0.22523686723279346,13.480275521233942,0.4092194015981496
blood-transfusion,svm,Meta_WOA,7,20.0,50.0,9,0.4018473493150256,4.887662899947052,0.38428128907326126
blood-transfusion,svm,Meta_GWO,42,20.0,50.0,9,0.3739454618743256,13.55359900618753,0.4158697155864938
blood-transfusion,svm,Meta_PSO,42,20.0,50.0,9,0.14448668977667053,12.630281899779195,0.45694806543980343
blood-transfusion,svm,Meta_WOA,42,20.0,50.0,9,0.36752883737947617,10.37033663346757,0.3513195614826721
blood-transfusion,svm,Meta_GWO,99,20.0,50.0,9,0.36752883737947617,10.37033663346757,0.3513195614826722
blood-transfusion,svm,Meta_PSO,99,20.0,50.0,9,0.34383522110590437,28.759929407821737,0.48192847170790143
blood-transfusion,svm,Meta_WOA,99,20.0,50.0,9,0.33715431266715234,9.052187353813453,0.3997371435000694
blood-transfusion,svm,Meta_GWO,123,20.0,50.0,9,0.29961212963821054,11.508797652864729,0.43511393291267153
blood-transfusion,svm,Meta_PSO,123,20.0,50.0,9,0.4420469707629085,10.584828147728985,0.3718826001571594
blood-transfusion,svm,Meta_WOA,123,20.0,50.0,9,0.3739454618743256,13.55359900618753,0.41586971558649377
blood-transfusion,svm,Meta_GWO,256,20.0,50.0,9,0.32583284273612184,7.556565333739198,0.3232360990929868
blood-transfusion,svm,Meta_PSO,256,20.0,50.0,9,0.36752883737947617,10.37033663346757,0.3513195614826721
blood-transfusion,svm,Meta_WOA,256,20.0,50.0,9,0.45024955761597596,8.147886662019594,0.3558270471977617
blood-transfusion,svm,Meta_GWO,512,20.0,50.0,9,0.2145005184856757,16.49414751705943,0.50818210512242
blood-transfusion,svm,Meta_PSO,512,20.0,50.0,9,0.36752883737947617,10.37033663346757,0.3513195614826722
blood-transfusion,svm,Meta_WOA,512,20.0,50.0,9,0.3051482511406103,13.334491735627983,0.43670688444391076
blood-transfusion,svm,Meta_GWO,777,20.0,50.0,9,0.3306043900208613,13.331298711134918,0.4120427195254907
blood-transfusion,svm,Meta_PSO,777,20.0,50.0,9,0.36752883737947617,10.37033663346757,0.3513195614826721
blood-transfusion,svm,Meta_WOA,777,20.0,50.0,9,0.37768782075499385,9.834237254757497,0.3894311920801605
blood-transfusion,svm,Meta_GWO,1000,20.0,50.0,9,0.20497429628705977,15.744770241707544,0.5021962257750667
blood-transfusion,svm,Meta_PSO,1000,20.0,50.0,9,0.30973847725685416,14.54621584711386,0.44521831153205976
blood-transfusion,svm,Meta_WOA,1000,20.0,50.0,9,0.35960595289119307,12.038106975242513,0.4209250525712873
blood-transfusion,svm,Meta_GWO,2024,20.0,50.0,9,0.3034915756476044,12.559962923172803,0.42745187140807495
blood-transfusion,svm,Meta_PSO,2024,20.0,50.0,9,0.3739454618743256,13.55359900618753,0.41586971558649377
blood-transfusion,svm,Meta_WOA,2024,20.0,50.0,9,0.35960595289119307,12.038106975242512,0.4209250525712873
blood-transfusion,svm,Meta_GWO,0,50.0,30.0,9,0.35960595289119307,12.038106975242513,0.4209250525712873
blood-transfusion,svm,Meta_PSO,0,50.0,30.0,9,0.35494206162627734,8.812876898124667,0.3330035368598775
blood-transfusion,svm,Meta_WOA,0,50.0,30.0,9,0.36395408458771317,10.27554143524435,0.36325531793954496
blood-transfusion,svm,Meta_GWO,7,50.0,30.0,9,0.12320913225044577,7.909431884790396,0.3837464991291668
blood-transfusion,svm,Meta_PSO,7,50.0,30.0,9,0.2521432998147145,6.027505128346439,0.38592534545561163
blood-transfusion,svm,Meta_WOA,7,50.0,30.0,9,0.36395408458771317,10.275541435244351,0.363255317939545
blood-transfusion,svm,Meta_GWO,42,50.0,30.0,9,0.15534749596050107,13.918142819938964,0.44311646173220426
blood-transfusion,svm,Meta_PSO,42,50.0,30.0,9,0.36752883737947617,10.37033663346757,0.3513195614826722
blood-transfusion,svm,Meta_WOA,42,50.0,30.0,9,0.37944928839677405,12.457626088099097,0.4559233552297224
blood-transfusion,svm,Meta_GWO,99,50.0,30.0,9,0.38701367593908387,8.409131680016358,0.34495661106175973
blood-transfusion,svm,Meta_PSO,99,50.0,30.0,9,0.13193172310502335,9.308727534777175,0.4056688086444515
blood-transfusion,svm,Meta_WOA,99,50.0,30.0,9,0.23068001256235304,14.623536455615774,0.42701103496216036
blood-transfusion,svm,Meta_GWO,123,50.0,30.0,9,0.36752883737947617,10.37033663346757,0.3513195614826721
blood-transfusion,svm,Meta_PSO,123,50.0,30.0,9,0.34731495829586306,15.377005610789114,0.4379741523489264
blood-transfusion,svm,Meta_WOA,123,50.0,30.0,9,0.4018473493150256,4.887662899947052,0.38428128907326126
blood-transfusion,svm,Meta_GWO,256,50.0,30.0,9,0.41748125997747965,9.869138739193703,0.41042253501951953
blood-transfusion,svm,Meta_PSO,256,50.0,30.0,9,0.36752883737947617,10.37033663346757,0.3513195614826721
blood-transfusion,svm,Meta_WOA,256,50.0,30.0,9,0.4420469707629085,10.584828147728985,0.37188260015715946
blood-transfusion,svm,Meta_GWO,512,50.0,30.0,9,0.3306043900208613,13.33129871113492,0.4120427195254907
blood-transfusion,svm,Meta_PSO,512,50.0,30.0,9,0.34731495829586306,15.377005610789114,0.4379741523489264
blood-transfusion,svm,Meta_WOA,512,50.0,30.0,9,0.4061899383677172,4.418625753183196,0.40581453875647105
blood-transfusion,svm,Meta_GWO,777,50.0,30.0,9,0.36752883737947617,10.37033663346757,0.35131956148267207
blood-transfusion,svm,Meta_PSO,777,50.0,30.0,9,0.35960595289119307,12.038106975242512,0.4209250525712874
blood-transfusion,svm,Meta_WOA,777,50.0,30.0,9,0.36752883737947617,10.37033663346757,0.3513195614826722
blood-transfusion,svm,Meta_GWO,1000,50.0,30.0,9,0.36752883737947617,10.37033663346757,0.3513195614826721
blood-transfusion,svm,Meta_PSO,1000,50.0,30.0,9,0.36752883737947617,10.37033663346757,0.3513195614826721
blood-transfusion,svm,Meta_WOA,1000,50.0,30.0,9,0.4098789996198026,4.993228453492732,0.3806556973968795
blood-transfusion,svm,Meta_GWO,2024,50.0,30.0,9,0.4420469707629085,10.584828147728985,0.37188260015715946
blood-transfusion,svm,Meta_PSO,2024,50.0,30.0,9,0.21842630197510524,10.039901492417377,0.41508654968702186
blood-transfusion,svm,Meta_WOA,2024,50.0,30.0,9,0.4289232409817026,8.40124208132597,0.3417703187406924
blood-transfusion,svm,Meta_GWO,0,50.0,50.0,9,0.36752883737947617,10.37033663346757,0.35131956148267207
blood-transfusion,svm,Meta_PSO,0,50.0,50.0,9,0.35960595289119307,12.038106975242513,0.4209250525712874
blood-transfusion,svm,Meta_WOA,0,50.0,50.0,9,0.4289232409817026,8.40124208132597,0.34177031874069236
blood-transfusion,svm,Meta_GWO,7,50.0,50.0,9,0.36752883737947617,10.37033663346757,0.3513195614826721
blood-transfusion,svm,Meta_PSO,7,50.0,50.0,9,0.2527165550009821,17.557650299568046,0.46708405147496146
blood-transfusion,svm,Meta_WOA,7,50.0,50.0,9,0.3385619058211159,11.847865925737347,0.35933147317699743
blood-transfusion,svm,Meta_GWO,42,50.0,50.0,9,0.36752883737947617,10.37033663346757,0.3513195614826721
blood-transfusion,svm,Meta_PSO,42,50.0,50.0,9,0.3306043900208613,13.33129871113492,0.41204271952549076
blood-transfusion,svm,Meta_WOA,42,50.0,50.0,9,0.36752883737947617,10.37033663346757,0.3513195614826721
blood-transfusion,svm,Meta_GWO,99,50.0,50.0,9,0.35494206162627734,8.812876898124667,0.3330035368598775
blood-transfusion,svm,Meta_PSO,99,50.0,50.0,9,0.36395408458771317,10.27554143524435,0.363255317939545
blood-transfusion,svm,Meta_WOA,99,50.0,50.0,9,0.3385619058211159,11.847865925737343,0.35933147317699743
blood-transfusion,svm,Meta_GWO,123,50.0,50.0,9,0.36752883737947617,10.37033663346757,0.3513195614826721
blood-transfusion,svm,Meta_PSO,123,50.0,50.0,9,0.36752883737947617,10.37033663346757,0.35131956148267207
blood-transfusion,svm,Meta_WOA,123,50.0,50.0,9,0.40234170467701025,4.581703150276596,0.3992099275751078
blood-transfusion,svm,Meta_GWO,256,50.0,50.0,9,0.35494206162627734,8.812876898124669,0.3330035368598775
blood-transfusion,svm,Meta_PSO,256,50.0,50.0,9,0.3776360936057838,16.59861523128229,0.43587652925148146
blood-transfusion,svm,Meta_WOA,256,50.0,50.0,9,0.32924228261492566,7.575473408097005,0.3607328053151518
blood-transfusion,svm,Meta_GWO,512,50.0,50.0,9,0.2053124723014663,16.042555688598544,0.47387992197471795
blood-transfusion,svm,Meta_PSO,512,50.0,50.0,9,0.36752883737947617,10.37033663346757,0.3513195614826721
blood-transfusion,svm,Meta_WOA,512,50.0,50.0,9,0.45024955761597596,8.147886662019594,0.3558270471977617
blood-transfusion,svm,Meta_GWO,777,50.0,50.0,9,0.35960595289119307,12.038106975242513,0.4209250525712873
blood-transfusion,svm,Meta_PSO,777,50.0,50.0,9,0.36752883737947617,10.37033663346757,0.3513195614826721
blood-transfusion,svm,Meta_WOA,777,50.0,50.0,9,0.41716602316231083,5.481174628989209,0.36314747625309923
blood-transfusion,svm,Meta_GWO,1000,50.0,50.0,9,0.36752883737947617,10.37033663346757,0.3513195614826722
blood-transfusion,svm,Meta_PSO,1000,50.0,50.0,9,0.3739454618743256,13.55359900618753,0.41586971558649377
blood-transfusion,svm,Meta_WOA,1000,50.0,50.0,9,0.36395408458771317,10.27554143524435,0.363255317939545
blood-transfusion,svm,Meta_GWO,2024,50.0,50.0,9,0.36752883737947617,10.37033663346757,0.3513195614826721
blood-transfusion,svm,Meta_PSO,2024,50.0,50.0,9,0.13743854109833997,10.924461268071228,0.4363512688815651
blood-transfusion,svm,Meta_WOA,2024,50.0,50.0,9,0.4289232409817026,8.401242081325972,0.3417703187406924
blood-transfusion,svm,EvoCluster_PSO,0,20.0,30.0,6,0.36395408458771317,10.27554143524435,0.36325531793954496
blood-transfusion,svm,EvoCluster_PSO,7,20.0,30.0,8,0.3522227321003879,30.48642390477698,0.5407109218972769
blood-transfusion,svm,EvoCluster_PSO,42,20.0,30.0,6,0.14416378716271402,12.984126717274515,0.5022682494909743
blood-transfusion,svm,EvoCluster_PSO,99,20.0,30.0,7,0.36752883737947617,10.37033663346757,0.3513195614826721
blood-transfusion,svm,EvoCluster_PSO,123,20.0,30.0,7,0.3306043900208613,13.331298711134918,0.41204271952549076
blood-transfusion,svm,EvoCluster_PSO,256,20.0,30.0,6,0.3051482511406103,13.334491735627983,0.43670688444391065
blood-transfusion,svm,EvoCluster_PSO,512,20.0,30.0,5,0.4420469707629085,10.584828147728986,0.37188260015715946
blood-transfusion,svm,EvoCluster_PSO,777,20.0,30.0,7,0.20970434212185282,19.035104944843077,0.5615641625763648
blood-transfusion,svm,EvoCluster_PSO,1000,20.0,30.0,7,0.3306043900208613,13.331298711134918,0.4120427195254908
blood-transfusion,svm,EvoCluster_PSO,2024,20.0,30.0,6,0.35960595289119307,12.038106975242512,0.4209250525712873
blood-transfusion,svm,EvoCluster_PSO,0,20.0,50.0,7,0.36752883737947617,10.37033663346757,0.3513195614826721
blood-transfusion,svm,EvoCluster_PSO,7,20.0,50.0,8,0.2869168061416052,11.195241794019607,0.40607715280517526
blood-transfusion,svm,EvoCluster_PSO,42,20.0,50.0,7,0.36752883737947617,10.37033663346757,0.35131956148267207
blood-transfusion,svm,EvoCluster_PSO,99,20.0,50.0,7,0.36752883737947617,10.37033663346757,0.3513195614826721
blood-transfusion,svm,EvoCluster_PSO,123,20.0,50.0,7,0.3306043900208613,13.331298711134918,0.41204271952549076
blood-transfusion,svm,EvoCluster_PSO,256,20.0,50.0,7,0.36752883737947617,10.37033663346757,0.3513195614826721
blood-transfusion,svm,EvoCluster_PSO,512,20.0,50.0,6,0.36395408458771317,10.27554143524435,0.36325531793954496
blood-transfusion,svm,EvoCluster_PSO,777,20.0,50.0,5,0.3764142823322614,14.502511542656366,0.44884497559548153
blood-transfusion,svm,EvoCluster_PSO,1000,20.0,50.0,6,0.34731495829586306,15.377005610789114,0.4379741523489264
blood-transfusion,svm,EvoCluster_PSO,2024,20.0,50.0,6,0.35960595289119307,12.038106975242512,0.4209250525712873
blood-transfusion,svm,EvoCluster_PSO,0,50.0,30.0,7,0.36752883737947617,10.37033663346757,0.3513195614826721
blood-transfusion,svm,EvoCluster_PSO,7,50.0,30.0,6,0.34731495829586306,15.377005610789114,0.4379741523489264
blood-transfusion,svm,EvoCluster_PSO,42,50.0,30.0,6,0.34731495829586306,15.377005610789114,0.4379741523489264
blood-transfusion,svm,EvoCluster_PSO,99,50.0,30.0,7,0.3034915756476044,12.559962923172801,0.427451871408075
blood-transfusion,svm,EvoCluster_PSO,123,50.0,30.0,7,0.38701367593908387,8.409131680016358,0.34495661106175984
blood-transfusion,svm,EvoCluster_PSO,256,50.0,30.0,7,0.36752883737947617,10.37033663346757,0.3513195614826721
blood-transfusion,svm,EvoCluster_PSO,512,50.0,30.0,8,0.2869168061416052,11.195241794019605,0.4060771528051752
blood-transfusion,svm,EvoCluster_PSO,777,50.0,30.0,5,0.33715431266715234,9.052187353813453,0.3997371435000694
blood-transfusion,svm,EvoCluster_PSO,1000,50.0,30.0,7,0.36752883737947617,10.37033663346757,0.3513195614826721
blood-transfusion,svm,EvoCluster_PSO,2024,50.0,30.0,6,0.36395408458771317,10.27554143524435,0.36325531793954496
blood-transfusion,svm,EvoCluster_PSO,0,50.0,50.0,7,0.36752883737947617,10.37033663346757,0.3513195614826721
blood-transfusion,svm,EvoCluster_PSO,7,50.0,50.0,7,0.36752883737947617,10.37033663346757,0.3513195614826721
blood-transfusion,svm,EvoCluster_PSO,42,50.0,50.0,4,0.4643254658715819,10.940082374739852,0.3930805908111448
blood-transfusion,svm,EvoCluster_PSO,99,50.0,50.0,7,0.36752883737947617,10.37033663346757,0.3513195614826721
blood-transfusion,svm,EvoCluster_PSO,123,50.0,50.0,8,0.35494206162627734,8.812876898124667,0.3330035368598775
blood-transfusion,svm,EvoCluster_PSO,256,50.0,50.0,9,0.16050079886835641,11.290052787011978,0.37500201379956194
blood-transfusion,svm,EvoCluster_PSO,512,50.0,50.0,7,0.36752883737947617,10.37033663346757,0.35131956148267207
blood-transfusion,svm,EvoCluster_PSO,777,50.0,50.0,7,0.3034915756476044,12.559962923172801,0.42745187140807495
blood-transfusion,svm,EvoCluster_PSO,1000,50.0,50.0,7,0.3306043900208613,13.33129871113492,0.4120427195254908
blood-transfusion,svm,EvoCluster_PSO,2024,50.0,50.0,6,0.4289232409817026,8.40124208132597,0.34177031874069236
blood-transfusion,xgb,AffinityPropagation,0,,,8,0.4023082882225947,59.567785226692784,0.7578786830348536
blood-transfusion,xgb,AffinityPropagation,7,,,8,0.4023082882225947,59.567785226692784,0.7578786830348536
blood-transfusion,xgb,AffinityPropagation,42,,,8,0.4023082882225947,59.567785226692784,0.7578786830348536
blood-transfusion,xgb,AffinityPropagation,99,,,8,0.4023082882225947,59.567785226692784,0.7578786830348536
blood-transfusion,xgb,AffinityPropagation,123,,,8,0.4023082882225947,59.567785226692784,0.7578786830348536
blood-transfusion,xgb,AffinityPropagation,256,,,8,0.4023082882225947,59.567785226692784,0.7578786830348536
blood-transfusion,xgb,AffinityPropagation,512,,,8,0.4023082882225947,59.567785226692784,0.7578786830348536
blood-transfusion,xgb,AffinityPropagation,777,,,8,0.4023082882225947,59.567785226692784,0.7578786830348536
blood-transfusion,xgb,AffinityPropagation,1000,,,8,0.4023082882225947,59.567785226692784,0.7578786830348536
blood-transfusion,xgb,AffinityPropagation,2024,,,8,0.4023082882225947,59.567785226692784,0.7578786830348536
blood-transfusion,xgb,Meta_GWO,0,20.0,30.0,8,0.3008808772620246,7.6484584014476305,0.39968936860318566
blood-transfusion,xgb,Meta_PSO,0,20.0,30.0,8,0.30256915408921675,18.6149906856515,0.48788673082970185
blood-transfusion,xgb,Meta_WOA,0,20.0,30.0,8,0.37091796927847526,5.38555357233705,0.3806069009911016
blood-transfusion,xgb,Meta_GWO,7,20.0,30.0,8,0.2743617508085162,6.320064697266145,0.37188240091429625
blood-transfusion,xgb,Meta_PSO,7,20.0,30.0,8,0.3189162507063401,18.95285597920816,0.4648794697718714
blood-transfusion,xgb,Meta_WOA,7,20.0,30.0,8,0.3177313123740271,9.519146913627187,0.4335407106123873
blood-transfusion,xgb,Meta_GWO,42,20.0,30.0,8,0.27427502140106147,13.214389588338305,0.3943186774866579
blood-transfusion,xgb,Meta_PSO,42,20.0,30.0,8,0.3008808772620246,7.648458401447632,0.39968936860318566
blood-transfusion,xgb,Meta_WOA,42,20.0,30.0,8,0.32069264651096674,10.574870873182743,0.44770679870008545
blood-transfusion,xgb,Meta_GWO,99,20.0,30.0,8,0.22776665770532456,15.874006728025595,0.4846605799742627
blood-transfusion,xgb,Meta_PSO,99,20.0,30.0,8,0.30130386231996775,15.550021340975308,0.4993965808794498
blood-transfusion,xgb,Meta_WOA,99,20.0,30.0,8,0.3177313123740271,9.519146913627187,0.4335407106123873
blood-transfusion,xgb,Meta_GWO,123,20.0,30.0,8,0.3008808772620246,7.6484584014476305,0.39968936860318555
blood-transfusion,xgb,Meta_PSO,123,20.0,30.0,8,0.29240104246831555,14.452134952705967,0.4322835920122841
blood-transfusion,xgb,Meta_WOA,123,20.0,30.0,8,0.4396147378950421,6.1411723531316404,0.3586864129410737
blood-transfusion,xgb,Meta_GWO,256,20.0,30.0,8,0.3177313123740271,9.519146913627187,0.4335407106123874
blood-transfusion,xgb,Meta_PSO,256,20.0,30.0,8,0.16913941402735305,8.639384636617137,0.437752750443362
blood-transfusion,xgb,Meta_WOA,256,20.0,30.0,8,0.38336558320104097,4.978773699809999,0.3990844482675606
blood-transfusion,xgb,Meta_GWO,512,20.0,30.0,8,0.27371764595928116,6.308180145686558,0.3695095202460301
blood-transfusion,xgb,Meta_PSO,512,20.0,30.0,8,0.29510800412446986,15.054336039528943,0.43185703463536473
blood-transfusion,xgb,Meta_WOA,512,20.0,30.0,8,0.3177313123740271,9.519146913627187,0.4335407106123874
blood-transfusion,xgb,Meta_GWO,777,20.0,30.0,8,0.22916009172120239,15.486214477514324,0.5561464884047295
blood-transfusion,xgb,Meta_PSO,777,20.0,30.0,8,0.29240104246831555,14.452134952705967,0.4322835920122841
blood-transfusion,xgb,Meta_WOA,777,20.0,30.0,8,0.2485477608242503,15.287737254576292,0.4930544993816226
blood-transfusion,xgb,Meta_GWO,1000,20.0,30.0,8,0.3008808772620246,7.6484584014476305,0.39968936860318555
blood-transfusion,xgb,Meta_PSO,1000,20.0,30.0,8,0.3177313123740271,9.519146913627187,0.4335407106123873
blood-transfusion,xgb,Meta_WOA,1000,20.0,30.0,8,0.2120283755854364,14.211331054972115,0.5330017141397742
blood-transfusion,xgb,Meta_GWO,2024,20.0,30.0,8,0.3177313123740271,9.519146913627187,0.4335407106123873
blood-transfusion,xgb,Meta_PSO,2024,20.0,30.0,8,0.30256915408921675,18.614990685651502,0.48788673082970174
blood-transfusion,xgb,Meta_WOA,2024,20.0,30.0,8,0.4545923245388319,5.970384885194639,0.36003143516151287
blood-transfusion,xgb,Meta_GWO,0,20.0,50.0,8,0.27371764595928116,6.308180145686559,0.3695095202460301
blood-transfusion,xgb,Meta_PSO,0,20.0,50.0,8,0.32499282261414414,19.430394671829035,0.4681744698450429
blood-transfusion,xgb,Meta_WOA,0,20.0,50.0,8,0.4396147378950421,6.1411723531316404,0.3586864129410737
blood-transfusion,xgb,Meta_GWO,7,20.0,50.0,8,0.3008808772620246,7.6484584014476305,0.39968936860318566
blood-transfusion,xgb,Meta_PSO,7,20.0,50.0,8,0.2265149753494588,13.208349402756594,0.4412128706070511
blood-transfusion,xgb,Meta_WOA,7,20.0,50.0,8,0.4545923245388319,5.970384885194639,0.36003143516151287
blood-transfusion,xgb,Meta_GWO,42,20.0,50.0,8,0.3674752806477017,10.555368292327111,0.4471365769324108
blood-transfusion,xgb,Meta_PSO,42,20.0,50.0,8,0.3177313123740271,9.519146913627186,0.4335407106123873
blood-transfusion,xgb,Meta_WOA,42,20.0,50.0,8,0.39218498948147573,6.535013514464893,0.3516227592793944
blood-transfusion,xgb,Meta_GWO,99,20.0,50.0,8,0.27927773117266474,14.355350525584576,0.4596312867734713
blood-transfusion,xgb,Meta_PSO,99,20.0,50.0,8,0.3177313123740271,9.519146913627187,0.4335407106123873
blood-transfusion,xgb,Meta_WOA,99,20.0,50.0,8,0.3177313123740271,9.519146913627187,0.4335407106123874
blood-transfusion,xgb,Meta_GWO,123,20.0,50.0,8,0.27427502140106147,13.214389588338305,0.3943186774866579
blood-transfusion,xgb,Meta_PSO,123,20.0,50.0,8,0.3008808772620246,7.6484584014476305,0.39968936860318566
blood-transfusion,xgb,Meta_WOA,123,20.0,50.0,8,0.37943254618644473,4.5060871432430725,0.4120954484663742
blood-transfusion,xgb,Meta_GWO,256,20.0,50.0,8,0.15978203225648396,13.727078962863327,0.4645747481604694
blood-transfusion,xgb,Meta_PSO,256,20.0,50.0,8,0.29240104246831555,14.452134952705963,0.43228359201228406
blood-transfusion,xgb,Meta_WOA,256,20.0,50.0,8,0.3008808772620246,7.6484584014476305,0.39968936860318566
blood-transfusion,xgb,Meta_GWO,512,20.0,50.0,8,0.3026760769537153,7.9769202408984885,0.40462072580247954
blood-transfusion,xgb,Meta_PSO,512,20.0,50.0,8,0.3008808772620246,7.6484584014476305,0.39968936860318555
blood-transfusion,xgb,Meta_WOA,512,20.0,50.0,8,0.42066764913626076,5.190206421116291,0.3845205656524089
blood-transfusion,xgb,Meta_GWO,777,20.0,50.0,8,0.21479680486659364,13.309571142518354,0.47261333880859546
blood-transfusion,xgb,Meta_PSO,777,20.0,50.0,8,0.33954156260732904,17.56968392817442,0.5318193758334322
blood-transfusion,xgb,Meta_WOA,777,20.0,50.0,8,0.28221929089257936,5.681154243426099,0.3932494250576058
blood-transfusion,xgb,Meta_GWO,1000,20.0,50.0,8,0.30256915408921675,18.614990685651502,0.48788673082970174
blood-transfusion,xgb,Meta_PSO,1000,20.0,50.0,8,0.3008808772620246,7.6484584014476305,0.39968936860318555
blood-transfusion,xgb,Meta_WOA,1000,20.0,50.0,8,0.4396147378950421,6.1411723531316404,0.3586864129410737
blood-transfusion,xgb,Meta_GWO,2024,20.0,50.0,8,0.27371764595928116,6.308180145686558,0.3695095202460301
blood-transfusion,xgb,Meta_PSO,2024,20.0,50.0,8,0.11859074123184296,9.18876908262102,0.4494201490910205
blood-transfusion,xgb,Meta_WOA,2024,20.0,50.0,8,0.4396147378950421,6.1411723531316404,0.3586864129410737
blood-transfusion,xgb,Meta_GWO,0,50.0,30.0,8,0.3094483376260824,12.989442610695898,0.4115463653074185
blood-transfusion,xgb,Meta_PSO,0,50.0,30.0,8,0.3177313123740271,9.519146913627187,0.4335407106123873
blood-transfusion,xgb,Meta_WOA,0,50.0,30.0,8,0.3505822386244858,7.962309246011222,0.4052832844693691
blood-transfusion,xgb,Meta_GWO,7,50.0,30.0,8,0.3008808772620246,7.6484584014476305,0.39968936860318566
blood-transfusion,xgb,Meta_PSO,7,50.0,30.0,8,0.3177313123740271,9.519146913627187,0.4335407106123873
blood-transfusion,xgb,Meta_WOA,7,50.0,30.0,8,0.37091796927847526,5.38555357233705,0.3806069009911016
blood-transfusion,xgb,Meta_GWO,42,50.0,30.0,8,0.2167292133861937,16.244106671863126,0.5263566107463432
blood-transfusion,xgb,Meta_PSO,42,50.0,30.0,8,0.3008808772620246,7.648458401447632,0.39968936860318566
blood-transfusion,xgb,Meta_WOA,42,50.0,30.0,8,0.4396147378950421,6.1411723531316404,0.3586864129410737
blood-transfusion,xgb,Meta_GWO,99,50.0,30.0,8,0.2964472424880262,18.614927459850037,0.4793224583496648
blood-transfusion,xgb,Meta_PSO,99,50.0,30.0,8,0.2248463762319523,14.330044313840284,0.4722155865298125
blood-transfusion,xgb,Meta_WOA,99,50.0,30.0,8,0.37091796927847526,5.38555357233705,0.3806069009911016
blood-transfusion,xgb,Meta_GWO,123,50.0,30.0,8,0.29510800412446986,15.054336039528947,0.43185703463536473
blood-transfusion,xgb,Meta_PSO,123,50.0,30.0,8,0.29240104246831555,14.452134952705963,0.4322835920122841
blood-transfusion,xgb,Meta_WOA,123,50.0,30.0,8,0.41472732569612014,6.320569396433819,0.35611695357547435
blood-transfusion,xgb,Meta_GWO,256,50.0,30.0,8,0.32939631225757915,14.647773302476098,0.45314763559078375
blood-transfusion,xgb,Meta_PSO,256,50.0,30.0,8,0.3069585243750974,16.488542144002857,0.4084981816674006
blood-transfusion,xgb,Meta_WOA,256,50.0,30.0,8,0.4396147378950421,6.1411723531316404,0.3586864129410737
blood-transfusion,xgb,Meta_GWO,512,50.0,30.0,8,0.3008808772620246,7.6484584014476305,0.39968936860318555
blood-transfusion,xgb,Meta_PSO,512,50.0,30.0,8,0.14013655717552556,6.886872995482158,0.4243182119656216
blood-transfusion,xgb,Meta_WOA,512,50.0,30.0,8,0.41472732569612014,6.320569396433819,0.35611695357547435
blood-transfusion,xgb,Meta_GWO,777,50.0,30.0,8,0.23312975768226193,16.330937444596927,0.46948246847506403
blood-transfusion,xgb,Meta_PSO,777,50.0,30.0,8,0.3094483376260824,12.989442610695898,0.4115463653074185
blood-transfusion,xgb,Meta_WOA,777,50.0,30.0,8,0.4037840150448322,6.0622098173115395,0.36711480392269574
blood-transfusion,xgb,Meta_GWO,1000,50.0,30.0,8,0.29510800412446986,15.054336039528943,0.4318570346353648
blood-transfusion,xgb,Meta_PSO,1000,50.0,30.0,8,0.3177313123740271,9.519146913627187,0.4335407106123873
blood-transfusion,xgb,Meta_WOA,1000,50.0,30.0,8,0.3008808772620246,7.6484584014476305,0.3996893686031857
blood-transfusion,xgb,Meta_GWO,2024,50.0,30.0,8,0.39218498948147573,6.535013514464893,0.35162275927939435
blood-transfusion,xgb,Meta_PSO,2024,50.0,30.0,8,0.42157800803354184,8.790781065362076,0.40170786767149547
blood-transfusion,xgb,Meta_WOA,2024,50.0,30.0,8,0.39218498948147573,6.535013514464893,0.35162275927939435
blood-transfusion,xgb,Meta_GWO,0,50.0,50.0,8,0.42157800803354184,8.790781065362074,0.40170786767149547
blood-transfusion,xgb,Meta_PSO,0,50.0,50.0,8,0.29240104246831555,14.452134952705963,0.4322835920122841
blood-transfusion,xgb,Meta_WOA,0,50.0,50.0,8,0.4396147378950421,6.1411723531316404,0.3586864129410737
blood-transfusion,xgb,Meta_GWO,7,50.0,50.0,8,0.29510800412446986,15.054336039528947,0.43185703463536473
blood-transfusion,xgb,Meta_PSO,7,50.0,50.0,8,0.3008808772620246,7.6484584014476305,0.39968936860318555
blood-transfusion,xgb,Meta_WOA,7,50.0,50.0,8,0.4545923245388319,5.970384885194639,0.36003143516151287
blood-transfusion,xgb,Meta_GWO,42,50.0,50.0,8,0.39218498948147573,6.535013514464893,0.35162275927939435
blood-transfusion,xgb,Meta_PSO,42,50.0,50.0,8,0.3008808772620246,7.6484584014476305,0.39968936860318555
blood-transfusion,xgb,Meta_WOA,42,50.0,50.0,8,0.4396147378950421,6.1411723531316404,0.3586864129410737
blood-transfusion,xgb,Meta_GWO,99,50.0,50.0,8,0.3177313123740271,9.519146913627187,0.4335407106123873
blood-transfusion,xgb,Meta_PSO,99,50.0,50.0,8,0.3505822386244858,7.962309246011222,0.4052832844693691
blood-transfusion,xgb,Meta_WOA,99,50.0,50.0,8,0.39218498948147573,6.535013514464893,0.35162275927939435
blood-transfusion,xgb,Meta_GWO,123,50.0,50.0,8,0.3008808772620246,7.6484584014476305,0.39968936860318555
blood-transfusion,xgb,Meta_PSO,123,50.0,50.0,8,0.2179755210447889,12.377945033171548,0.4421654231537101
blood-transfusion,xgb,Meta_WOA,123,50.0,50.0,8,0.41472732569612014,6.320569396433819,0.35611695357547435
blood-transfusion,xgb,Meta_GWO,256,50.0,50.0,8,0.39218498948147573,6.535013514464893,0.35162275927939435
blood-transfusion,xgb,Meta_PSO,256,50.0,50.0,8,0.3177313123740271,9.519146913627187,0.4335407106123873
blood-transfusion,xgb,Meta_WOA,256,50.0,50.0,8,0.41472732569612014,6.32056939643382,0.35611695357547435
blood-transfusion,xgb,Meta_GWO,512,50.0,50.0,8,0.3177313123740271,9.519146913627186,0.4335407106123874
blood-transfusion,xgb,Meta_PSO,512,50.0,50.0,8,0.17379518356371315,8.489932525302773,0.4476752647933807
blood-transfusion,xgb,Meta_WOA,512,50.0,50.0,8,0.41472732569612014,6.32056939643382,0.35611695357547435
blood-transfusion,xgb,Meta_GWO,777,50.0,50.0,8,0.32997837735507163,16.514214651342407,0.4749940486290525
blood-transfusion,xgb,Meta_PSO,777,50.0,50.0,8,0.3008808772620246,7.6484584014476305,0.39968936860318566
blood-transfusion,xgb,Meta_WOA,777,50.0,50.0,8,0.41472732569612014,6.320569396433819,0.35611695357547435
blood-transfusion,xgb,Meta_GWO,1000,50.0,50.0,8,0.27371764595928116,6.308180145686559,0.3695095202460301
blood-transfusion,xgb,Meta_PSO,1000,50.0,50.0,8,0.29078670602071,15.579627495311968,0.44873676458407835
blood-transfusion,xgb,Meta_WOA,1000,50.0,50.0,8,0.39218498948147573,6.535013514464893,0.35162275927939435
blood-transfusion,xgb,Meta_GWO,2024,50.0,50.0,8,0.29510800412446986,15.054336039528943,0.4318570346353647
blood-transfusion,xgb,Meta_PSO,2024,50.0,50.0,8,0.3008808772620246,7.6484584014476305,0.39968936860318555
blood-transfusion,xgb,Meta_WOA,2024,50.0,50.0,8,0.4396147378950421,6.1411723531316404,0.3586864129410737
blood-transfusion,xgb,EvoCluster_PSO,0,20.0,30.0,3,0.4396147378950421,6.1411723531316404,0.3586864129410737
blood-transfusion,xgb,EvoCluster_PSO,7,20.0,30.0,6,0.3008808772620246,7.648458401447632,0.39968936860318566
blood-transfusion,xgb,EvoCluster_PSO,42,20.0,30.0,4,0.3674752806477017,10.555368292327113,0.4471365769324108
blood-transfusion,xgb,EvoCluster_PSO,99,20.0,30.0,4,0.3674752806477017,10.555368292327111,0.44713657693241077
blood-transfusion,xgb,EvoCluster_PSO,123,20.0,30.0,5,0.3177313123740271,9.519146913627187,0.4335407106123874
blood-transfusion,xgb,EvoCluster_PSO,256,20.0,30.0,7,0.315462231308526,17.228678458191375,0.4426244974772632
blood-transfusion,xgb,EvoCluster_PSO,512,20.0,30.0,4,0.41472732569612014,6.32056939643382,0.35611695357547435
blood-transfusion,xgb,EvoCluster_PSO,777,20.0,30.0,5,0.3177313123740271,9.519146913627187,0.4335407106123873
blood-transfusion,xgb,EvoCluster_PSO,1000,20.0,30.0,2,0.4545923245388319,5.970384885194639,0.36003143516151287
blood-transfusion,xgb,EvoCluster_PSO,2024,20.0,30.0,6,0.3008808772620246,7.6484584014476305,0.39968936860318566
blood-transfusion,xgb,EvoCluster_PSO,0,20.0,50.0,6,0.3008808772620246,7.6484584014476305,0.39968936860318555
blood-transfusion,xgb,EvoCluster_PSO,7,20.0,50.0,7,0.29078670602071,15.579627495311968,0.4487367645840782
blood-transfusion,xgb,EvoCluster_PSO,42,20.0,50.0,5,0.3177313123740271,9.519146913627187,0.4335407106123874
blood-transfusion,xgb,EvoCluster_PSO,99,20.0,50.0,5,0.3177313123740271,9.519146913627186,0.4335407106123873
blood-transfusion,xgb,EvoCluster_PSO,123,20.0,50.0,5,0.3177313123740271,9.519146913627187,0.4335407106123873
blood-transfusion,xgb,EvoCluster_PSO,256,20.0,50.0,2,0.4545923245388319,5.970384885194639,0.36003143516151287
blood-transfusion,xgb,EvoCluster_PSO,512,20.0,50.0,5,0.39218498948147573,6.535013514464893,0.35162275927939435
blood-transfusion,xgb,EvoCluster_PSO,777,20.0,50.0,3,0.4396147378950421,6.1411723531316404,0.3586864129410737
blood-transfusion,xgb,EvoCluster_PSO,1000,20.0,50.0,2,0.4545923245388319,5.970384885194639,0.36003143516151287
blood-transfusion,xgb,EvoCluster_PSO,2024,20.0,50.0,5,0.3177313123740271,9.519146913627187,0.4335407106123873
blood-transfusion,xgb,EvoCluster_PSO,0,50.0,30.0,6,0.3008808772620246,7.6484584014476305,0.39968936860318566
blood-transfusion,xgb,EvoCluster_PSO,7,50.0,30.0,6,0.3008808772620246,7.648458401447632,0.39968936860318566
blood-transfusion,xgb,EvoCluster_PSO,42,50.0,30.0,5,0.39218498948147573,6.535013514464893,0.3516227592793944
blood-transfusion,xgb,EvoCluster_PSO,99,50.0,30.0,5,0.3505822386244858,7.962309246011222,0.4052832844693691
blood-transfusion,xgb,EvoCluster_PSO,123,50.0,30.0,6,0.2781963953665016,5.542780150934236,0.3932500901606939
blood-transfusion,xgb,EvoCluster_PSO,256,50.0,30.0,7,0.2248463762319523,14.330044313840284,0.4722155865298125
blood-transfusion,xgb,EvoCluster_PSO,512,50.0,30.0,5,0.39218498948147573,6.535013514464893,0.35162275927939435
blood-transfusion,xgb,EvoCluster_PSO,777,50.0,30.0,7,0.27371764595928116,6.308180145686559,0.3695095202460301
blood-transfusion,xgb,EvoCluster_PSO,1000,50.0,30.0,5,0.3177313123740271,9.519146913627187,0.4335407106123873
blood-transfusion,xgb,EvoCluster_PSO,2024,50.0,30.0,6,0.3008808772620246,7.648458401447629,0.39968936860318555
blood-transfusion,xgb,EvoCluster_PSO,0,50.0,50.0,5,0.3177313123740271,9.519146913627187,0.4335407106123873
blood-transfusion,xgb,EvoCluster_PSO,7,50.0,50.0,8,0.27427502140106147,13.214389588338305,0.3943186774866579
blood-transfusion,xgb,EvoCluster_PSO,42,50.0,50.0,5,0.3177313123740271,9.519146913627187,0.4335407106123873
blood-transfusion,xgb,EvoCluster_PSO,99,50.0,50.0,4,0.41472732569612014,6.320569396433819,0.35611695357547435
blood-transfusion,xgb,EvoCluster_PSO,123,50.0,50.0,3,0.4396147378950421,6.1411723531316404,0.3586864129410737
blood-transfusion,xgb,EvoCluster_PSO,256,50.0,50.0,6,0.3008808772620246,7.6484584014476305,0.39968936860318555
blood-transfusion,xgb,EvoCluster_PSO,512,50.0,50.0,5,0.39218498948147573,6.535013514464893,0.35162275927939435
blood-transfusion,xgb,EvoCluster_PSO,777,50.0,50.0,4,0.41472732569612014,6.32056939643382,0.35611695357547435
blood-transfusion,xgb,EvoCluster_PSO,1000,50.0,50.0,5,0.39218498948147573,6.535013514464893,0.35162275927939435
blood-transfusion,xgb,EvoCluster_PSO,2024,50.0,50.0,5,0.3177313123740271,9.519146913627187,0.4335407106123873
isolet_bin,xgb,AffinityPropagation,0,,,2,0.0992953966038263,1.5329410814228954,0.4663120744058651
isolet_bin,xgb,AffinityPropagation,7,,,2,0.0992953966038263,1.5329410814228954,0.4663120744058651
isolet_bin,xgb,AffinityPropagation,42,,,2,0.0992953966038263,1.5329410814228954,0.4663120744058651
isolet_bin,xgb,AffinityPropagation,99,,,2,0.0992953966038263,1.5329410814228954,0.4663120744058651
isolet_bin,xgb,AffinityPropagation,123,,,2,0.0992953966038263,1.5329410814228954,0.4663120744058651
isolet_bin,xgb,AffinityPropagation,256,,,2,0.0992953966038263,1.5329410814228954,0.4663120744058651
isolet_bin,xgb,AffinityPropagation,512,,,2,0.0992953966038263,1.5329410814228954,0.4663120744058651
isolet_bin,xgb,AffinityPropagation,777,,,2,0.0992953966038263,1.5329410814228954,0.4663120744058651
isolet_bin,xgb,AffinityPropagation,1000,,,2,0.0992953966038263,1.5329410814228954,0.4663120744058651
isolet_bin,xgb,AffinityPropagation,2024,,,2,0.0992953966038263,1.5329410814228954,0.4663120744058651
isolet_bin,xgb,Meta_GWO,0,20.0,30.0,2,0.0992953966038263,1.5329410814228954,0.4663120744058651
isolet_bin,xgb,Meta_PSO,0,20.0,30.0,2,0.0992953966038263,1.5329410814228954,0.4663120744058651
isolet_bin,xgb,Meta_WOA,0,20.0,30.0,2,0.0992953966038263,1.5329410814228954,0.4663120744058651
isolet_bin,xgb,Meta_GWO,7,20.0,30.0,2,0.0992953966038263,1.5329410814228954,0.4663120744058651
isolet_bin,xgb,Meta_PSO,7,20.0,30.0,2,0.0992953966038263,1.5329410814228954,0.4663120744058651
isolet_bin,xgb,Meta_WOA,7,20.0,30.0,2,0.0992953966038263,1.5329410814228954,0.4663120744058651
isolet_bin,xgb,Meta_GWO,42,20.0,30.0,2,0.0992953966038263,1.5329410814228954,0.4663120744058651
isolet_bin,xgb,Meta_PSO,42,20.0,30.0,2,0.0992953966038263,1.5329410814228954,0.4663120744058651
isolet_bin,xgb,Meta_WOA,42,20.0,30.0,2,0.0992953966038263,1.5329410814228954,0.4663120744058651
isolet_bin,xgb,Meta_GWO,99,20.0,30.0,2,0.0992953966038263,1.5329410814228954,0.4663120744058651
isolet_bin,xgb,Meta_PSO,99,20.0,30.0,2,0.0992953966038263,1.5329410814228954,0.4663120744058651
isolet_bin,xgb,Meta_WOA,99,20.0,30.0,2,0.0992953966038263,1.5329410814228954,0.4663120744058651
isolet_bin,xgb,Meta_GWO,123,20.0,30.0,2,0.0992953966038263,1.5329410814228954,0.4663120744058651
isolet_bin,xgb,Meta_PSO,123,20.0,30.0,2,0.0992953966038263,1.5329410814228954,0.4663120744058651
isolet_bin,xgb,Meta_WOA,123,20.0,30.0,2,0.0992953966038263,1.5329410814228954,0.4663120744058651
isolet_bin,xgb,Meta_GWO,256,20.0,30.0,2,0.0992953966038263,1.5329410814228954,0.4663120744058651
isolet_bin,xgb,Meta_PSO,256,20.0,30.0,2,0.0992953966038263,1.5329410814228954,0.4663120744058651
isolet_bin,xgb,Meta_WOA,256,20.0,30.0,2,0.0992953966038263,1.5329410814228954,0.4663120744058651
isolet_bin,xgb,Meta_GWO,512,20.0,30.0,2,0.0992953966038263,1.5329410814228954,0.4663120744058651
isolet_bin,xgb,Meta_PSO,512,20.0,30.0,2,0.0992953966038263,1.5329410814228954,0.4663120744058651
isolet_bin,xgb,Meta_WOA,512,20.0,30.0,2,0.0992953966038263,1.5329410814228954,0.4663120744058651
isolet_bin,xgb,Meta_GWO,777,20.0,30.0,2,0.0992953966038263,1.5329410814228954,0.4663120744058651
isolet_bin,xgb,Meta_PSO,777,20.0,30.0,2,0.0992953966038263,1.5329410814228954,0.4663120744058651
isolet_bin,xgb,Meta_WOA,777,20.0,30.0,2,0.0992953966038263,1.5329410814228954,0.4663120744058651
isolet_bin,xgb,Meta_GWO,1000,20.0,30.0,2,0.0992953966038263,1.5329410814228954,0.4663120744058651
isolet_bin,xgb,Meta_PSO,1000,20.0,30.0,2,0.0992953966038263,1.5329410814228954,0.4663120744058651
isolet_bin,xgb,Meta_WOA,1000,20.0,30.0,2,0.0992953966038263,1.5329410814228954,0.4663120744058651
isolet_bin,xgb,Meta_GWO,2024,20.0,30.0,2,0.0992953966038263,1.5329410814228954,0.4663120744058651
isolet_bin,xgb,Meta_PSO,2024,20.0,30.0,2,0.0992953966038263,1.5329410814228954,0.4663120744058651
isolet_bin,xgb,Meta_WOA,2024,20.0,30.0,2,0.0992953966038263,1.5329410814228954,0.4663120744058651
isolet_bin,xgb,Meta_GWO,0,20.0,50.0,2,0.0992953966038263,1.5329410814228954,0.4663120744058651
isolet_bin,xgb,Meta_PSO,0,20.0,50.0,2,0.0992953966038263,1.5329410814228954,0.4663120744058651
isolet_bin,xgb,Meta_WOA,0,20.0,50.0,2,0.0992953966038263,1.5329410814228954,0.4663120744058651
isolet_bin,xgb,Meta_GWO,7,20.0,50.0,2,0.0992953966038263,1.5329410814228954,0.4663120744058651
isolet_bin,xgb,Meta_PSO,7,20.0,50.0,2,0.0992953966038263,1.5329410814228954,0.4663120744058651
isolet_bin,xgb,Meta_WOA,7,20.0,50.0,2,0.0992953966038263,1.5329410814228954,0.4663120744058651
isolet_bin,xgb,Meta_GWO,42,20.0,50.0,2,0.0992953966038263,1.5329410814228954,0.4663120744058651
isolet_bin,xgb,Meta_PSO,42,20.0,50.0,2,0.0992953966038263,1.5329410814228954,0.4663120744058651
isolet_bin,xgb,Meta_WOA,42,20.0,50.0,2,0.0992953966038263,1.5329410814228954,0.4663120744058651
isolet_bin,xgb,Meta_GWO,99,20.0,50.0,2,0.0992953966038263,1.5329410814228954,0.4663120744058651
isolet_bin,xgb,Meta_PSO,99,20.0,50.0,2,0.0992953966038263,1.5329410814228954,0.4663120744058651
isolet_bin,xgb,Meta_WOA,99,20.0,50.0,2,0.0992953966038263,1.5329410814228954,0.4663120744058651
isolet_bin,xgb,Meta_GWO,123,20.0,50.0,2,0.0992953966038263,1.5329410814228954,0.4663120744058651
isolet_bin,xgb,Meta_PSO,123,20.0,50.0,2,0.0992953966038263,1.5329410814228954,0.4663120744058651
isolet_bin,xgb,Meta_WOA,123,20.0,50.0,2,0.0992953966038263,1.5329410814228954,0.4663120744058651
isolet_bin,xgb,Meta_GWO,256,20.0,50.0,2,0.0992953966038263,1.5329410814228954,0.4663120744058651
isolet_bin,xgb,Meta_PSO,256,20.0,50.0,2,0.0992953966038263,1.5329410814228954,0.4663120744058651
isolet_bin,xgb,Meta_WOA,256,20.0,50.0,2,0.0992953966038263,1.5329410814228954,0.4663120744058651
isolet_bin,xgb,Meta_GWO,512,20.0,50.0,2,0.0992953966038263,1.5329410814228954,0.4663120744058651
isolet_bin,xgb,Meta_PSO,512,20.0,50.0,2,0.0992953966038263,1.5329410814228954,0.4663120744058651
isolet_bin,xgb,Meta_WOA,512,20.0,50.0,2,0.0992953966038263,1.5329410814228954,0.4663120744058651
isolet_bin,xgb,Meta_GWO,777,20.0,50.0,2,0.0992953966038263,1.5329410814228954,0.4663120744058651
isolet_bin,xgb,Meta_PSO,777,20.0,50.0,2,0.0992953966038263,1.5329410814228954,0.4663120744058651
isolet_bin,xgb,Meta_WOA,777,20.0,50.0,2,0.0992953966038263,1.5329410814228954,0.4663120744058651
isolet_bin,xgb,Meta_GWO,1000,20.0,50.0,2,0.0992953966038263,1.5329410814228954,0.4663120744058651
isolet_bin,xgb,Meta_PSO,1000,20.0,50.0,2,0.0992953966038263,1.5329410814228954,0.4663120744058651
isolet_bin,xgb,Meta_WOA,1000,20.0,50.0,2,0.0992953966038263,1.5329410814228954,0.4663120744058651
isolet_bin,xgb,Meta_GWO,2024,20.0,50.0,2,0.0992953966038263,1.5329410814228954,0.4663120744058651
isolet_bin,xgb,Meta_PSO,2024,20.0,50.0,2,0.0992953966038263,1.5329410814228954,0.4663120744058651
isolet_bin,xgb,Meta_WOA,2024,20.0,50.0,2,0.0992953966038263,1.5329410814228954,0.4663120744058651
isolet_bin,xgb,Meta_GWO,0,50.0,30.0,2,0.0992953966038263,1.5329410814228954,0.4663120744058651
isolet_bin,xgb,Meta_PSO,0,50.0,30.0,2,0.0992953966038263,1.5329410814228954,0.4663120744058651
isolet_bin,xgb,Meta_WOA,0,50.0,30.0,2,0.0992953966038263,1.5329410814228954,0.4663120744058651
isolet_bin,xgb,Meta_GWO,7,50.0,30.0,2,0.0992953966038263,1.5329410814228954,0.4663120744058651
isolet_bin,xgb,Meta_PSO,7,50.0,30.0,2,0.0992953966038263,1.5329410814228954,0.4663120744058651
isolet_bin,xgb,Meta_WOA,7,50.0,30.0,2,0.0992953966038263,1.5329410814228954,0.4663120744058651
isolet_bin,xgb,Meta_GWO,42,50.0,30.0,2,0.0992953966038263,1.5329410814228954,0.4663120744058651
isolet_bin,xgb,Meta_PSO,42,50.0,30.0,2,0.0992953966038263,1.5329410814228954,0.4663120744058651
isolet_bin,xgb,Meta_WOA,42,50.0,30.0,2,0.0992953966038263,1.5329410814228954,0.4663120744058651
isolet_bin,xgb,Meta_GWO,99,50.0,30.0,2,0.0992953966038263,1.5329410814228954,0.4663120744058651
isolet_bin,xgb,Meta_PSO,99,50.0,30.0,2,0.0992953966038263,1.5329410814228954,0.4663120744058651
isolet_bin,xgb,Meta_WOA,99,50.0,30.0,2,0.0992953966038263,1.5329410814228954,0.4663120744058651
isolet_bin,xgb,Meta_GWO,123,50.0,30.0,2,0.0992953966038263,1.5329410814228954,0.4663120744058651
isolet_bin,xgb,Meta_PSO,123,50.0,30.0,2,0.0992953966038263,1.5329410814228954,0.4663120744058651
isolet_bin,xgb,Meta_WOA,123,50.0,30.0,2,0.0992953966038263,1.5329410814228954,0.4663120744058651
isolet_bin,xgb,Meta_GWO,256,50.0,30.0,2,0.0992953966038263,1.5329410814228954,0.4663120744058651
isolet_bin,xgb,Meta_PSO,256,50.0,30.0,2,0.0992953966038263,1.5329410814228954,0.4663120744058651
isolet_bin,xgb,Meta_WOA,256,50.0,30.0,2,0.0992953966038263,1.5329410814228954,0.4663120744058651
isolet_bin,xgb,Meta_GWO,512,50.0,30.0,2,0.0992953966038263,1.5329410814228954,0.4663120744058651
isolet_bin,xgb,Meta_PSO,512,50.0,30.0,2,0.0992953966038263,1.5329410814228954,0.4663120744058651
isolet_bin,xgb,Meta_WOA,512,50.0,30.0,2,0.0992953966038263,1.5329410814228954,0.4663120744058651
isolet_bin,xgb,Meta_GWO,777,50.0,30.0,2,0.0992953966038263,1.5329410814228954,0.4663120744058651
isolet_bin,xgb,Meta_PSO,777,50.0,30.0,2,0.0992953966038263,1.5329410814228954,0.4663120744058651
isolet_bin,xgb,Meta_WOA,777,50.0,30.0,2,0.0992953966038263,1.5329410814228954,0.4663120744058651
isolet_bin,xgb,Meta_GWO,1000,50.0,30.0,2,0.0992953966038263,1.5329410814228954,0.4663120744058651
isolet_bin,xgb,Meta_PSO,1000,50.0,30.0,2,0.0992953966038263,1.5329410814228954,0.4663120744058651
isolet_bin,xgb,Meta_WOA,1000,50.0,30.0,2,0.0992953966038263,1.5329410814228954,0.4663120744058651
isolet_bin,xgb,Meta_GWO,2024,50.0,30.0,2,0.0992953966038263,1.5329410814228954,0.4663120744058651
isolet_bin,xgb,Meta_PSO,2024,50.0,30.0,2,0.0992953966038263,1.5329410814228954,0.4663120744058651
isolet_bin,xgb,Meta_WOA,2024,50.0,30.0,2,0.0992953966038263,1.5329410814228954,0.4663120744058651
isolet_bin,xgb,Meta_GWO,0,50.0,50.0,2,0.0992953966038263,1.5329410814228954,0.4663120744058651
isolet_bin,xgb,Meta_PSO,0,50.0,50.0,2,0.0992953966038263,1.5329410814228954,0.4663120744058651
isolet_bin,xgb,Meta_WOA,0,50.0,50.0,2,0.0992953966038263,1.5329410814228954,0.4663120744058651
isolet_bin,xgb,Meta_GWO,7,50.0,50.0,2,0.0992953966038263,1.5329410814228954,0.4663120744058651
isolet_bin,xgb,Meta_PSO,7,50.0,50.0,2,0.0992953966038263,1.5329410814228954,0.4663120744058651
isolet_bin,xgb,Meta_WOA,7,50.0,50.0,2,0.0992953966038263,1.5329410814228954,0.4663120744058651
isolet_bin,xgb,Meta_GWO,42,50.0,50.0,2,0.0992953966038263,1.5329410814228954,0.4663120744058651
isolet_bin,xgb,Meta_PSO,42,50.0,50.0,2,0.0992953966038263,1.5329410814228954,0.4663120744058651
isolet_bin,xgb,Meta_WOA,42,50.0,50.0,2,0.0992953966038263,1.5329410814228954,0.4663120744058651
isolet_bin,xgb,Meta_GWO,99,50.0,50.0,2,0.0992953966038263,1.5329410814228954,0.4663120744058651
isolet_bin,xgb,Meta_PSO,99,50.0,50.0,2,0.0992953966038263,1.5329410814228954,0.4663120744058651
isolet_bin,xgb,Meta_WOA,99,50.0,50.0,2,0.0992953966038263,1.5329410814228954,0.4663120744058651
isolet_bin,xgb,Meta_GWO,123,50.0,50.0,2,0.0992953966038263,1.5329410814228954,0.4663120744058651
isolet_bin,xgb,Meta_PSO,123,50.0,50.0,2,0.0992953966038263,1.5329410814228954,0.4663120744058651
isolet_bin,xgb,Meta_WOA,123,50.0,50.0,2,0.0992953966038263,1.5329410814228954,0.4663120744058651
isolet_bin,xgb,Meta_GWO,256,50.0,50.0,2,0.0992953966038263,1.5329410814228954,0.4663120744058651
isolet_bin,xgb,Meta_PSO,256,50.0,50.0,2,0.0992953966038263,1.5329410814228954,0.4663120744058651
isolet_bin,xgb,Meta_WOA,256,50.0,50.0,2,0.0992953966038263,1.5329410814228954,0.4663120744058651
isolet_bin,xgb,Meta_GWO,512,50.0,50.0,2,0.0992953966038263,1.5329410814228954,0.4663120744058651
isolet_bin,xgb,Meta_PSO,512,50.0,50.0,2,0.0992953966038263,1.5329410814228954,0.4663120744058651
isolet_bin,xgb,Meta_WOA,512,50.0,50.0,2,0.0992953966038263,1.5329410814228954,0.4663120744058651
isolet_bin,xgb,Meta_GWO,777,50.0,50.0,2,0.0992953966038263,1.5329410814228954,0.4663120744058651
isolet_bin,xgb,Meta_PSO,777,50.0,50.0,2,0.0992953966038263,1.5329410814228954,0.4663120744058651
isolet_bin,xgb,Meta_WOA,777,50.0,50.0,2,0.0992953966038263,1.5329410814228954,0.4663120744058651
isolet_bin,xgb,Meta_GWO,1000,50.0,50.0,2,0.0992953966038263,1.5329410814228954,0.4663120744058651
isolet_bin,xgb,Meta_PSO,1000,50.0,50.0,2,0.0992953966038263,1.5329410814228954,0.4663120744058651
isolet_bin,xgb,Meta_WOA,1000,50.0,50.0,2,0.0992953966038263,1.5329410814228954,0.4663120744058651
isolet_bin,xgb,Meta_GWO,2024,50.0,50.0,2,0.0992953966038263,1.5329410814228954,0.4663120744058651
isolet_bin,xgb,Meta_PSO,2024,50.0,50.0,2,0.0992953966038263,1.5329410814228954,0.4663120744058651
isolet_bin,xgb,Meta_WOA,2024,50.0,50.0,2,0.0992953966038263,1.5329410814228954,0.4663120744058651
isolet_bin,xgb,EvoCluster_PSO,0,20.0,30.0,2,0.0992953966038263,1.5329410814228954,0.4663120744058651
isolet_bin,xgb,EvoCluster_PSO,7,20.0,30.0,2,0.0992953966038263,1.5329410814228954,0.4663120744058651
isolet_bin,xgb,EvoCluster_PSO,42,20.0,30.0,2,0.0992953966038263,1.5329410814228954,0.4663120744058651
isolet_bin,xgb,EvoCluster_PSO,99,20.0,30.0,2,0.0992953966038263,1.5329410814228954,0.4663120744058651
isolet_bin,xgb,EvoCluster_PSO,123,20.0,30.0,2,0.0992953966038263,1.5329410814228954,0.4663120744058651
isolet_bin,xgb,EvoCluster_PSO,256,20.0,30.0,2,0.0992953966038263,1.5329410814228954,0.4663120744058651
isolet_bin,xgb,EvoCluster_PSO,512,20.0,30.0,2,0.0992953966038263,1.5329410814228954,0.4663120744058651
isolet_bin,xgb,EvoCluster_PSO,777,20.0,30.0,2,0.0992953966038263,1.5329410814228954,0.4663120744058651
isolet_bin,xgb,EvoCluster_PSO,1000,20.0,30.0,2,0.0992953966038263,1.5329410814228954,0.4663120744058651
isolet_bin,xgb,EvoCluster_PSO,2024,20.0,30.0,2,0.0992953966038263,1.5329410814228954,0.4663120744058651
isolet_bin,xgb,EvoCluster_PSO,0,20.0,50.0,2,0.0992953966038263,1.5329410814228954,0.4663120744058651
isolet_bin,xgb,EvoCluster_PSO,7,20.0,50.0,2,0.0992953966038263,1.5329410814228954,0.4663120744058651
isolet_bin,xgb,EvoCluster_PSO,42,20.0,50.0,2,0.0992953966038263,1.5329410814228954,0.4663120744058651
isolet_bin,xgb,EvoCluster_PSO,99,20.0,50.0,2,0.0992953966038263,1.5329410814228954,0.4663120744058651
isolet_bin,xgb,EvoCluster_PSO,123,20.0,50.0,2,0.0992953966038263,1.5329410814228954,0.4663120744058651
isolet_bin,xgb,EvoCluster_PSO,256,20.0,50.0,2,0.0992953966038263,1.5329410814228954,0.4663120744058651
isolet_bin,xgb,EvoCluster_PSO,512,20.0,50.0,2,0.0992953966038263,1.5329410814228954,0.4663120744058651
isolet_bin,xgb,EvoCluster_PSO,777,20.0,50.0,2,0.0992953966038263,1.5329410814228954,0.4663120744058651
isolet_bin,xgb,EvoCluster_PSO,1000,20.0,50.0,2,0.0992953966038263,1.5329410814228954,0.4663120744058651
isolet_bin,xgb,EvoCluster_PSO,2024,20.0,50.0,2,0.0992953966038263,1.5329410814228954,0.4663120744058651
isolet_bin,xgb,EvoCluster_PSO,0,50.0,30.0,2,0.0992953966038263,1.5329410814228954,0.4663120744058651
isolet_bin,xgb,EvoCluster_PSO,7,50.0,30.0,2,0.0992953966038263,1.5329410814228954,0.4663120744058651
isolet_bin,xgb,EvoCluster_PSO,42,50.0,30.0,2,0.0992953966038263,1.5329410814228954,0.4663120744058651
isolet_bin,xgb,EvoCluster_PSO,99,50.0,30.0,2,0.0992953966038263,1.5329410814228954,0.4663120744058651
isolet_bin,xgb,EvoCluster_PSO,123,50.0,30.0,2,0.0992953966038263,1.5329410814228954,0.4663120744058651
isolet_bin,xgb,EvoCluster_PSO,256,50.0,30.0,2,0.0992953966038263,1.5329410814228954,0.4663120744058651
isolet_bin,xgb,EvoCluster_PSO,512,50.0,30.0,2,0.0992953966038263,1.5329410814228954,0.4663120744058651
isolet_bin,xgb,EvoCluster_PSO,777,50.0,30.0,2,0.0992953966038263,1.5329410814228954,0.4663120744058651
isolet_bin,xgb,EvoCluster_PSO,1000,50.0,30.0,2,0.0992953966038263,1.5329410814228954,0.4663120744058651
isolet_bin,xgb,EvoCluster_PSO,2024,50.0,30.0,2,0.0992953966038263,1.5329410814228954,0.4663120744058651
isolet_bin,xgb,EvoCluster_PSO,0,50.0,50.0,2,0.0992953966038263,1.5329410814228954,0.4663120744058651
isolet_bin,xgb,EvoCluster_PSO,7,50.0,50.0,2,0.0992953966038263,1.5329410814228954,0.4663120744058651
isolet_bin,xgb,EvoCluster_PSO,42,50.0,50.0,2,0.0992953966038263,1.5329410814228954,0.4663120744058651
isolet_bin,xgb,EvoCluster_PSO,99,50.0,50.0,2,0.0992953966038263,1.5329410814228954,0.4663120744058651
isolet_bin,xgb,EvoCluster_PSO,123,50.0,50.0,2,0.0992953966038263,1.5329410814228954,0.4663120744058651
isolet_bin,xgb,EvoCluster_PSO,256,50.0,50.0,2,0.0992953966038263,1.5329410814228954,0.4663120744058651
isolet_bin,xgb,EvoCluster_PSO,512,50.0,50.0,2,0.0992953966038263,1.5329410814228954,0.4663120744058651
isolet_bin,xgb,EvoCluster_PSO,777,50.0,50.0,2,0.0992953966038263,1.5329410814228954,0.4663120744058651
isolet_bin,xgb,EvoCluster_PSO,1000,50.0,50.0,2,0.0992953966038263,1.5329410814228954,0.4663120744058651
isolet_bin,xgb,EvoCluster_PSO,2024,50.0,50.0,2,0.0992953966038263,1.5329410814228954,0.4663120744058651
usps_bin,rf,AffinityPropagation,0,,,3,0.061775236856505655,1.5306474599218627,1.1268611442022596
usps_bin,rf,AffinityPropagation,7,,,3,0.061775236856505655,1.5306474599218627,1.1268611442022596
usps_bin,rf,AffinityPropagation,42,,,3,0.061775236856505655,1.5306474599218627,1.1268611442022596
usps_bin,rf,AffinityPropagation,99,,,3,0.061775236856505655,1.5306474599218627,1.1268611442022596
usps_bin,rf,AffinityPropagation,123,,,3,0.061775236856505655,1.5306474599218627,1.1268611442022596
usps_bin,rf,AffinityPropagation,256,,,3,0.061775236856505655,1.5306474599218627,1.1268611442022596
usps_bin,rf,AffinityPropagation,512,,,3,0.061775236856505655,1.5306474599218627,1.1268611442022596
usps_bin,rf,AffinityPropagation,777,,,3,0.061775236856505655,1.5306474599218627,1.1268611442022596
usps_bin,rf,AffinityPropagation,1000,,,3,0.061775236856505655,1.5306474599218627,1.1268611442022596
usps_bin,rf,AffinityPropagation,2024,,,3,0.061775236856505655,1.5306474599218627,1.1268611442022596
usps_bin,rf,Meta_GWO,0,20.0,30.0,3,0.053996292720449666,1.5169603443615014,0.6310664964149937
usps_bin,rf,Meta_PSO,0,20.0,30.0,3,0.053996292720449666,1.5169603443615014,0.6310664964149937
usps_bin,rf,Meta_WOA,0,20.0,30.0,3,0.022312230215203965,1.4836586554564664,0.6511181126999889
usps_bin,rf,Meta_GWO,7,20.0,30.0,3,0.053996292720449666,1.5169603443615012,0.6310664964149937
usps_bin,rf,Meta_PSO,7,20.0,30.0,3,0.053996292720449666,1.5169603443615012,0.6310664964149937
usps_bin,rf,Meta_WOA,7,20.0,30.0,3,0.09718488512270822,1.532094855954348,0.656624820415536
usps_bin,rf,Meta_GWO,42,20.0,30.0,3,0.053996292720449666,1.5169603443615014,0.6310664964149937
usps_bin,rf,Meta_PSO,42,20.0,30.0,3,0.053996292720449666,1.5169603443615014,0.6310664964149937
usps_bin,rf,Meta_WOA,42,20.0,30.0,3,0.053996292720449666,1.5169603443615014,0.6310664964149937
usps_bin,rf,Meta_GWO,99,20.0,30.0,3,0.022312230215203965,1.4836586554564664,0.6511181126999889
usps_bin,rf,Meta_PSO,99,20.0,30.0,3,0.053996292720449666,1.5169603443615012,0.6310664964149937
usps_bin,rf,Meta_WOA,99,20.0,30.0,3,0.053996292720449666,1.5169603443615014,0.6310664964149937
usps_bin,rf,Meta_GWO,123,20.0,30.0,3,0.053996292720449666,1.5169603443615014,0.6310664964149937
usps_bin,rf,Meta_PSO,123,20.0,30.0,3,0.053996292720449666,1.5169603443615012,0.6310664964149937
usps_bin,rf,Meta_WOA,123,20.0,30.0,3,0.053996292720449666,1.5169603443615012,0.6310664964149937
usps_bin,rf,Meta_GWO,256,20.0,30.0,3,0.053996292720449666,1.5169603443615012,0.6310664964149938
usps_bin,rf,Meta_PSO,256,20.0,30.0,3,0.053996292720449666,1.5169603443615014,0.6310664964149937
usps_bin,rf,Meta_WOA,256,20.0,30.0,3,0.053996292720449666,1.5169603443615012,0.6310664964149938
usps_bin,rf,Meta_GWO,512,20.0,30.0,3,0.053996292720449666,1.5169603443615012,0.6310664964149937
usps_bin,rf,Meta_PSO,512,20.0,30.0,3,0.053996292720449666,1.5169603443615014,0.6310664964149937
usps_bin,rf,Meta_WOA,512,20.0,30.0,3,0.053996292720449666,1.5169603443615012,0.6310664964149937
usps_bin,rf,Meta_GWO,777,20.0,30.0,3,0.053996292720449666,1.5169603443615014,0.6310664964149937
usps_bin,rf,Meta_PSO,777,20.0,30.0,3,0.053996292720449666,1.5169603443615014,0.6310664964149937
usps_bin,rf,Meta_WOA,777,20.0,30.0,3,0.022312230215203965,1.4836586554564664,0.6511181126999889
usps_bin,rf,Meta_GWO,1000,20.0,30.0,3,0.053996292720449666,1.5169603443615014,0.6310664964149937
usps_bin,rf,Meta_PSO,1000,20.0,30.0,3,0.053996292720449666,1.5169603443615014,0.6310664964149937
usps_bin,rf,Meta_WOA,1000,20.0,30.0,3,0.053996292720449666,1.5169603443615014,0.6310664964149937
usps_bin,rf,Meta_GWO,2024,20.0,30.0,3,0.053996292720449666,1.5169603443615014,0.6310664964149937
usps_bin,rf,Meta_PSO,2024,20.0,30.0,3,0.053996292720449666,1.5169603443615014,0.6310664964149937
usps_bin,rf,Meta_WOA,2024,20.0,30.0,3,0.022312230215203965,1.4836586554564664,0.6511181126999889
usps_bin,rf,Meta_GWO,0,20.0,50.0,3,0.053996292720449666,1.5169603443615014,0.6310664964149937
usps_bin,rf,Meta_PSO,0,20.0,50.0,3,0.053996292720449666,1.5169603443615014,0.6310664964149937
usps_bin,rf,Meta_WOA,0,20.0,50.0,3,0.053996292720449666,1.5169603443615012,0.6310664964149937
usps_bin,rf,Meta_GWO,7,20.0,50.0,3,0.053996292720449666,1.5169603443615012,0.6310664964149937
usps_bin,rf,Meta_PSO,7,20.0,50.0,3,0.022312230215203965,1.4836586554564664,0.6511181126999889
usps_bin,rf,Meta_WOA,7,20.0,50.0,3,0.053996292720449666,1.5169603443615014,0.6310664964149937
usps_bin,rf,Meta_GWO,42,20.0,50.0,3,0.053996292720449666,1.5169603443615012,0.6310664964149937
usps_bin,rf,Meta_PSO,42,20.0,50.0,3,0.053996292720449666,1.5169603443615014,0.6310664964149937
usps_bin,rf,Meta_WOA,42,20.0,50.0,3,0.053996292720449666,1.5169603443615012,0.6310664964149937
usps_bin,rf,Meta_GWO,99,20.0,50.0,3,0.053996292720449666,1.5169603443615012,0.6310664964149937
usps_bin,rf,Meta_PSO,99,20.0,50.0,3,0.053996292720449666,1.5169603443615012,0.6310664964149937
usps_bin,rf,Meta_WOA,99,20.0,50.0,3,0.053996292720449666,1.5169603443615012,0.6310664964149937
usps_bin,rf,Meta_GWO,123,20.0,50.0,3,0.022312230215203965,1.4836586554564664,0.6511181126999889
usps_bin,rf,Meta_PSO,123,20.0,50.0,3,0.053996292720449666,1.5169603443615014,0.6310664964149937
usps_bin,rf,Meta_WOA,123,20.0,50.0,3,0.053996292720449666,1.5169603443615014,0.6310664964149937
usps_bin,rf,Meta_GWO,256,20.0,50.0,3,0.053996292720449666,1.5169603443615012,0.6310664964149937
usps_bin,rf,Meta_PSO,256,20.0,50.0,3,0.053996292720449666,1.5169603443615014,0.6310664964149937
usps_bin,rf,Meta_WOA,256,20.0,50.0,3,0.053996292720449666,1.5169603443615014,0.6310664964149937
usps_bin,rf,Meta_GWO,512,20.0,50.0,3,0.053996292720449666,1.5169603443615012,0.6310664964149937
usps_bin,rf,Meta_PSO,512,20.0,50.0,3,0.053996292720449666,1.5169603443615014,0.6310664964149937
usps_bin,rf,Meta_WOA,512,20.0,50.0,3,0.022312230215203965,1.4836586554564664,0.6511181126999889
usps_bin,rf,Meta_GWO,777,20.0,50.0,3,0.053996292720449666,1.5169603443615012,0.6310664964149937
usps_bin,rf,Meta_PSO,777,20.0,50.0,3,0.053996292720449666,1.5169603443615014,0.6310664964149937
usps_bin,rf,Meta_WOA,777,20.0,50.0,3,0.022312230215203965,1.4836586554564664,0.6511181126999889
usps_bin,rf,Meta_GWO,1000,20.0,50.0,3,0.053996292720449666,1.5169603443615012,0.6310664964149938
usps_bin,rf,Meta_PSO,1000,20.0,50.0,3,0.053996292720449666,1.5169603443615014,0.6310664964149937
usps_bin,rf,Meta_WOA,1000,20.0,50.0,3,0.053996292720449666,1.5169603443615012,0.6310664964149937
usps_bin,rf,Meta_GWO,2024,20.0,50.0,3,0.053996292720449666,1.5169603443615014,0.6310664964149937
usps_bin,rf,Meta_PSO,2024,20.0,50.0,3,0.053996292720449666,1.5169603443615012,0.6310664964149937
usps_bin,rf,Meta_WOA,2024,20.0,50.0,3,0.053996292720449666,1.5169603443615012,0.6310664964149937
usps_bin,rf,Meta_GWO,0,50.0,30.0,3,0.053996292720449666,1.5169603443615014,0.6310664964149937
usps_bin,rf,Meta_PSO,0,50.0,30.0,3,0.053996292720449666,1.5169603443615014,0.6310664964149937
usps_bin,rf,Meta_WOA,0,50.0,30.0,3,0.053996292720449666,1.5169603443615012,0.6310664964149937
usps_bin,rf,Meta_GWO,7,50.0,30.0,3,0.053996292720449666,1.5169603443615014,0.6310664964149937
usps_bin,rf,Meta_PSO,7,50.0,30.0,3,0.053996292720449666,1.5169603443615012,0.6310664964149937
usps_bin,rf,Meta_WOA,7,50.0,30.0,3,0.053996292720449666,1.5169603443615014,0.6310664964149937
usps_bin,rf,Meta_GWO,42,50.0,30.0,3,0.053996292720449666,1.5169603443615014,0.6310664964149937
usps_bin,rf,Meta_PSO,42,50.0,30.0,3,0.053996292720449666,1.5169603443615012,0.6310664964149937
usps_bin,rf,Meta_WOA,42,50.0,30.0,3,0.053996292720449666,1.5169603443615012,0.6310664964149937
usps_bin,rf,Meta_GWO,99,50.0,30.0,3,0.053996292720449666,1.5169603443615012,0.6310664964149937
usps_bin,rf,Meta_PSO,99,50.0,30.0,3,0.053996292720449666,1.5169603443615012,0.6310664964149937
usps_bin,rf,Meta_WOA,99,50.0,30.0,3,0.053996292720449666,1.5169603443615014,0.6310664964149937
usps_bin,rf,Meta_GWO,123,50.0,30.0,3,0.053996292720449666,1.5169603443615012,0.6310664964149938
usps_bin,rf,Meta_PSO,123,50.0,30.0,3,0.053996292720449666,1.5169603443615014,0.6310664964149937
usps_bin,rf,Meta_WOA,123,50.0,30.0,3,0.022312230215203965,1.4836586554564664,0.6511181126999889
usps_bin,rf,Meta_GWO,256,50.0,30.0,3,0.053996292720449666,1.5169603443615014,0.6310664964149937
usps_bin,rf,Meta_PSO,256,50.0,30.0,3,0.053996292720449666,1.5169603443615014,0.6310664964149937
usps_bin,rf,Meta_WOA,256,50.0,30.0,3,0.053996292720449666,1.5169603443615014,0.6310664964149937
usps_bin,rf,Meta_GWO,512,50.0,30.0,3,0.053996292720449666,1.5169603443615014,0.6310664964149937
usps_bin,rf,Meta_PSO,512,50.0,30.0,3,0.053996292720449666,1.5169603443615012,0.6310664964149937
usps_bin,rf,Meta_WOA,512,50.0,30.0,3,0.053996292720449666,1.5169603443615012,0.6310664964149937
usps_bin,rf,Meta_GWO,777,50.0,30.0,3,0.053996292720449666,1.5169603443615012,0.6310664964149937
usps_bin,rf,Meta_PSO,777,50.0,30.0,3,0.053996292720449666,1.5169603443615014,0.6310664964149937
usps_bin,rf,Meta_WOA,777,50.0,30.0,3,0.053996292720449666,1.5169603443615014,0.6310664964149937
usps_bin,rf,Meta_GWO,1000,50.0,30.0,3,0.053996292720449666,1.5169603443615014,0.6310664964149937
usps_bin,rf,Meta_PSO,1000,50.0,30.0,3,0.053996292720449666,1.5169603443615014,0.6310664964149937
usps_bin,rf,Meta_WOA,1000,50.0,30.0,3,0.053996292720449666,1.5169603443615012,0.6310664964149938
usps_bin,rf,Meta_GWO,2024,50.0,30.0,3,0.053996292720449666,1.5169603443615012,0.6310664964149937
usps_bin,rf,Meta_PSO,2024,50.0,30.0,3,0.053996292720449666,1.5169603443615014,0.6310664964149937
usps_bin,rf,Meta_WOA,2024,50.0,30.0,3,0.053996292720449666,1.5169603443615014,0.6310664964149937
usps_bin,rf,Meta_GWO,0,50.0,50.0,3,0.053996292720449666,1.5169603443615012,0.6310664964149937
usps_bin,rf,Meta_PSO,0,50.0,50.0,3,0.053996292720449666,1.5169603443615014,0.6310664964149937
usps_bin,rf,Meta_WOA,0,50.0,50.0,3,0.053996292720449666,1.5169603443615014,0.6310664964149937
usps_bin,rf,Meta_GWO,7,50.0,50.0,3,0.053996292720449666,1.5169603443615014,0.6310664964149937
usps_bin,rf,Meta_PSO,7,50.0,50.0,3,0.053996292720449666,1.5169603443615012,0.6310664964149937
usps_bin,rf,Meta_WOA,7,50.0,50.0,3,0.053996292720449666,1.5169603443615014,0.6310664964149937
usps_bin,rf,Meta_GWO,42,50.0,50.0,3,0.053996292720449666,1.5169603443615012,0.6310664964149937
usps_bin,rf,Meta_PSO,42,50.0,50.0,3,0.053996292720449666,1.5169603443615014,0.6310664964149937
usps_bin,rf,Meta_WOA,42,50.0,50.0,3,0.053996292720449666,1.5169603443615014,0.6310664964149937
usps_bin,rf,Meta_GWO,99,50.0,50.0,3,0.053996292720449666,1.5169603443615014,0.6310664964149937
usps_bin,rf,Meta_PSO,99,50.0,50.0,3,0.053996292720449666,1.5169603443615014,0.6310664964149937
usps_bin,rf,Meta_WOA,99,50.0,50.0,3,0.053996292720449666,1.5169603443615012,0.6310664964149937
usps_bin,rf,Meta_GWO,123,50.0,50.0,3,0.053996292720449666,1.5169603443615014,0.6310664964149937
usps_bin,rf,Meta_PSO,123,50.0,50.0,3,0.053996292720449666,1.5169603443615012,0.6310664964149937
usps_bin,rf,Meta_WOA,123,50.0,50.0,3,0.053996292720449666,1.5169603443615012,0.6310664964149937
usps_bin,rf,Meta_GWO,256,50.0,50.0,3,0.053996292720449666,1.5169603443615014,0.6310664964149937
usps_bin,rf,Meta_PSO,256,50.0,50.0,3,0.053996292720449666,1.5169603443615014,0.6310664964149937
usps_bin,rf,Meta_WOA,256,50.0,50.0,3,0.053996292720449666,1.5169603443615014,0.6310664964149937
usps_bin,rf,Meta_GWO,512,50.0,50.0,3,0.053996292720449666,1.5169603443615012,0.6310664964149937
usps_bin,rf,Meta_PSO,512,50.0,50.0,3,0.053996292720449666,1.5169603443615014,0.6310664964149937
usps_bin,rf,Meta_WOA,512,50.0,50.0,3,0.053996292720449666,1.5169603443615014,0.6310664964149937
usps_bin,rf,Meta_GWO,777,50.0,50.0,3,0.053996292720449666,1.5169603443615014,0.6310664964149937
usps_bin,rf,Meta_PSO,777,50.0,50.0,3,0.053996292720449666,1.5169603443615014,0.6310664964149937
usps_bin,rf,Meta_WOA,777,50.0,50.0,3,0.053996292720449666,1.5169603443615012,0.6310664964149937
usps_bin,rf,Meta_GWO,1000,50.0,50.0,3,0.053996292720449666,1.5169603443615012,0.6310664964149937
usps_bin,rf,Meta_PSO,1000,50.0,50.0,3,0.053996292720449666,1.5169603443615014,0.6310664964149937
usps_bin,rf,Meta_WOA,1000,50.0,50.0,3,0.053996292720449666,1.5169603443615014,0.6310664964149937
usps_bin,rf,Meta_GWO,2024,50.0,50.0,3,0.053996292720449666,1.5169603443615012,0.6310664964149937
usps_bin,rf,Meta_PSO,2024,50.0,50.0,3,0.053996292720449666,1.5169603443615014,0.6310664964149937
usps_bin,rf,Meta_WOA,2024,50.0,50.0,3,0.053996292720449666,1.5169603443615012,0.6310664964149937
usps_bin,rf,EvoCluster_PSO,0,20.0,30.0,3,0.053996292720449666,1.5169603443615014,0.6310664964149937
usps_bin,rf,EvoCluster_PSO,7,20.0,30.0,3,0.053996292720449666,1.5169603443615012,0.6310664964149937
usps_bin,rf,EvoCluster_PSO,42,20.0,30.0,3,0.053996292720449666,1.5169603443615014,0.6310664964149937
usps_bin,rf,EvoCluster_PSO,99,20.0,30.0,3,0.053996292720449666,1.5169603443615012,0.6310664964149937
usps_bin,rf,EvoCluster_PSO,123,20.0,30.0,3,0.022312230215203965,1.4836586554564664,0.6511181126999889
usps_bin,rf,EvoCluster_PSO,256,20.0,30.0,3,0.053996292720449666,1.5169603443615012,0.6310664964149938
usps_bin,rf,EvoCluster_PSO,512,20.0,30.0,3,0.053996292720449666,1.5169603443615012,0.6310664964149937
usps_bin,rf,EvoCluster_PSO,777,20.0,30.0,3,0.053996292720449666,1.5169603443615014,0.6310664964149937
usps_bin,rf,EvoCluster_PSO,1000,20.0,30.0,3,0.053996292720449666,1.5169603443615012,0.6310664964149937
usps_bin,rf,EvoCluster_PSO,2024,20.0,30.0,3,0.053996292720449666,1.5169603443615014,0.6310664964149937
usps_bin,rf,EvoCluster_PSO,0,20.0,50.0,3,0.053996292720449666,1.5169603443615014,0.6310664964149937
usps_bin,rf,EvoCluster_PSO,7,20.0,50.0,3,0.053996292720449666,1.5169603443615014,0.6310664964149937
usps_bin,rf,EvoCluster_PSO,42,20.0,50.0,3,0.053996292720449666,1.5169603443615014,0.6310664964149937
usps_bin,rf,EvoCluster_PSO,99,20.0,50.0,3,0.053996292720449666,1.5169603443615012,0.6310664964149938
usps_bin,rf,EvoCluster_PSO,123,20.0,50.0,3,0.022312230215203965,1.4836586554564664,0.6511181126999889
usps_bin,rf,EvoCluster_PSO,256,20.0,50.0,3,0.053996292720449666,1.5169603443615014,0.6310664964149937
usps_bin,rf,EvoCluster_PSO,512,20.0,50.0,3,0.053996292720449666,1.5169603443615014,0.6310664964149937
usps_bin,rf,EvoCluster_PSO,777,20.0,50.0,3,0.053996292720449666,1.5169603443615014,0.6310664964149937
usps_bin,rf,EvoCluster_PSO,1000,20.0,50.0,3,0.053996292720449666,1.5169603443615012,0.6310664964149937
usps_bin,rf,EvoCluster_PSO,2024,20.0,50.0,3,0.053996292720449666,1.5169603443615014,0.6310664964149937
usps_bin,rf,EvoCluster_PSO,0,50.0,30.0,3,0.053996292720449666,1.5169603443615012,0.6310664964149937
usps_bin,rf,EvoCluster_PSO,7,50.0,30.0,3,0.053996292720449666,1.5169603443615014,0.6310664964149937
usps_bin,rf,EvoCluster_PSO,42,50.0,30.0,3,0.053996292720449666,1.5169603443615014,0.6310664964149937
usps_bin,rf,EvoCluster_PSO,99,50.0,30.0,3,0.053996292720449666,1.5169603443615014,0.6310664964149937
usps_bin,rf,EvoCluster_PSO,123,50.0,30.0,3,0.022312230215203965,1.4836586554564664,0.6511181126999889
usps_bin,rf,EvoCluster_PSO,256,50.0,30.0,3,0.053996292720449666,1.5169603443615014,0.6310664964149937
usps_bin,rf,EvoCluster_PSO,512,50.0,30.0,3,0.053996292720449666,1.5169603443615012,0.6310664964149937
usps_bin,rf,EvoCluster_PSO,777,50.0,30.0,3,0.053996292720449666,1.5169603443615014,0.6310664964149937
usps_bin,rf,EvoCluster_PSO,1000,50.0,30.0,3,0.053996292720449666,1.5169603443615012,0.6310664964149937
usps_bin,rf,EvoCluster_PSO,2024,50.0,30.0,3,0.053996292720449666,1.5169603443615012,0.6310664964149937
usps_bin,rf,EvoCluster_PSO,0,50.0,50.0,3,0.053996292720449666,1.5169603443615012,0.6310664964149937
usps_bin,rf,EvoCluster_PSO,7,50.0,50.0,3,0.053996292720449666,1.5169603443615012,0.6310664964149938
usps_bin,rf,EvoCluster_PSO,42,50.0,50.0,3,0.053996292720449666,1.5169603443615014,0.6310664964149937
usps_bin,rf,EvoCluster_PSO,99,50.0,50.0,3,0.053996292720449666,1.5169603443615014,0.6310664964149937
usps_bin,rf,EvoCluster_PSO,123,50.0,50.0,3,0.053996292720449666,1.5169603443615012,0.6310664964149938
usps_bin,rf,EvoCluster_PSO,256,50.0,50.0,3,0.053996292720449666,1.5169603443615012,0.6310664964149938
usps_bin,rf,EvoCluster_PSO,512,50.0,50.0,3,0.053996292720449666,1.5169603443615012,0.6310664964149937
usps_bin,rf,EvoCluster_PSO,777,50.0,50.0,3,0.053996292720449666,1.5169603443615014,0.6310664964149937
usps_bin,rf,EvoCluster_PSO,1000,50.0,50.0,3,0.053996292720449666,1.5169603443615012,0.6310664964149937
usps_bin,rf,EvoCluster_PSO,2024,50.0,50.0,3,0.053996292720449666,1.5169603443615014,0.6310664964149937
usps_bin,svm,AffinityPropagation,0,,,4,0.14567393849839308,2.7250473199992387,0.5527313529900697
usps_bin,svm,AffinityPropagation,7,,,4,0.14567393849839308,2.7250473199992387,0.5527313529900697
usps_bin,svm,AffinityPropagation,42,,,4,0.14567393849839308,2.7250473199992387,0.5527313529900697
usps_bin,svm,AffinityPropagation,99,,,4,0.14567393849839308,2.7250473199992387,0.5527313529900697
usps_bin,svm,AffinityPropagation,123,,,4,0.14567393849839308,2.7250473199992387,0.5527313529900697
usps_bin,svm,AffinityPropagation,256,,,4,0.14567393849839308,2.7250473199992387,0.5527313529900697
usps_bin,svm,AffinityPropagation,512,,,4,0.14567393849839308,2.7250473199992387,0.5527313529900697
usps_bin,svm,AffinityPropagation,777,,,4,0.14567393849839308,2.7250473199992387,0.5527313529900697
usps_bin,svm,AffinityPropagation,1000,,,4,0.14567393849839308,2.7250473199992387,0.5527313529900697
usps_bin,svm,AffinityPropagation,2024,,,4,0.14567393849839308,2.7250473199992387,0.5527313529900697
usps_bin,svm,Meta_GWO,0,20.0,30.0,4,0.28224362989157625,2.7977125185313567,0.5213615774138873
usps_bin,svm,Meta_PSO,0,20.0,30.0,4,0.28224362989157625,2.7977125185313567,0.5213615774138873
usps_bin,svm,Meta_WOA,0,20.0,30.0,4,0.28224362989157625,2.7977125185313567,0.5213615774138873
usps_bin,svm,Meta_GWO,7,20.0,30.0,4,0.28224362989157625,2.7977125185313567,0.5213615774138873
usps_bin,svm,Meta_PSO,7,20.0,30.0,4,0.28224362989157625,2.7977125185313567,0.5213615774138873
usps_bin,svm,Meta_WOA,7,20.0,30.0,4,0.28224362989157625,2.7977125185313567,0.5213615774138873
usps_bin,svm,Meta_GWO,42,20.0,30.0,4,0.28224362989157625,2.7977125185313567,0.5213615774138873
usps_bin,svm,Meta_PSO,42,20.0,30.0,4,0.28224362989157625,2.7977125185313567,0.5213615774138873
usps_bin,svm,Meta_WOA,42,20.0,30.0,4,0.28224362989157625,2.7977125185313567,0.5213615774138873
usps_bin,svm,Meta_GWO,99,20.0,30.0,4,0.28224362989157625,2.7977125185313567,0.5213615774138873
usps_bin,svm,Meta_PSO,99,20.0,30.0,4,0.28224362989157625,2.7977125185313567,0.5213615774138873
usps_bin,svm,Meta_WOA,99,20.0,30.0,4,0.28224362989157625,2.7977125185313567,0.5213615774138873
usps_bin,svm,Meta_GWO,123,20.0,30.0,4,0.28224362989157625,2.7977125185313567,0.5213615774138873
usps_bin,svm,Meta_PSO,123,20.0,30.0,4,0.28224362989157625,2.7977125185313567,0.5213615774138873
usps_bin,svm,Meta_WOA,123,20.0,30.0,4,0.28224362989157625,2.7977125185313567,0.5213615774138873
usps_bin,svm,Meta_GWO,256,20.0,30.0,4,0.28224362989157625,2.7977125185313567,0.5213615774138873
usps_bin,svm,Meta_PSO,256,20.0,30.0,4,0.28224362989157625,2.7977125185313567,0.5213615774138873
usps_bin,svm,Meta_WOA,256,20.0,30.0,4,0.28224362989157625,2.7977125185313567,0.5213615774138873
usps_bin,svm,Meta_GWO,512,20.0,30.0,4,0.28224362989157625,2.7977125185313567,0.5213615774138873
usps_bin,svm,Meta_PSO,512,20.0,30.0,4,0.28224362989157625,2.7977125185313567,0.5213615774138873
usps_bin,svm,Meta_WOA,512,20.0,30.0,4,0.21669061265385847,2.822721904484588,0.5320961374711466
usps_bin,svm,Meta_GWO,777,20.0,30.0,4,0.28224362989157625,2.7977125185313567,0.5213615774138873
usps_bin,svm,Meta_PSO,777,20.0,30.0,4,0.28224362989157625,2.7977125185313567,0.5213615774138873
usps_bin,svm,Meta_WOA,777,20.0,30.0,4,0.28224362989157625,2.7977125185313567,0.5213615774138873
usps_bin,svm,Meta_GWO,1000,20.0,30.0,4,0.28224362989157625,2.7977125185313567,0.5213615774138873
usps_bin,svm,Meta_PSO,1000,20.0,30.0,4,0.28224362989157625,2.7977125185313567,0.5213615774138873
usps_bin,svm,Meta_WOA,1000,20.0,30.0,4,0.28224362989157625,2.7977125185313567,0.5213615774138873
usps_bin,svm,Meta_GWO,2024,20.0,30.0,4,0.28224362989157625,2.7977125185313567,0.5213615774138873
usps_bin,svm,Meta_PSO,2024,20.0,30.0,4,0.28224362989157625,2.7977125185313567,0.5213615774138873
usps_bin,svm,Meta_WOA,2024,20.0,30.0,4,0.28224362989157625,2.7977125185313567,0.5213615774138873
usps_bin,svm,Meta_GWO,0,20.0,50.0,4,0.28224362989157625,2.7977125185313567,0.5213615774138873
usps_bin,svm,Meta_PSO,0,20.0,50.0,4,0.28224362989157625,2.7977125185313567,0.5213615774138873
usps_bin,svm,Meta_WOA,0,20.0,50.0,4,0.28224362989157625,2.7977125185313567,0.5213615774138873
usps_bin,svm,Meta_GWO,7,20.0,50.0,4,0.28224362989157625,2.7977125185313567,0.5213615774138873
usps_bin,svm,Meta_PSO,7,20.0,50.0,4,0.28224362989157625,2.7977125185313567,0.5213615774138873
usps_bin,svm,Meta_WOA,7,20.0,50.0,4,0.28224362989157625,2.7977125185313567,0.5213615774138873
usps_bin,svm,Meta_GWO,42,20.0,50.0,4,0.28224362989157625,2.7977125185313567,0.5213615774138873
usps_bin,svm,Meta_PSO,42,20.0,50.0,4,0.28224362989157625,2.7977125185313567,0.5213615774138873
usps_bin,svm,Meta_WOA,42,20.0,50.0,4,0.28224362989157625,2.7977125185313567,0.5213615774138873
usps_bin,svm,Meta_GWO,99,20.0,50.0,4,0.28224362989157625,2.7977125185313567,0.5213615774138873
usps_bin,svm,Meta_PSO,99,20.0,50.0,4,0.28224362989157625,2.7977125185313567,0.5213615774138873
usps_bin,svm,Meta_WOA,99,20.0,50.0,4,0.28224362989157625,2.7977125185313567,0.5213615774138873
usps_bin,svm,Meta_GWO,123,20.0,50.0,4,0.28224362989157625,2.7977125185313567,0.5213615774138873
usps_bin,svm,Meta_PSO,123,20.0,50.0,4,0.28224362989157625,2.7977125185313567,0.5213615774138873
usps_bin,svm,Meta_WOA,123,20.0,50.0,4,0.28224362989157625,2.7977125185313567,0.5213615774138873
usps_bin,svm,Meta_GWO,256,20.0,50.0,4,0.28224362989157625,2.7977125185313567,0.5213615774138873
usps_bin,svm,Meta_PSO,256,20.0,50.0,4,0.28224362989157625,2.7977125185313567,0.5213615774138873
usps_bin,svm,Meta_WOA,256,20.0,50.0,4,0.28224362989157625,2.7977125185313567,0.5213615774138873
usps_bin,svm,Meta_GWO,512,20.0,50.0,4,0.28224362989157625,2.7977125185313567,0.5213615774138873
usps_bin,svm,Meta_PSO,512,20.0,50.0,4,0.28224362989157625,2.7977125185313567,0.5213615774138873
usps_bin,svm,Meta_WOA,512,20.0,50.0,4,0.28224362989157625,2.7977125185313567,0.5213615774138873
usps_bin,svm,Meta_GWO,777,20.0,50.0,4,0.28224362989157625,2.7977125185313567,0.5213615774138873
usps_bin,svm,Meta_PSO,777,20.0,50.0,4,0.28224362989157625,2.7977125185313567,0.5213615774138873
usps_bin,svm,Meta_WOA,777,20.0,50.0,4,0.28224362989157625,2.7977125185313567,0.5213615774138873
usps_bin,svm,Meta_GWO,1000,20.0,50.0,4,0.28224362989157625,2.7977125185313567,0.5213615774138873
usps_bin,svm,Meta_PSO,1000,20.0,50.0,4,0.28224362989157625,2.7977125185313567,0.5213615774138873
usps_bin,svm,Meta_WOA,1000,20.0,50.0,4,0.28224362989157625,2.7977125185313567,0.5213615774138873
usps_bin,svm,Meta_GWO,2024,20.0,50.0,4,0.28224362989157625,2.7977125185313567,0.5213615774138873
usps_bin,svm,Meta_PSO,2024,20.0,50.0,4,0.28224362989157625,2.7977125185313567,0.5213615774138873
usps_bin,svm,Meta_WOA,2024,20.0,50.0,4,0.28224362989157625,2.7977125185313567,0.5213615774138873
usps_bin,svm,Meta_GWO,0,50.0,30.0,4,0.28224362989157625,2.7977125185313567,0.5213615774138873
usps_bin,svm,Meta_PSO,0,50.0,30.0,4,0.28224362989157625,2.7977125185313567,0.5213615774138873
usps_bin,svm,Meta_WOA,0,50.0,30.0,4,0.28224362989157625,2.7977125185313567,0.5213615774138873
usps_bin,svm,Meta_GWO,7,50.0,30.0,4,0.28224362989157625,2.7977125185313567,0.5213615774138873
usps_bin,svm,Meta_PSO,7,50.0,30.0,4,0.28224362989157625,2.7977125185313567,0.5213615774138873
usps_bin,svm,Meta_WOA,7,50.0,30.0,4,0.28224362989157625,2.7977125185313567,0.5213615774138873
usps_bin,svm,Meta_GWO,42,50.0,30.0,4,0.28224362989157625,2.7977125185313567,0.5213615774138873
usps_bin,svm,Meta_PSO,42,50.0,30.0,4,0.28224362989157625,2.7977125185313567,0.5213615774138873
usps_bin,svm,Meta_WOA,42,50.0,30.0,4,0.28224362989157625,2.7977125185313567,0.5213615774138873
usps_bin,svm,Meta_GWO,99,50.0,30.0,4,0.28224362989157625,2.7977125185313567,0.5213615774138873
usps_bin,svm,Meta_PSO,99,50.0,30.0,4,0.28224362989157625,2.7977125185313567,0.5213615774138873
usps_bin,svm,Meta_WOA,99,50.0,30.0,4,0.28224362989157625,2.7977125185313567,0.5213615774138873
usps_bin,svm,Meta_GWO,123,50.0,30.0,4,0.28224362989157625,2.7977125185313567,0.5213615774138873
usps_bin,svm,Meta_PSO,123,50.0,30.0,4,0.28224362989157625,2.7977125185313567,0.5213615774138873
usps_bin,svm,Meta_WOA,123,50.0,30.0,4,0.28224362989157625,2.7977125185313567,0.5213615774138873
usps_bin,svm,Meta_GWO,256,50.0,30.0,4,0.28224362989157625,2.7977125185313567,0.5213615774138873
usps_bin,svm,Meta_PSO,256,50.0,30.0,4,0.28224362989157625,2.7977125185313567,0.5213615774138873
usps_bin,svm,Meta_WOA,256,50.0,30.0,4,0.28224362989157625,2.7977125185313567,0.5213615774138873
usps_bin,svm,Meta_GWO,512,50.0,30.0,4,0.28224362989157625,2.7977125185313567,0.5213615774138873
usps_bin,svm,Meta_PSO,512,50.0,30.0,4,0.28224362989157625,2.7977125185313567,0.5213615774138873
usps_bin,svm,Meta_WOA,512,50.0,30.0,4,0.28224362989157625,2.7977125185313567,0.5213615774138873
usps_bin,svm,Meta_GWO,777,50.0,30.0,4,0.28224362989157625,2.7977125185313567,0.5213615774138873
usps_bin,svm,Meta_PSO,777,50.0,30.0,4,0.28224362989157625,2.7977125185313567,0.5213615774138873
usps_bin,svm,Meta_WOA,777,50.0,30.0,4,0.28224362989157625,2.7977125185313567,0.5213615774138873
usps_bin,svm,Meta_GWO,1000,50.0,30.0,4,0.28224362989157625,2.7977125185313567,0.5213615774138873
usps_bin,svm,Meta_PSO,1000,50.0,30.0,4,0.28224362989157625,2.7977125185313567,0.5213615774138873
usps_bin,svm,Meta_WOA,1000,50.0,30.0,4,0.28224362989157625,2.7977125185313567,0.5213615774138873
usps_bin,svm,Meta_GWO,2024,50.0,30.0,4,0.28224362989157625,2.7977125185313567,0.5213615774138873
usps_bin,svm,Meta_PSO,2024,50.0,30.0,4,0.28224362989157625,2.7977125185313567,0.5213615774138873
usps_bin,svm,Meta_WOA,2024,50.0,30.0,4,0.28224362989157625,2.7977125185313567,0.5213615774138873
usps_bin,svm,Meta_GWO,0,50.0,50.0,4,0.28224362989157625,2.7977125185313567,0.5213615774138873
usps_bin,svm,Meta_PSO,0,50.0,50.0,4,0.28224362989157625,2.7977125185313567,0.5213615774138873
usps_bin,svm,Meta_WOA,0,50.0,50.0,4,0.28224362989157625,2.7977125185313567,0.5213615774138873
usps_bin,svm,Meta_GWO,7,50.0,50.0,4,0.28224362989157625,2.7977125185313567,0.5213615774138873
usps_bin,svm,Meta_PSO,7,50.0,50.0,4,0.28224362989157625,2.7977125185313567,0.5213615774138873
usps_bin,svm,Meta_WOA,7,50.0,50.0,4,0.28224362989157625,2.7977125185313567,0.5213615774138873
usps_bin,svm,Meta_GWO,42,50.0,50.0,4,0.28224362989157625,2.7977125185313567,0.5213615774138873
usps_bin,svm,Meta_PSO,42,50.0,50.0,4,0.28224362989157625,2.7977125185313567,0.5213615774138873
usps_bin,svm,Meta_WOA,42,50.0,50.0,4,0.28224362989157625,2.7977125185313567,0.5213615774138873
usps_bin,svm,Meta_GWO,99,50.0,50.0,4,0.28224362989157625,2.7977125185313567,0.5213615774138873
usps_bin,svm,Meta_PSO,99,50.0,50.0,4,0.28224362989157625,2.7977125185313567,0.5213615774138873
usps_bin,svm,Meta_WOA,99,50.0,50.0,4,0.28224362989157625,2.7977125185313567,0.5213615774138873
usps_bin,svm,Meta_GWO,123,50.0,50.0,4,0.28224362989157625,2.7977125185313567,0.5213615774138873
usps_bin,svm,Meta_PSO,123,50.0,50.0,4,0.28224362989157625,2.7977125185313567,0.5213615774138873
usps_bin,svm,Meta_WOA,123,50.0,50.0,4,0.28224362989157625,2.7977125185313567,0.5213615774138873
usps_bin,svm,Meta_GWO,256,50.0,50.0,4,0.28224362989157625,2.7977125185313567,0.5213615774138873
usps_bin,svm,Meta_PSO,256,50.0,50.0,4,0.28224362989157625,2.7977125185313567,0.5213615774138873
usps_bin,svm,Meta_WOA,256,50.0,50.0,4,0.28224362989157625,2.7977125185313567,0.5213615774138873
usps_bin,svm,Meta_GWO,512,50.0,50.0,4,0.28224362989157625,2.7977125185313567,0.5213615774138873
usps_bin,svm,Meta_PSO,512,50.0,50.0,4,0.28224362989157625,2.7977125185313567,0.5213615774138873
usps_bin,svm,Meta_WOA,512,50.0,50.0,4,0.28224362989157625,2.7977125185313567,0.5213615774138873
usps_bin,svm,Meta_GWO,777,50.0,50.0,4,0.28224362989157625,2.7977125185313567,0.5213615774138873
usps_bin,svm,Meta_PSO,777,50.0,50.0,4,0.28224362989157625,2.7977125185313567,0.5213615774138873
usps_bin,svm,Meta_WOA,777,50.0,50.0,4,0.28224362989157625,2.7977125185313567,0.5213615774138873
usps_bin,svm,Meta_GWO,1000,50.0,50.0,4,0.28224362989157625,2.7977125185313567,0.5213615774138873
usps_bin,svm,Meta_PSO,1000,50.0,50.0,4,0.28224362989157625,2.7977125185313567,0.5213615774138873
usps_bin,svm,Meta_WOA,1000,50.0,50.0,4,0.28224362989157625,2.7977125185313567,0.5213615774138873
usps_bin,svm,Meta_GWO,2024,50.0,50.0,4,0.28224362989157625,2.7977125185313567,0.5213615774138873
usps_bin,svm,Meta_PSO,2024,50.0,50.0,4,0.28224362989157625,2.7977125185313567,0.5213615774138873
usps_bin,svm,Meta_WOA,2024,50.0,50.0,4,0.28224362989157625,2.7977125185313567,0.5213615774138873
usps_bin,svm,EvoCluster_PSO,0,20.0,30.0,2,0.28224362989157625,2.7977125185313567,0.5213615774138873
usps_bin,svm,EvoCluster_PSO,7,20.0,30.0,2,0.28224362989157625,2.7977125185313567,0.5213615774138873
usps_bin,svm,EvoCluster_PSO,42,20.0,30.0,3,0.21669061265385847,2.8227219044845886,0.5320961374711466
usps_bin,svm,EvoCluster_PSO,99,20.0,30.0,2,0.28224362989157625,2.7977125185313567,0.5213615774138873
usps_bin,svm,EvoCluster_PSO,123,20.0,30.0,3,0.21669061265385847,2.8227219044845886,0.5320961374711466
usps_bin,svm,EvoCluster_PSO,256,20.0,30.0,2,0.28224362989157625,2.7977125185313567,0.5213615774138873
usps_bin,svm,EvoCluster_PSO,512,20.0,30.0,2,0.28224362989157625,2.7977125185313567,0.5213615774138873
usps_bin,svm,EvoCluster_PSO,777,20.0,30.0,2,0.28224362989157625,2.7977125185313567,0.5213615774138873
usps_bin,svm,EvoCluster_PSO,1000,20.0,30.0,2,0.28224362989157625,2.7977125185313567,0.5213615774138873
usps_bin,svm,EvoCluster_PSO,2024,20.0,30.0,2,0.28224362989157625,2.7977125185313567,0.5213615774138873
usps_bin,svm,EvoCluster_PSO,0,20.0,50.0,2,0.28224362989157625,2.7977125185313567,0.5213615774138873
usps_bin,svm,EvoCluster_PSO,7,20.0,50.0,2,0.28224362989157625,2.7977125185313567,0.5213615774138873
usps_bin,svm,EvoCluster_PSO,42,20.0,50.0,2,0.28224362989157625,2.7977125185313567,0.5213615774138873
usps_bin,svm,EvoCluster_PSO,99,20.0,50.0,2,0.28224362989157625,2.7977125185313567,0.5213615774138873
usps_bin,svm,EvoCluster_PSO,123,20.0,50.0,2,0.28224362989157625,2.7977125185313567,0.5213615774138873
usps_bin,svm,EvoCluster_PSO,256,20.0,50.0,2,0.28224362989157625,2.7977125185313567,0.5213615774138873
usps_bin,svm,EvoCluster_PSO,512,20.0,50.0,2,0.28224362989157625,2.7977125185313567,0.5213615774138873
usps_bin,svm,EvoCluster_PSO,777,20.0,50.0,2,0.28224362989157625,2.7977125185313567,0.5213615774138873
usps_bin,svm,EvoCluster_PSO,1000,20.0,50.0,2,0.28224362989157625,2.7977125185313567,0.5213615774138873
usps_bin,svm,EvoCluster_PSO,2024,20.0,50.0,2,0.28224362989157625,2.7977125185313567,0.5213615774138873
usps_bin,svm,EvoCluster_PSO,0,50.0,30.0,2,0.28224362989157625,2.7977125185313567,0.5213615774138873
usps_bin,svm,EvoCluster_PSO,7,50.0,30.0,2,0.28224362989157625,2.7977125185313567,0.5213615774138873
usps_bin,svm,EvoCluster_PSO,42,50.0,30.0,2,0.28224362989157625,2.7977125185313567,0.5213615774138873
usps_bin,svm,EvoCluster_PSO,99,50.0,30.0,2,0.28224362989157625,2.7977125185313567,0.5213615774138873
usps_bin,svm,EvoCluster_PSO,123,50.0,30.0,2,0.28224362989157625,2.7977125185313567,0.5213615774138873
usps_bin,svm,EvoCluster_PSO,256,50.0,30.0,2,0.28224362989157625,2.7977125185313567,0.5213615774138873
usps_bin,svm,EvoCluster_PSO,512,50.0,30.0,2,0.28224362989157625,2.7977125185313567,0.5213615774138873
usps_bin,svm,EvoCluster_PSO,777,50.0,30.0,2,0.28224362989157625,2.7977125185313567,0.5213615774138873
usps_bin,svm,EvoCluster_PSO,1000,50.0,30.0,2,0.28224362989157625,2.7977125185313567,0.5213615774138873
usps_bin,svm,EvoCluster_PSO,2024,50.0,30.0,2,0.28224362989157625,2.7977125185313567,0.5213615774138873
usps_bin,svm,EvoCluster_PSO,0,50.0,50.0,2,0.28224362989157625,2.7977125185313567,0.5213615774138873
usps_bin,svm,EvoCluster_PSO,7,50.0,50.0,2,0.28224362989157625,2.7977125185313567,0.5213615774138873
usps_bin,svm,EvoCluster_PSO,42,50.0,50.0,2,0.28224362989157625,2.7977125185313567,0.5213615774138873
usps_bin,svm,EvoCluster_PSO,99,50.0,50.0,2,0.28224362989157625,2.7977125185313567,0.5213615774138873
usps_bin,svm,EvoCluster_PSO,123,50.0,50.0,2,0.28224362989157625,2.7977125185313567,0.5213615774138873
usps_bin,svm,EvoCluster_PSO,256,50.0,50.0,2,0.28224362989157625,2.7977125185313567,0.5213615774138873
usps_bin,svm,EvoCluster_PSO,512,50.0,50.0,2,0.28224362989157625,2.7977125185313567,0.5213615774138873
usps_bin,svm,EvoCluster_PSO,777,50.0,50.0,2,0.28224362989157625,2.7977125185313567,0.5213615774138873
usps_bin,svm,EvoCluster_PSO,1000,50.0,50.0,2,0.28224362989157625,2.7977125185313567,0.5213615774138873
usps_bin,svm,EvoCluster_PSO,2024,50.0,50.0,2,0.28224362989157625,2.7977125185313567,0.5213615774138873
usps_bin,xgb,AffinityPropagation,0,,,3,0.1768498999189215,2.742249407274587,1.1106834052989367
usps_bin,xgb,AffinityPropagation,7,,,3,0.1768498999189215,2.742249407274587,1.1106834052989367
usps_bin,xgb,AffinityPropagation,42,,,3,0.1768498999189215,2.742249407274587,1.1106834052989367
usps_bin,xgb,AffinityPropagation,99,,,3,0.1768498999189215,2.742249407274587,1.1106834052989367
usps_bin,xgb,AffinityPropagation,123,,,3,0.1768498999189215,2.742249407274587,1.1106834052989367
usps_bin,xgb,AffinityPropagation,256,,,3,0.1768498999189215,2.742249407274587,1.1106834052989367
usps_bin,xgb,AffinityPropagation,512,,,3,0.1768498999189215,2.742249407274587,1.1106834052989367
usps_bin,xgb,AffinityPropagation,777,,,3,0.1768498999189215,2.742249407274587,1.1106834052989367
usps_bin,xgb,AffinityPropagation,1000,,,3,0.1768498999189215,2.742249407274587,1.1106834052989367
usps_bin,xgb,AffinityPropagation,2024,,,3,0.1768498999189215,2.742249407274587,1.1106834052989367
usps_bin,xgb,Meta_GWO,0,20.0,30.0,3,0.18644669440361655,2.089341468689871,0.610485090754247
usps_bin,xgb,Meta_PSO,0,20.0,30.0,3,0.18644669440361655,2.089341468689871,0.610485090754247
usps_bin,xgb,Meta_WOA,0,20.0,30.0,3,0.18644669440361655,2.089341468689871,0.610485090754247
usps_bin,xgb,Meta_GWO,7,20.0,30.0,3,0.18644669440361655,2.089341468689871,0.610485090754247
usps_bin,xgb,Meta_PSO,7,20.0,30.0,3,0.18644669440361655,2.089341468689871,0.610485090754247
usps_bin,xgb,Meta_WOA,7,20.0,30.0,3,0.18644669440361655,2.089341468689871,0.610485090754247
usps_bin,xgb,Meta_GWO,42,20.0,30.0,3,0.18644669440361655,2.089341468689871,0.610485090754247
usps_bin,xgb,Meta_PSO,42,20.0,30.0,3,0.18644669440361655,2.089341468689871,0.610485090754247
usps_bin,xgb,Meta_WOA,42,20.0,30.0,3,0.18644669440361655,2.089341468689871,0.610485090754247
usps_bin,xgb,Meta_GWO,99,20.0,30.0,3,0.18644669440361655,2.089341468689871,0.610485090754247
usps_bin,xgb,Meta_PSO,99,20.0,30.0,3,0.18644669440361655,2.089341468689871,0.610485090754247
usps_bin,xgb,Meta_WOA,99,20.0,30.0,3,0.18644669440361655,2.089341468689871,0.610485090754247
usps_bin,xgb,Meta_GWO,123,20.0,30.0,3,0.18644669440361655,2.089341468689871,0.610485090754247
usps_bin,xgb,Meta_PSO,123,20.0,30.0,3,0.18644669440361655,2.089341468689871,0.610485090754247
usps_bin,xgb,Meta_WOA,123,20.0,30.0,3,0.18644669440361655,2.089341468689871,0.610485090754247
usps_bin,xgb,Meta_GWO,256,20.0,30.0,3,0.18644669440361655,2.089341468689871,0.610485090754247
usps_bin,xgb,Meta_PSO,256,20.0,30.0,3,0.18644669440361655,2.089341468689871,0.610485090754247
usps_bin,xgb,Meta_WOA,256,20.0,30.0,3,0.18644669440361655,2.089341468689871,0.610485090754247
usps_bin,xgb,Meta_GWO,512,20.0,30.0,3,0.18644669440361655,2.089341468689871,0.610485090754247
usps_bin,xgb,Meta_PSO,512,20.0,30.0,3,0.18644669440361655,2.089341468689871,0.610485090754247
usps_bin,xgb,Meta_WOA,512,20.0,30.0,3,0.18644669440361655,2.089341468689871,0.610485090754247
usps_bin,xgb,Meta_GWO,777,20.0,30.0,3,0.18644669440361655,2.089341468689871,0.610485090754247
usps_bin,xgb,Meta_PSO,777,20.0,30.0,3,0.18644669440361655,2.089341468689871,0.610485090754247
usps_bin,xgb,Meta_WOA,777,20.0,30.0,3,0.18644669440361655,2.089341468689871,0.610485090754247
usps_bin,xgb,Meta_GWO,1000,20.0,30.0,3,0.18644669440361655,2.089341468689871,0.610485090754247
usps_bin,xgb,Meta_PSO,1000,20.0,30.0,3,0.18644669440361655,2.089341468689871,0.610485090754247
usps_bin,xgb,Meta_WOA,1000,20.0,30.0,3,0.18644669440361655,2.089341468689871,0.610485090754247
usps_bin,xgb,Meta_GWO,2024,20.0,30.0,3,0.18644669440361655,2.089341468689871,0.610485090754247
usps_bin,xgb,Meta_PSO,2024,20.0,30.0,3,0.18644669440361655,2.089341468689871,0.610485090754247
usps_bin,xgb,Meta_WOA,2024,20.0,30.0,3,0.08829724649822723,1.3118411041243356,0.7682114501500006
usps_bin,xgb,Meta_GWO,0,20.0,50.0,3,0.18644669440361655,2.089341468689871,0.610485090754247
usps_bin,xgb,Meta_PSO,0,20.0,50.0,3,0.18644669440361655,2.089341468689871,0.610485090754247
usps_bin,xgb,Meta_WOA,0,20.0,50.0,3,0.18644669440361655,2.089341468689871,0.610485090754247
usps_bin,xgb,Meta_GWO,7,20.0,50.0,3,0.18644669440361655,2.089341468689871,0.610485090754247
usps_bin,xgb,Meta_PSO,7,20.0,50.0,3,0.18644669440361655,2.089341468689871,0.610485090754247
usps_bin,xgb,Meta_WOA,7,20.0,50.0,3,0.18644669440361655,2.089341468689871,0.610485090754247
usps_bin,xgb,Meta_GWO,42,20.0,50.0,3,0.18644669440361655,2.089341468689871,0.610485090754247
usps_bin,xgb,Meta_PSO,42,20.0,50.0,3,0.18644669440361655,2.089341468689871,0.610485090754247
usps_bin,xgb,Meta_WOA,42,20.0,50.0,3,0.18644669440361655,2.089341468689871,0.610485090754247
usps_bin,xgb,Meta_GWO,99,20.0,50.0,3,0.18644669440361655,2.089341468689871,0.610485090754247
usps_bin,xgb,Meta_PSO,99,20.0,50.0,3,0.18644669440361655,2.089341468689871,0.610485090754247
usps_bin,xgb,Meta_WOA,99,20.0,50.0,3,0.18644669440361655,2.089341468689871,0.610485090754247
usps_bin,xgb,Meta_GWO,123,20.0,50.0,3,0.18644669440361655,2.089341468689871,0.610485090754247
usps_bin,xgb,Meta_PSO,123,20.0,50.0,3,0.18644669440361655,2.089341468689871,0.610485090754247
usps_bin,xgb,Meta_WOA,123,20.0,50.0,3,0.18644669440361655,2.089341468689871,0.610485090754247
usps_bin,xgb,Meta_GWO,256,20.0,50.0,3,0.18644669440361655,2.089341468689871,0.610485090754247
usps_bin,xgb,Meta_PSO,256,20.0,50.0,3,0.18644669440361655,2.089341468689871,0.610485090754247
usps_bin,xgb,Meta_WOA,256,20.0,50.0,3,0.18644669440361655,2.089341468689871,0.610485090754247
usps_bin,xgb,Meta_GWO,512,20.0,50.0,3,0.18644669440361655,2.089341468689871,0.610485090754247
usps_bin,xgb,Meta_PSO,512,20.0,50.0,3,0.18644669440361655,2.089341468689871,0.610485090754247
usps_bin,xgb,Meta_WOA,512,20.0,50.0,3,0.18644669440361655,2.089341468689871,0.610485090754247
usps_bin,xgb,Meta_GWO,777,20.0,50.0,3,0.18644669440361655,2.089341468689871,0.610485090754247
usps_bin,xgb,Meta_PSO,777,20.0,50.0,3,0.18644669440361655,2.089341468689871,0.610485090754247
usps_bin,xgb,Meta_WOA,777,20.0,50.0,3,0.18644669440361655,2.089341468689871,0.610485090754247
usps_bin,xgb,Meta_GWO,1000,20.0,50.0,3,0.18644669440361655,2.089341468689871,0.610485090754247
usps_bin,xgb,Meta_PSO,1000,20.0,50.0,3,0.18644669440361655,2.089341468689871,0.610485090754247
usps_bin,xgb,Meta_WOA,1000,20.0,50.0,3,0.18644669440361655,2.089341468689871,0.610485090754247
usps_bin,xgb,Meta_GWO,2024,20.0,50.0,3,0.18644669440361655,2.089341468689871,0.610485090754247
usps_bin,xgb,Meta_PSO,2024,20.0,50.0,3,0.18644669440361655,2.089341468689871,0.610485090754247
usps_bin,xgb,Meta_WOA,2024,20.0,50.0,3,0.18644669440361655,2.089341468689871,0.610485090754247
usps_bin,xgb,Meta_GWO,0,50.0,30.0,3,0.18644669440361655,2.089341468689871,0.610485090754247
usps_bin,xgb,Meta_PSO,0,50.0,30.0,3,0.18644669440361655,2.089341468689871,0.610485090754247
usps_bin,xgb,Meta_WOA,0,50.0,30.0,3,0.18644669440361655,2.089341468689871,0.610485090754247
usps_bin,xgb,Meta_GWO,7,50.0,30.0,3,0.18644669440361655,2.089341468689871,0.610485090754247
usps_bin,xgb,Meta_PSO,7,50.0,30.0,3,0.18644669440361655,2.089341468689871,0.610485090754247
usps_bin,xgb,Meta_WOA,7,50.0,30.0,3,0.18644669440361655,2.089341468689871,0.610485090754247
usps_bin,xgb,Meta_GWO,42,50.0,30.0,3,0.18644669440361655,2.089341468689871,0.610485090754247
usps_bin,xgb,Meta_PSO,42,50.0,30.0,3,0.18644669440361655,2.089341468689871,0.610485090754247
usps_bin,xgb,Meta_WOA,42,50.0,30.0,3,0.18644669440361655,2.089341468689871,0.610485090754247
usps_bin,xgb,Meta_GWO,99,50.0,30.0,3,0.18644669440361655,2.089341468689871,0.610485090754247
usps_bin,xgb,Meta_PSO,99,50.0,30.0,3,0.18644669440361655,2.089341468689871,0.610485090754247
usps_bin,xgb,Meta_WOA,99,50.0,30.0,3,0.18644669440361655,2.089341468689871,0.610485090754247
usps_bin,xgb,Meta_GWO,123,50.0,30.0,3,0.18644669440361655,2.089341468689871,0.610485090754247
usps_bin,xgb,Meta_PSO,123,50.0,30.0,3,0.18644669440361655,2.089341468689871,0.610485090754247
usps_bin,xgb,Meta_WOA,123,50.0,30.0,3,0.18644669440361655,2.089341468689871,0.610485090754247
usps_bin,xgb,Meta_GWO,256,50.0,30.0,3,0.18644669440361655,2.089341468689871,0.610485090754247
usps_bin,xgb,Meta_PSO,256,50.0,30.0,3,0.18644669440361655,2.089341468689871,0.610485090754247
usps_bin,xgb,Meta_WOA,256,50.0,30.0,3,0.18644669440361655,2.089341468689871,0.610485090754247
usps_bin,xgb,Meta_GWO,512,50.0,30.0,3,0.18644669440361655,2.089341468689871,0.610485090754247
usps_bin,xgb,Meta_PSO,512,50.0,30.0,3,0.18644669440361655,2.089341468689871,0.610485090754247
usps_bin,xgb,Meta_WOA,512,50.0,30.0,3,0.18644669440361655,2.089341468689871,0.610485090754247
usps_bin,xgb,Meta_GWO,777,50.0,30.0,3,0.18644669440361655,2.089341468689871,0.610485090754247
usps_bin,xgb,Meta_PSO,777,50.0,30.0,3,0.18644669440361655,2.089341468689871,0.610485090754247
usps_bin,xgb,Meta_WOA,777,50.0,30.0,3,0.18644669440361655,2.089341468689871,0.610485090754247
usps_bin,xgb,Meta_GWO,1000,50.0,30.0,3,0.18644669440361655,2.089341468689871,0.610485090754247
usps_bin,xgb,Meta_PSO,1000,50.0,30.0,3,0.18644669440361655,2.089341468689871,0.610485090754247
usps_bin,xgb,Meta_WOA,1000,50.0,30.0,3,0.18644669440361655,2.089341468689871,0.610485090754247
usps_bin,xgb,Meta_GWO,2024,50.0,30.0,3,0.18644669440361655,2.089341468689871,0.610485090754247
usps_bin,xgb,Meta_PSO,2024,50.0,30.0,3,0.18644669440361655,2.089341468689871,0.610485090754247
usps_bin,xgb,Meta_WOA,2024,50.0,30.0,3,0.18644669440361655,2.089341468689871,0.610485090754247
usps_bin,xgb,Meta_GWO,0,50.0,50.0,3,0.18644669440361655,2.089341468689871,0.610485090754247
usps_bin,xgb,Meta_PSO,0,50.0,50.0,3,0.18644669440361655,2.089341468689871,0.610485090754247
usps_bin,xgb,Meta_WOA,0,50.0,50.0,3,0.18644669440361655,2.089341468689871,0.610485090754247
usps_bin,xgb,Meta_GWO,7,50.0,50.0,3,0.18644669440361655,2.089341468689871,0.610485090754247
usps_bin,xgb,Meta_PSO,7,50.0,50.0,3,0.18644669440361655,2.089341468689871,0.610485090754247
usps_bin,xgb,Meta_WOA,7,50.0,50.0,3,0.18644669440361655,2.089341468689871,0.610485090754247
usps_bin,xgb,Meta_GWO,42,50.0,50.0,3,0.18644669440361655,2.089341468689871,0.610485090754247
usps_bin,xgb,Meta_PSO,42,50.0,50.0,3,0.18644669440361655,2.089341468689871,0.610485090754247
usps_bin,xgb,Meta_WOA,42,50.0,50.0,3,0.18644669440361655,2.089341468689871,0.610485090754247
usps_bin,xgb,Meta_GWO,99,50.0,50.0,3,0.18644669440361655,2.089341468689871,0.610485090754247
usps_bin,xgb,Meta_PSO,99,50.0,50.0,3,0.18644669440361655,2.089341468689871,0.610485090754247
usps_bin,xgb,Meta_WOA,99,50.0,50.0,3,0.18644669440361655,2.089341468689871,0.610485090754247
usps_bin,xgb,Meta_GWO,123,50.0,50.0,3,0.18644669440361655,2.089341468689871,0.610485090754247
usps_bin,xgb,Meta_PSO,123,50.0,50.0,3,0.18644669440361655,2.089341468689871,0.610485090754247
usps_bin,xgb,Meta_WOA,123,50.0,50.0,3,0.18644669440361655,2.089341468689871,0.610485090754247
usps_bin,xgb,Meta_GWO,256,50.0,50.0,3,0.18644669440361655,2.089341468689871,0.610485090754247
usps_bin,xgb,Meta_PSO,256,50.0,50.0,3,0.18644669440361655,2.089341468689871,0.610485090754247
usps_bin,xgb,Meta_WOA,256,50.0,50.0,3,0.18644669440361655,2.089341468689871,0.610485090754247
usps_bin,xgb,Meta_GWO,512,50.0,50.0,3,0.18644669440361655,2.089341468689871,0.610485090754247
usps_bin,xgb,Meta_PSO,512,50.0,50.0,3,0.18644669440361655,2.089341468689871,0.610485090754247
usps_bin,xgb,Meta_WOA,512,50.0,50.0,3,0.18644669440361655,2.089341468689871,0.610485090754247
usps_bin,xgb,Meta_GWO,777,50.0,50.0,3,0.18644669440361655,2.089341468689871,0.610485090754247
usps_bin,xgb,Meta_PSO,777,50.0,50.0,3,0.18644669440361655,2.089341468689871,0.610485090754247
usps_bin,xgb,Meta_WOA,777,50.0,50.0,3,0.18644669440361655,2.089341468689871,0.610485090754247
usps_bin,xgb,Meta_GWO,1000,50.0,50.0,3,0.18644669440361655,2.089341468689871,0.610485090754247
usps_bin,xgb,Meta_PSO,1000,50.0,50.0,3,0.18644669440361655,2.089341468689871,0.610485090754247
usps_bin,xgb,Meta_WOA,1000,50.0,50.0,3,0.18644669440361655,2.089341468689871,0.610485090754247
usps_bin,xgb,Meta_GWO,2024,50.0,50.0,3,0.18644669440361655,2.089341468689871,0.610485090754247
usps_bin,xgb,Meta_PSO,2024,50.0,50.0,3,0.18644669440361655,2.089341468689871,0.610485090754247
usps_bin,xgb,Meta_WOA,2024,50.0,50.0,3,0.18644669440361655,2.089341468689871,0.610485090754247
usps_bin,xgb,EvoCluster_PSO,0,20.0,30.0,2,0.18644669440361655,2.089341468689871,0.610485090754247
usps_bin,xgb,EvoCluster_PSO,7,20.0,30.0,2,0.18644669440361655,2.089341468689871,0.610485090754247
usps_bin,xgb,EvoCluster_PSO,42,20.0,30.0,2,0.18644669440361655,2.089341468689871,0.610485090754247
usps_bin,xgb,EvoCluster_PSO,99,20.0,30.0,2,0.18644669440361655,2.089341468689871,0.610485090754247
usps_bin,xgb,EvoCluster_PSO,123,20.0,30.0,2,0.18644669440361655,2.089341468689871,0.610485090754247
usps_bin,xgb,EvoCluster_PSO,256,20.0,30.0,2,0.18644669440361655,2.089341468689871,0.610485090754247
usps_bin,xgb,EvoCluster_PSO,512,20.0,30.0,2,0.18644669440361655,2.089341468689871,0.610485090754247
usps_bin,xgb,EvoCluster_PSO,777,20.0,30.0,2,0.18644669440361655,2.089341468689871,0.610485090754247
usps_bin,xgb,EvoCluster_PSO,1000,20.0,30.0,2,0.18644669440361655,2.089341468689871,0.610485090754247
usps_bin,xgb,EvoCluster_PSO,2024,20.0,30.0,2,0.18644669440361655,2.089341468689871,0.610485090754247
usps_bin,xgb,EvoCluster_PSO,0,20.0,50.0,2,0.18644669440361655,2.089341468689871,0.610485090754247
usps_bin,xgb,EvoCluster_PSO,7,20.0,50.0,2,0.18644669440361655,2.089341468689871,0.610485090754247
usps_bin,xgb,EvoCluster_PSO,42,20.0,50.0,2,0.18644669440361655,2.089341468689871,0.610485090754247
usps_bin,xgb,EvoCluster_PSO,99,20.0,50.0,2,0.18644669440361655,2.089341468689871,0.610485090754247
usps_bin,xgb,EvoCluster_PSO,123,20.0,50.0,2,0.18644669440361655,2.089341468689871,0.610485090754247
usps_bin,xgb,EvoCluster_PSO,256,20.0,50.0,2,0.18644669440361655,2.089341468689871,0.610485090754247
usps_bin,xgb,EvoCluster_PSO,512,20.0,50.0,2,0.18644669440361655,2.089341468689871,0.610485090754247
usps_bin,xgb,EvoCluster_PSO,777,20.0,50.0,2,0.18644669440361655,2.089341468689871,0.610485090754247
usps_bin,xgb,EvoCluster_PSO,1000,20.0,50.0,2,0.18644669440361655,2.089341468689871,0.610485090754247
usps_bin,xgb,EvoCluster_PSO,2024,20.0,50.0,2,0.18644669440361655,2.089341468689871,0.610485090754247
usps_bin,xgb,EvoCluster_PSO,0,50.0,30.0,2,0.18644669440361655,2.089341468689871,0.610485090754247
usps_bin,xgb,EvoCluster_PSO,7,50.0,30.0,2,0.18644669440361655,2.089341468689871,0.610485090754247
usps_bin,xgb,EvoCluster_PSO,42,50.0,30.0,2,0.18644669440361655,2.089341468689871,0.610485090754247
usps_bin,xgb,EvoCluster_PSO,99,50.0,30.0,2,0.18644669440361655,2.089341468689871,0.610485090754247
usps_bin,xgb,EvoCluster_PSO,123,50.0,30.0,2,0.18644669440361655,2.089341468689871,0.610485090754247
usps_bin,xgb,EvoCluster_PSO,256,50.0,30.0,2,0.18644669440361655,2.089341468689871,0.610485090754247
usps_bin,xgb,EvoCluster_PSO,512,50.0,30.0,2,0.18644669440361655,2.089341468689871,0.610485090754247
usps_bin,xgb,EvoCluster_PSO,777,50.0,30.0,2,0.18644669440361655,2.089341468689871,0.610485090754247
usps_bin,xgb,EvoCluster_PSO,1000,50.0,30.0,2,0.18644669440361655,2.089341468689871,0.610485090754247
usps_bin,xgb,EvoCluster_PSO,2024,50.0,30.0,2,0.18644669440361655,2.089341468689871,0.610485090754247
usps_bin,xgb,EvoCluster_PSO,0,50.0,50.0,2,0.18644669440361655,2.089341468689871,0.610485090754247
usps_bin,xgb,EvoCluster_PSO,7,50.0,50.0,2,0.18644669440361655,2.089341468689871,0.610485090754247
usps_bin,xgb,EvoCluster_PSO,42,50.0,50.0,2,0.18644669440361655,2.089341468689871,0.610485090754247
usps_bin,xgb,EvoCluster_PSO,99,50.0,50.0,2,0.18644669440361655,2.089341468689871,0.610485090754247
usps_bin,xgb,EvoCluster_PSO,123,50.0,50.0,2,0.18644669440361655,2.089341468689871,0.610485090754247
usps_bin,xgb,EvoCluster_PSO,256,50.0,50.0,2,0.18644669440361655,2.089341468689871,0.610485090754247
usps_bin,xgb,EvoCluster_PSO,512,50.0,50.0,2,0.18644669440361655,2.089341468689871,0.610485090754247
usps_bin,xgb,EvoCluster_PSO,777,50.0,50.0,2,0.18644669440361655,2.089341468689871,0.610485090754247
usps_bin,xgb,EvoCluster_PSO,1000,50.0,50.0,2,0.18644669440361655,2.089341468689871,0.610485090754247
usps_bin,xgb,EvoCluster_PSO,2024,50.0,50.0,2,0.18644669440361655,2.089341468689871,0.610485090754247
phoneme,rf,AffinityPropagation,0,,,17,0.3332413093358113,46.116611323980635,0.9571110172216171
phoneme,rf,AffinityPropagation,7,,,17,0.3332413093358113,46.116611323980635,0.9571110172216171
phoneme,rf,AffinityPropagation,42,,,17,0.3332413093358113,46.116611323980635,0.9571110172216171
phoneme,rf,AffinityPropagation,99,,,17,0.3332413093358113,46.116611323980635,0.9571110172216171
phoneme,rf,AffinityPropagation,123,,,17,0.3332413093358113,46.116611323980635,0.9571110172216171
phoneme,rf,AffinityPropagation,256,,,17,0.3332413093358113,46.116611323980635,0.9571110172216171
phoneme,rf,AffinityPropagation,512,,,17,0.3332413093358113,46.116611323980635,0.9571110172216171
phoneme,rf,AffinityPropagation,777,,,17,0.3332413093358113,46.116611323980635,0.9571110172216171
phoneme,rf,AffinityPropagation,1000,,,17,0.3332413093358113,46.116611323980635,0.9571110172216171
phoneme,rf,AffinityPropagation,2024,,,17,0.3332413093358113,46.116611323980635,0.9571110172216171
phoneme,rf,Meta_GWO,0,20.0,30.0,17,-0.02405713294219748,12.007115709055654,0.9099708774925914
phoneme,rf,Meta_PSO,0,20.0,30.0,17,0.03091200676059429,13.560803364916076,0.942605958477484
phoneme,rf,Meta_WOA,0,20.0,30.0,17,0.3720504783679949,4.048723054085865,0.47009469394571024
phoneme,rf,Meta_GWO,7,20.0,30.0,17,0.12358113565885795,17.212565251152064,0.7344674561366931
phoneme,rf,Meta_PSO,7,20.0,30.0,17,-0.019112965649079047,15.630394435550667,0.9829679048300792
phoneme,rf,Meta_WOA,7,20.0,30.0,17,0.40990698174776574,4.865801825612116,0.42694106443559865
phoneme,rf,Meta_GWO,42,20.0,30.0,17,0.1716459485076486,22.45295982287797,0.81580816670903
phoneme,rf,Meta_PSO,42,20.0,30.0,17,-0.0146328486917328,13.955633538623562,0.8915316428128995
phoneme,rf,Meta_WOA,42,20.0,30.0,17,0.20971379237286483,3.480321178882964,0.5451172746754873
phoneme,rf,Meta_GWO,99,20.0,30.0,17,0.08688581723757954,10.020825979843988,0.7475773236328478
phoneme,rf,Meta_PSO,99,20.0,30.0,17,0.11625285395121958,17.579153239846473,0.8715305005305793
phoneme,rf,Meta_WOA,99,20.0,30.0,17,0.20293724412478661,3.1646032567752544,0.5761240851195616
phoneme,rf,Meta_GWO,123,20.0,30.0,17,0.16554349844543612,22.617143079091356,0.9036753995887649
phoneme,rf,Meta_PSO,123,20.0,30.0,17,0.0821413719014717,13.271129977506268,0.9468607361477944
phoneme,rf,Meta_WOA,123,20.0,30.0,17,0.40990698174776574,4.865801825612116,0.42694106443559865
phoneme,rf,Meta_GWO,256,20.0,30.0,17,0.14495510245788698,19.087942566242337,0.7239383846153862
phoneme,rf,Meta_PSO,256,20.0,30.0,17,0.09378657911915779,15.279462759406906,0.8916169554650205
phoneme,rf,Meta_WOA,256,20.0,30.0,17,0.20971379237286483,3.480321178882964,0.5451172746754873
phoneme,rf,Meta_GWO,512,20.0,30.0,17,0.1396720425682747,24.307060165813393,0.9717512131371923
phoneme,rf,Meta_PSO,512,20.0,30.0,17,0.1861817031098598,24.64844567376177,0.9294671495406459
phoneme,rf,Meta_WOA,512,20.0,30.0,17,0.40990698174776574,4.865801825612116,0.42694106443559865
phoneme,rf,Meta_GWO,777,20.0,30.0,17,-0.014240840990510947,11.71456265648666,0.9742456177884535
phoneme,rf,Meta_PSO,777,20.0,30.0,17,0.008052648702506405,16.259006934637142,0.9190667666949914
phoneme,rf,Meta_WOA,777,20.0,30.0,17,0.3804091058782089,4.0812543269078825,0.46592415940116705
phoneme,rf,Meta_GWO,1000,20.0,30.0,17,0.09486002910474864,17.254039253029095,0.9678048784097087
phoneme,rf,Meta_PSO,1000,20.0,30.0,17,0.15437651884832843,23.757208739447492,0.9184902786393517
phoneme,rf,Meta_WOA,1000,20.0,30.0,17,0.3720504783679949,4.048723054085865,0.47009469394571024
phoneme,rf,Meta_GWO,2024,20.0,30.0,17,0.04861377870045232,18.0287124743334,1.0249373109888205
phoneme,rf,Meta_PSO,2024,20.0,30.0,17,0.06983876026916473,14.162550174706258,0.8585183225200957
phoneme,rf,Meta_WOA,2024,20.0,30.0,17,-0.07707295952321216,9.196421416817,0.824875229808987
phoneme,rf,Meta_GWO,0,20.0,50.0,17,0.20538080976665882,25.198558046748037,0.8711589255178582
phoneme,rf,Meta_PSO,0,20.0,50.0,17,0.17352178736063376,23.460131753439825,0.8868238884240323
phoneme,rf,Meta_WOA,0,20.0,50.0,17,0.29794379093465473,4.4489533000165435,0.454953186994019
phoneme,rf,Meta_GWO,7,20.0,50.0,17,0.27424288800669067,3.879599322331833,0.5140869865162075
phoneme,rf,Meta_PSO,7,20.0,50.0,17,0.07494016047728572,6.979743406598167,0.7097919638762686
phoneme,rf,Meta_WOA,7,20.0,50.0,17,0.40990698174776574,4.865801825612116,0.42694106443559865
phoneme,rf,Meta_GWO,42,20.0,50.0,17,0.02571691827893747,8.390538636052284,0.6754614279401436
phoneme,rf,Meta_PSO,42,20.0,50.0,17,-0.022667544492729532,13.853404456186693,0.8349759900776955
phoneme,rf,Meta_WOA,42,20.0,50.0,17,0.11231993458493388,1.6876550614019294,0.7229820857807051
phoneme,rf,Meta_GWO,99,20.0,50.0,17,-0.005993460307585607,12.264764112639293,0.8215448044534757
phoneme,rf,Meta_PSO,99,20.0,50.0,17,0.06277626775000861,6.860702309965309,0.6834237633249621
phoneme,rf,Meta_WOA,99,20.0,50.0,17,0.40990698174776574,4.865801825612116,0.42694106443559865
phoneme,rf,Meta_GWO,123,20.0,50.0,17,-0.038231983287006735,6.007261026133388,0.7597948398567197
phoneme,rf,Meta_PSO,123,20.0,50.0,17,0.18571477881722429,23.448440855523426,0.8442508861811507
phoneme,rf,Meta_WOA,123,20.0,50.0,17,0.0440584258604353,5.2215661779482225,0.6566567260841227
phoneme,rf,Meta_GWO,256,20.0,50.0,17,-0.12131177230755226,5.483366043982502,0.8190401153446878
phoneme,rf,Meta_PSO,256,20.0,50.0,17,-0.10749774347034584,10.796018339013099,0.8457068404598594
phoneme,rf,Meta_WOA,256,20.0,50.0,17,0.40990698174776574,4.865801825612116,0.42694106443559865
phoneme,rf,Meta_GWO,512,20.0,50.0,17,0.2144116116593847,24.153031006271217,0.8149122513508577
phoneme,rf,Meta_PSO,512,20.0,50.0,17,0.10133450263960993,20.81839522088577,0.8649595099594213
phoneme,rf,Meta_WOA,512,20.0,50.0,17,0.3804091058782089,4.0812543269078825,0.46592415940116705
phoneme,rf,Meta_GWO,777,20.0,50.0,17,0.0022707012185448653,19.213822401481487,0.9399004592837656
phoneme,rf,Meta_PSO,777,20.0,50.0,17,0.13447654710922902,3.3490941075251155,0.5607533835680686
phoneme,rf,Meta_WOA,777,20.0,50.0,17,0.3804091058782089,4.0812543269078825,0.46592415940116705
phoneme,rf,Meta_GWO,1000,20.0,50.0,17,0.04710311240230566,8.212094085811799,0.7365160996107538
phoneme,rf,Meta_PSO,1000,20.0,50.0,17,0.06932935483867957,14.130004970752674,0.913104492845645
phoneme,rf,Meta_WOA,1000,20.0,50.0,17,0.40990698174776574,4.865801825612116,0.42694106443559865
phoneme,rf,Meta_GWO,2024,20.0,50.0,17,0.1046425793526143,20.623724194934947,0.956019985658004
phoneme,rf,Meta_PSO,2024,20.0,50.0,17,0.18179709204415626,20.346326863685192,0.8185540683710956
phoneme,rf,Meta_WOA,2024,20.0,50.0,17,0.40990698174776574,4.865801825612116,0.42694106443559865
phoneme,rf,Meta_GWO,0,50.0,30.0,17,0.1699863965260209,20.856052024434014,0.8555477568496926
phoneme,rf,Meta_PSO,0,50.0,30.0,17,0.05232304156403762,8.910337133189534,0.7810869624305474
phoneme,rf,Meta_WOA,0,50.0,30.0,17,0.40990698174776574,4.865801825612116,0.42694106443559865
phoneme,rf,Meta_GWO,7,50.0,30.0,17,0.10878728393571432,12.729552492481217,0.9059191206756254
phoneme,rf,Meta_PSO,7,50.0,30.0,17,0.05754232628897756,5.074341608241585,0.6744822684213914
phoneme,rf,Meta_WOA,7,50.0,30.0,17,0.40990698174776574,4.865801825612116,0.42694106443559865
phoneme,rf,Meta_GWO,42,50.0,30.0,17,0.09536767069271894,10.14313632357094,0.6558538244490474
phoneme,rf,Meta_PSO,42,50.0,30.0,17,-0.022360591764071062,8.540590146844007,0.8363815376581285
phoneme,rf,Meta_WOA,42,50.0,30.0,17,0.40990698174776574,4.865801825612116,0.42694106443559865
phoneme,rf,Meta_GWO,99,50.0,30.0,17,0.05076388446733395,9.679856283995377,0.6549286865261914
phoneme,rf,Meta_PSO,99,50.0,30.0,17,0.1484343624837854,17.448916105531207,0.849326078470602
phoneme,rf,Meta_WOA,99,50.0,30.0,17,0.36493032266620873,3.812242067600239,0.4818695126521529
phoneme,rf,Meta_GWO,123,50.0,30.0,17,0.1092188208103743,13.480430703459996,0.8628415658342828
phoneme,rf,Meta_PSO,123,50.0,30.0,17,0.08051770449383659,11.601828847636623,0.8390565667333904
phoneme,rf,Meta_WOA,123,50.0,30.0,17,0.40990698174776574,4.865801825612116,0.42694106443559865
phoneme,rf,Meta_GWO,256,50.0,30.0,17,0.08832325240700559,19.129779332260807,0.9374181622393944
phoneme,rf,Meta_PSO,256,50.0,30.0,17,0.11227726449725887,10.712424053178545,0.7032356942428551
phoneme,rf,Meta_WOA,256,50.0,30.0,17,0.40990698174776574,4.865801825612116,0.42694106443559865
phoneme,rf,Meta_GWO,512,50.0,30.0,17,-0.05205567034638227,11.387934992335365,0.8101716467634112
phoneme,rf,Meta_PSO,512,50.0,30.0,17,0.033232373558839054,10.480089339322944,0.8107504447881357
phoneme,rf,Meta_WOA,512,50.0,30.0,17,0.40990698174776574,4.865801825612116,0.42694106443559865
phoneme,rf,Meta_GWO,777,50.0,30.0,17,0.11148684237332913,10.068615664328608,0.6478909846956775
phoneme,rf,Meta_PSO,777,50.0,30.0,17,0.10483380508105833,12.218386445357918,0.8096241849035508
phoneme,rf,Meta_WOA,777,50.0,30.0,17,-0.0136115660603213,3.036031155660909,0.6543163534174277
phoneme,rf,Meta_GWO,1000,50.0,30.0,17,-0.06276019279465497,10.386386190402249,0.8903850645011776
phoneme,rf,Meta_PSO,1000,50.0,30.0,17,0.1538492543486512,15.965733604607072,0.7900800279156877
phoneme,rf,Meta_WOA,1000,50.0,30.0,17,0.40990698174776574,4.865801825612116,0.42694106443559865
phoneme,rf,Meta_GWO,2024,50.0,30.0,17,0.0177373662823108,13.118313507045379,0.6887257421536187
phoneme,rf,Meta_PSO,2024,50.0,30.0,17,0.0900561175487756,10.026918193266395,0.8399585873315086
phoneme,rf,Meta_WOA,2024,50.0,30.0,17,0.40990698174776574,4.865801825612116,0.42694106443559865
phoneme,rf,Meta_GWO,0,50.0,50.0,17,-0.19489923523067518,4.335173984197951,0.9046639605697365
phoneme,rf,Meta_PSO,0,50.0,50.0,17,0.10836365675814807,13.751277786348245,0.8520509579491649
phoneme,rf,Meta_WOA,0,50.0,50.0,17,0.40990698174776574,4.865801825612116,0.42694106443559865
phoneme,rf,Meta_GWO,7,50.0,50.0,17,0.1768785955000291,19.148713463587764,0.6545294867847157
phoneme,rf,Meta_PSO,7,50.0,50.0,17,-0.09777599573273679,4.100516657335642,0.6417285017414992
phoneme,rf,Meta_WOA,7,50.0,50.0,17,0.40990698174776574,4.865801825612116,0.42694106443559865
phoneme,rf,Meta_GWO,42,50.0,50.0,17,0.19899687897981955,30.207739887981475,0.9228634110804776
phoneme,rf,Meta_PSO,42,50.0,50.0,17,0.06631854242050225,20.245693053039872,0.9237265075961691
phoneme,rf,Meta_WOA,42,50.0,50.0,17,0.40990698174776574,4.865801825612116,0.42694106443559865
phoneme,rf,Meta_GWO,99,50.0,50.0,17,0.22782029416453745,3.952131746610276,0.5014420638730267
phoneme,rf,Meta_PSO,99,50.0,50.0,17,0.1707465784309781,21.385015920282584,0.8130994990373127
phoneme,rf,Meta_WOA,99,50.0,50.0,17,0.40990698174776574,4.865801825612116,0.42694106443559865
phoneme,rf,Meta_GWO,123,50.0,50.0,17,0.08920374024040205,18.29608500897609,0.9153907206583349
phoneme,rf,Meta_PSO,123,50.0,50.0,17,-0.1430841196267188,7.430661554719127,0.7560065049204121
phoneme,rf,Meta_WOA,123,50.0,50.0,17,0.40990698174776574,4.865801825612116,0.42694106443559865
phoneme,rf,Meta_GWO,256,50.0,50.0,17,0.40990698174776574,4.865801825612116,0.42694106443559865
phoneme,rf,Meta_PSO,256,50.0,50.0,17,0.09382811968909169,7.6382717943507945,0.7682490632607916
phoneme,rf,Meta_WOA,256,50.0,50.0,17,0.40990698174776574,4.865801825612116,0.42694106443559865
phoneme,rf,Meta_GWO,512,50.0,50.0,17,-0.004284700156736676,8.91128510995826,0.8742550882965767
phoneme,rf,Meta_PSO,512,50.0,50.0,17,0.10877303079734721,4.799263837950635,0.6698418362836208
phoneme,rf,Meta_WOA,512,50.0,50.0,17,0.40990698174776574,4.865801825612116,0.42694106443559865
phoneme,rf,Meta_GWO,777,50.0,50.0,17,0.03951575999044504,3.9910844434389374,0.6280159219475154
phoneme,rf,Meta_PSO,777,50.0,50.0,17,-0.013163417254743848,9.397340341925924,0.7875459882400786
phoneme,rf,Meta_WOA,777,50.0,50.0,17,0.3804091058782089,4.0812543269078825,0.46592415940116705
phoneme,rf,Meta_GWO,1000,50.0,50.0,17,0.17393548555147526,24.570330601932948,0.6730970381651176
phoneme,rf,Meta_PSO,1000,50.0,50.0,17,-0.061018548045835466,6.9424826275147495,0.7647076198200641
phoneme,rf,Meta_WOA,1000,50.0,50.0,17,0.29794379093465473,4.4489533000165435,0.454953186994019
phoneme,rf,Meta_GWO,2024,50.0,50.0,17,0.22329523810896035,4.944120818116764,0.5454493784633418
phoneme,rf,Meta_PSO,2024,50.0,50.0,17,-0.09703086570155364,3.417221692667759,0.6164653333278971
phoneme,rf,Meta_WOA,2024,50.0,50.0,17,0.40990698174776574,4.865801825612116,0.42694106443559865
phoneme,rf,EvoCluster_PSO,0,20.0,30.0,4,0.22989216647023678,6.838352855439348,0.5157616829488043
phoneme,rf,EvoCluster_PSO,7,20.0,30.0,2,0.40990698174776574,4.865801825612116,0.42694106443559865
phoneme,rf,EvoCluster_PSO,42,20.0,30.0,2,0.40990698174776574,4.865801825612116,0.42694106443559865
phoneme,rf,EvoCluster_PSO,99,20.0,30.0,2,0.40990698174776574,4.865801825612116,0.42694106443559865
phoneme,rf,EvoCluster_PSO,123,20.0,30.0,7,0.0556880005221162,3.9766639647316975,0.6085367367810439
phoneme,rf,EvoCluster_PSO,256,20.0,30.0,2,0.40990698174776574,4.865801825612116,0.42694106443559865
phoneme,rf,EvoCluster_PSO,512,20.0,30.0,2,0.40990698174776574,4.865801825612116,0.42694106443559865
phoneme,rf,EvoCluster_PSO,777,20.0,30.0,2,0.40990698174776574,4.865801825612116,0.42694106443559865
phoneme,rf,EvoCluster_PSO,1000,20.0,30.0,2,0.40990698174776574,4.865801825612116,0.42694106443559865
phoneme,rf,EvoCluster_PSO,2024,20.0,30.0,3,0.29820373168151715,4.567569927064688,0.4495817008157404
phoneme,rf,EvoCluster_PSO,0,20.0,50.0,2,0.40990698174776574,4.865801825612116,0.42694106443559865
phoneme,rf,EvoCluster_PSO,7,20.0,50.0,2,0.40990698174776574,4.865801825612116,0.42694106443559865
phoneme,rf,EvoCluster_PSO,42,20.0,50.0,2,0.40990698174776574,4.865801825612116,0.42694106443559865
phoneme,rf,EvoCluster_PSO,99,20.0,50.0,2,0.40990698174776574,4.865801825612116,0.42694106443559865
phoneme,rf,EvoCluster_PSO,123,20.0,50.0,2,0.40990698174776574,4.865801825612116,0.42694106443559865
phoneme,rf,EvoCluster_PSO,256,20.0,50.0,2,0.40990698174776574,4.865801825612116,0.42694106443559865
phoneme,rf,EvoCluster_PSO,512,20.0,50.0,2,0.40990698174776574,4.865801825612116,0.42694106443559865
phoneme,rf,EvoCluster_PSO,777,20.0,50.0,2,0.40990698174776574,4.865801825612116,0.42694106443559865
phoneme,rf,EvoCluster_PSO,1000,20.0,50.0,2,0.40990698174776574,4.865801825612116,0.42694106443559865
phoneme,rf,EvoCluster_PSO,2024,20.0,50.0,2,0.40990698174776574,4.865801825612116,0.42694106443559865
phoneme,rf,EvoCluster_PSO,0,50.0,30.0,2,0.40990698174776574,4.865801825612116,0.42694106443559865
phoneme,rf,EvoCluster_PSO,7,50.0,30.0,2,0.40990698174776574,4.865801825612116,0.42694106443559865
phoneme,rf,EvoCluster_PSO,42,50.0,30.0,4,0.29794379093465473,4.4489533000165435,0.454953186994019
phoneme,rf,EvoCluster_PSO,99,50.0,30.0,2,0.40990698174776574,4.865801825612116,0.42694106443559865
phoneme,rf,EvoCluster_PSO,123,50.0,30.0,2,0.40990698174776574,4.865801825612116,0.42694106443559865
phoneme,rf,EvoCluster_PSO,256,50.0,30.0,2,0.40990698174776574,4.865801825612116,0.42694106443559865
phoneme,rf,EvoCluster_PSO,512,50.0,30.0,2,0.40990698174776574,4.865801825612116,0.42694106443559865
phoneme,rf,EvoCluster_PSO,777,50.0,30.0,2,0.40990698174776574,4.865801825612116,0.42694106443559865
phoneme,rf,EvoCluster_PSO,1000,50.0,30.0,5,0.2485427067581074,4.171962074970003,0.4806586199951931
phoneme,rf,EvoCluster_PSO,2024,50.0,30.0,2,0.40990698174776574,4.865801825612116,0.42694106443559865
phoneme,rf,EvoCluster_PSO,0,50.0,50.0,2,0.40990698174776574,4.865801825612116,0.42694106443559865
phoneme,rf,EvoCluster_PSO,7,50.0,50.0,2,0.40990698174776574,4.865801825612116,0.42694106443559865
phoneme,rf,EvoCluster_PSO,42,50.0,50.0,6,0.17608151249187393,4.835406364052505,0.4994321760298539
phoneme,rf,EvoCluster_PSO,99,50.0,50.0,2,0.40990698174776574,4.865801825612116,0.42694106443559865
phoneme,rf,EvoCluster_PSO,123,50.0,50.0,2,0.40990698174776574,4.865801825612116,0.42694106443559865
phoneme,rf,EvoCluster_PSO,256,50.0,50.0,2,0.40990698174776574,4.865801825612116,0.42694106443559865
phoneme,rf,EvoCluster_PSO,512,50.0,50.0,2,0.40990698174776574,4.865801825612116,0.42694106443559865
phoneme,rf,EvoCluster_PSO,777,50.0,50.0,2,0.40990698174776574,4.865801825612116,0.42694106443559865
phoneme,rf,EvoCluster_PSO,1000,50.0,50.0,2,0.40990698174776574,4.865801825612116,0.42694106443559865
phoneme,rf,EvoCluster_PSO,2024,50.0,50.0,2,0.40990698174776574,4.865801825612116,0.42694106443559865
phoneme,svm,AffinityPropagation,0,,,25,0.3242177677277873,97.15509708300013,0.952894210925453
phoneme,svm,AffinityPropagation,7,,,25,0.3242177677277873,97.15509708300013,0.952894210925453
phoneme,svm,AffinityPropagation,42,,,25,0.3242177677277873,97.15509708300013,0.952894210925453
phoneme,svm,AffinityPropagation,99,,,25,0.3242177677277873,97.15509708300013,0.952894210925453
phoneme,svm,AffinityPropagation,123,,,25,0.3242177677277873,97.15509708300013,0.952894210925453
phoneme,svm,AffinityPropagation,256,,,25,0.3242177677277873,97.15509708300013,0.952894210925453
phoneme,svm,AffinityPropagation,512,,,25,0.3242177677277873,97.15509708300013,0.952894210925453
phoneme,svm,AffinityPropagation,777,,,25,0.3242177677277873,97.15509708300013,0.952894210925453
phoneme,svm,AffinityPropagation,1000,,,25,0.3242177677277873,97.15509708300013,0.952894210925453
phoneme,svm,AffinityPropagation,2024,,,25,0.3242177677277873,97.15509708300013,0.952894210925453
phoneme,svm,Meta_GWO,0,20.0,30.0,20,-0.07057619587136642,6.109673391602627,0.7864735271127208
phoneme,svm,Meta_PSO,0,20.0,30.0,20,0.04312199196477674,5.687964541856143,0.5723949434703165
phoneme,svm,Meta_WOA,0,20.0,30.0,20,0.5592522884861236,8.660586603351376,0.32163892036721325
phoneme,svm,Meta_GWO,7,20.0,30.0,20,0.0697135300761414,9.348696385477098,0.7962004466499127
phoneme,svm,Meta_PSO,7,20.0,30.0,20,-0.014523409011290104,7.163758276080322,0.6811497809723632
phoneme,svm,Meta_WOA,7,20.0,30.0,20,0.5592522884861236,8.660586603351376,0.32163892036721325
phoneme,svm,Meta_GWO,42,20.0,30.0,20,-0.03523016255670176,9.461502839430816,0.6742998100704936
phoneme,svm,Meta_PSO,42,20.0,30.0,20,0.0644955921751851,11.65506834806563,0.7576001940883654
phoneme,svm,Meta_WOA,42,20.0,30.0,20,0.5592522884861236,8.660586603351376,0.32163892036721325
phoneme,svm,Meta_GWO,99,20.0,30.0,20,0.08819574193178767,37.77657620105044,0.91101255624034
phoneme,svm,Meta_PSO,99,20.0,30.0,20,0.17188848482477667,5.058789860583548,0.5542054534684425
phoneme,svm,Meta_WOA,99,20.0,30.0,20,0.5592522884861236,8.660586603351376,0.32163892036721325
phoneme,svm,Meta_GWO,123,20.0,30.0,20,0.05308893922293364,11.94239080338557,0.836621326729567
phoneme,svm,Meta_PSO,123,20.0,30.0,20,-0.20091090481113505,7.715450953900161,0.7190145543626646
phoneme,svm,Meta_WOA,123,20.0,30.0,20,0.5592522884861236,8.660586603351376,0.32163892036721325
phoneme,svm,Meta_GWO,256,20.0,30.0,20,0.09253047549722809,10.709518322940527,0.7574705687548482
phoneme,svm,Meta_PSO,256,20.0,30.0,20,-0.04750630558593514,8.899793397874046,0.7653328008634165
phoneme,svm,Meta_WOA,256,20.0,30.0,20,0.5592522884861236,8.660586603351376,0.32163892036721325
phoneme,svm,Meta_GWO,512,20.0,30.0,20,0.12775619221617263,29.102341493399102,0.7321069842795296
phoneme,svm,Meta_PSO,512,20.0,30.0,20,0.11080386084130714,17.385945869917492,0.759266866276074
phoneme,svm,Meta_WOA,512,20.0,30.0,20,0.5592522884861236,8.660586603351376,0.32163892036721325
phoneme,svm,Meta_GWO,777,20.0,30.0,20,-0.09216759405817129,17.52270787628592,0.7479236875796264
phoneme,svm,Meta_PSO,777,20.0,30.0,20,0.05347734144130713,5.477776701695167,0.761928949838536
phoneme,svm,Meta_WOA,777,20.0,30.0,20,0.5592522884861236,8.660586603351376,0.32163892036721325
phoneme,svm,Meta_GWO,1000,20.0,30.0,20,0.04035535321809115,5.688200427384666,0.641567968535318
phoneme,svm,Meta_PSO,1000,20.0,30.0,20,0.10157488285037675,16.616674183965166,0.8086726170655191
phoneme,svm,Meta_WOA,1000,20.0,30.0,20,0.5592522884861236,8.660586603351376,0.32163892036721325
phoneme,svm,Meta_GWO,2024,20.0,30.0,20,0.07062640395438605,8.75596046906609,0.8075237916301576
phoneme,svm,Meta_PSO,2024,20.0,30.0,20,0.03837923153408747,10.287304054884649,0.6756201260676408
phoneme,svm,Meta_WOA,2024,20.0,30.0,20,0.5592522884861236,8.660586603351376,0.32163892036721325
phoneme,svm,Meta_GWO,0,20.0,50.0,20,0.14271753130329945,6.46347146556572,0.506131137595295
phoneme,svm,Meta_PSO,0,20.0,50.0,20,0.004424359520797741,8.552130607429245,0.6384009003349154
phoneme,svm,Meta_WOA,0,20.0,50.0,20,0.5592522884861236,8.660586603351376,0.32163892036721325
phoneme,svm,Meta_GWO,7,20.0,50.0,20,0.2326460172082117,4.732154941075356,0.4784193939708829
phoneme,svm,Meta_PSO,7,20.0,50.0,20,0.09774410910650691,9.576089180898826,0.6408107919157411
phoneme,svm,Meta_WOA,7,20.0,50.0,20,0.5592522884861236,8.660586603351376,0.32163892036721325
phoneme,svm,Meta_GWO,42,20.0,50.0,20,-0.04734577850705058,12.653579412545119,0.780416168471204
phoneme,svm,Meta_PSO,42,20.0,50.0,20,0.15713948510286352,6.684372378940222,0.5619759578112349
phoneme,svm,Meta_WOA,42,20.0,50.0,20,0.3518370813832019,3.41337544366856,0.5101618165356956
phoneme,svm,Meta_GWO,99,20.0,50.0,20,-0.021842068270970846,7.010943159507042,0.6419730695217158
phoneme,svm,Meta_PSO,99,20.0,50.0,20,0.13481333736508397,4.691041224610917,0.5196825377242099
phoneme,svm,Meta_WOA,99,20.0,50.0,20,0.5592522884861236,8.660586603351376,0.32163892036721325
phoneme,svm,Meta_GWO,123,20.0,50.0,20,0.05475716828481658,8.560507104428709,0.6587225532523855
phoneme,svm,Meta_PSO,123,20.0,50.0,20,-0.06452753424556035,7.041971570296146,0.6775690375606007
phoneme,svm,Meta_WOA,123,20.0,50.0,20,0.5592522884861236,8.660586603351376,0.32163892036721325
phoneme,svm,Meta_GWO,256,20.0,50.0,20,0.19238332909323477,5.148720914620404,0.45567826388364635
phoneme,svm,Meta_PSO,256,20.0,50.0,20,-0.004916774869879524,9.511042246258897,0.6769888862845086
phoneme,svm,Meta_WOA,256,20.0,50.0,20,0.5592522884861236,8.660586603351376,0.32163892036721325
phoneme,svm,Meta_GWO,512,20.0,50.0,20,0.10102964416163421,8.161268410118318,0.5919816853893715
phoneme,svm,Meta_PSO,512,20.0,50.0,20,0.0870087130174908,4.650005646088684,0.6075230426918143
phoneme,svm,Meta_WOA,512,20.0,50.0,20,0.5592522884861236,8.660586603351376,0.32163892036721325
phoneme,svm,Meta_GWO,777,20.0,50.0,20,0.414078176348521,6.704653749232343,0.3993527230425018
phoneme,svm,Meta_PSO,777,20.0,50.0,20,0.05429137459671775,5.726484214611756,0.6041842557198687
phoneme,svm,Meta_WOA,777,20.0,50.0,20,0.5592522884861236,8.660586603351376,0.32163892036721325
phoneme,svm,Meta_GWO,1000,20.0,50.0,20,0.28124015784463313,5.607519949910128,0.43508776823942147
phoneme,svm,Meta_PSO,1000,20.0,50.0,20,0.06432852296773964,8.111688308545903,0.7083676661165852
phoneme,svm,Meta_WOA,1000,20.0,50.0,20,0.5592522884861236,8.660586603351376,0.32163892036721325
phoneme,svm,Meta_GWO,2024,20.0,50.0,20,0.142036791776572,4.579361641885893,0.5074369540764795
phoneme,svm,Meta_PSO,2024,20.0,50.0,20,0.09906327748187861,4.5842988240797835,0.4816118341396547
phoneme,svm,Meta_WOA,2024,20.0,50.0,20,0.5592522884861236,8.660586603351376,0.32163892036721325
phoneme,svm,Meta_GWO,0,50.0,30.0,20,0.10827405707681195,20.866543731077112,0.7005692634010463
phoneme,svm,Meta_PSO,0,50.0,30.0,20,0.11739222165458084,19.713763333075857,0.7221325323019305
phoneme,svm,Meta_WOA,0,50.0,30.0,20,0.5592522884861236,8.660586603351376,0.32163892036721325
phoneme,svm,Meta_GWO,7,50.0,30.0,20,-0.002268361201834902,17.691241923794127,0.8472654120469805
phoneme,svm,Meta_PSO,7,50.0,30.0,20,0.21550809110292737,5.714456523315699,0.5342247778428219
phoneme,svm,Meta_WOA,7,50.0,30.0,20,0.5592522884861236,8.660586603351376,0.32163892036721325
phoneme,svm,Meta_GWO,42,50.0,30.0,20,0.12756031374216836,7.613528298579605,0.7044634740137884
phoneme,svm,Meta_PSO,42,50.0,30.0,20,0.13335047064650993,10.563855709972117,0.621338337223501
phoneme,svm,Meta_WOA,42,50.0,30.0,20,0.5592522884861236,8.660586603351376,0.32163892036721325
phoneme,svm,Meta_GWO,99,50.0,30.0,20,0.5592522884861236,8.660586603351376,0.32163892036721325
phoneme,svm,Meta_PSO,99,50.0,30.0,20,0.2592526834532173,6.090111590106118,0.6211857106213614
phoneme,svm,Meta_WOA,99,50.0,30.0,20,0.5592522884861236,8.660586603351376,0.32163892036721325
phoneme,svm,Meta_GWO,123,50.0,30.0,20,0.5592522884861236,8.660586603351376,0.32163892036721325
phoneme,svm,Meta_PSO,123,50.0,30.0,20,0.08088290863678521,5.6175700205395165,0.5753421425760009
phoneme,svm,Meta_WOA,123,50.0,30.0,20,0.5592522884861236,8.660586603351376,0.32163892036721325
phoneme,svm,Meta_GWO,256,50.0,30.0,20,0.07571652953194749,16.053346049934827,0.7901614698066256
phoneme,svm,Meta_PSO,256,50.0,30.0,20,0.00964921977227569,7.268868604200576,0.6908447389137645
phoneme,svm,Meta_WOA,256,50.0,30.0,20,0.5592522884861236,8.660586603351376,0.32163892036721325
phoneme,svm,Meta_GWO,512,50.0,30.0,20,0.010891794881937998,8.570802312604963,0.8018454270834441
phoneme,svm,Meta_PSO,512,50.0,30.0,20,-0.0662786197432056,3.9202405806115217,0.5441714897711211
phoneme,svm,Meta_WOA,512,50.0,30.0,20,0.5592522884861236,8.660586603351376,0.32163892036721325
phoneme,svm,Meta_GWO,777,50.0,30.0,20,0.02040347943642098,12.944014250050841,0.7636738636265985
phoneme,svm,Meta_PSO,777,50.0,30.0,20,0.11088812262971559,4.657341528525341,0.4902949631050437
phoneme,svm,Meta_WOA,777,50.0,30.0,20,0.5592522884861236,8.660586603351376,0.32163892036721325
phoneme,svm,Meta_GWO,1000,50.0,30.0,20,0.018305721315807627,6.781382519726399,0.5736461623043373
phoneme,svm,Meta_PSO,1000,50.0,30.0,20,0.28124015784463313,5.607519949910128,0.4350877682394215
phoneme,svm,Meta_WOA,1000,50.0,30.0,20,0.5592522884861236,8.660586603351376,0.32163892036721325
phoneme,svm,Meta_GWO,2024,50.0,30.0,20,0.28124015784463313,5.607519949910128,0.4350877682394215
phoneme,svm,Meta_PSO,2024,50.0,30.0,20,0.024730902714788016,16.13806037338101,0.7647741890508316
phoneme,svm,Meta_WOA,2024,50.0,30.0,20,0.5592522884861236,8.660586603351376,0.32163892036721325
phoneme,svm,Meta_GWO,0,50.0,50.0,20,0.28124015784463313,5.607519949910129,0.4350877682394215
phoneme,svm,Meta_PSO,0,50.0,50.0,20,0.5592522884861236,8.660586603351376,0.32163892036721325
phoneme,svm,Meta_WOA,0,50.0,50.0,20,0.5592522884861236,8.660586603351376,0.32163892036721325
phoneme,svm,Meta_GWO,7,50.0,50.0,20,0.28124015784463313,5.607519949910128,0.43508776823942147
phoneme,svm,Meta_PSO,7,50.0,50.0,20,0.414078176348521,6.704653749232343,0.3993527230425018
phoneme,svm,Meta_WOA,7,50.0,50.0,20,0.5592522884861236,8.660586603351376,0.32163892036721325
phoneme,svm,Meta_GWO,42,50.0,50.0,20,0.12306922748910268,13.969594699944954,0.7293715722366932
phoneme,svm,Meta_PSO,42,50.0,50.0,20,0.28124015784463313,5.607519949910128,0.4350877682394215
phoneme,svm,Meta_WOA,42,50.0,50.0,20,0.5592522884861236,8.660586603351376,0.32163892036721325
phoneme,svm,Meta_GWO,99,50.0,50.0,20,0.4122060456257161,6.936962160547259,0.3862730007424228
phoneme,svm,Meta_PSO,99,50.0,50.0,20,-0.171278029608587,5.6915135739729905,0.6207929839007975
phoneme,svm,Meta_WOA,99,50.0,50.0,20,0.5592522884861236,8.660586603351376,0.32163892036721325
phoneme,svm,Meta_GWO,123,50.0,50.0,20,0.4122060456257161,6.936962160547259,0.3862730007424228
phoneme,svm,Meta_PSO,123,50.0,50.0,20,0.25901479629614454,8.294185211823926,0.5317789916924165
phoneme,svm,Meta_WOA,123,50.0,50.0,20,0.5592522884861236,8.660586603351376,0.32163892036721325
phoneme,svm,Meta_GWO,256,50.0,50.0,20,0.28124015784463313,5.607519949910128,0.4350877682394215
phoneme,svm,Meta_PSO,256,50.0,50.0,20,0.06117082527659659,8.501105486785391,0.6588989946875125
phoneme,svm,Meta_WOA,256,50.0,50.0,20,0.5592522884861236,8.660586603351376,0.32163892036721325
phoneme,svm,Meta_GWO,512,50.0,50.0,20,-0.05786570529292781,4.717207991873864,0.7004633023541038
phoneme,svm,Meta_PSO,512,50.0,50.0,20,0.2470212689436308,6.229802716595683,0.546082891690104
phoneme,svm,Meta_WOA,512,50.0,50.0,20,0.5592522884861236,8.660586603351376,0.32163892036721325
phoneme,svm,Meta_GWO,777,50.0,50.0,20,0.02152472734677524,14.265165964689825,0.7938413438197439
phoneme,svm,Meta_PSO,777,50.0,50.0,20,-0.16059036393970566,5.2304494532020085,0.6186342300475474
phoneme,svm,Meta_WOA,777,50.0,50.0,20,0.5592522884861236,8.660586603351376,0.32163892036721325
phoneme,svm,Meta_GWO,1000,50.0,50.0,20,0.043436491088177064,8.316025003649926,0.6815894007231595
phoneme,svm,Meta_PSO,1000,50.0,50.0,20,0.06748809394101644,5.7250638948313375,0.6210957758314398
phoneme,svm,Meta_WOA,1000,50.0,50.0,20,0.5592522884861236,8.660586603351376,0.32163892036721325
phoneme,svm,Meta_GWO,2024,50.0,50.0,20,0.02586663597716707,6.965078178314144,0.6978968247976846
phoneme,svm,Meta_PSO,2024,50.0,50.0,20,0.0002043799262420123,8.882620466391446,0.6443935824325415
phoneme,svm,Meta_WOA,2024,50.0,50.0,20,0.5592522884861236,8.660586603351376,0.32163892036721325
phoneme,svm,EvoCluster_PSO,0,20.0,30.0,2,0.5592522884861236,8.660586603351376,0.32163892036721325
phoneme,svm,EvoCluster_PSO,7,20.0,30.0,2,0.5592522884861236,8.660586603351376,0.32163892036721325
phoneme,svm,EvoCluster_PSO,42,20.0,30.0,2,0.5592522884861236,8.660586603351376,0.32163892036721325
phoneme,svm,EvoCluster_PSO,99,20.0,30.0,2,0.5592522884861236,8.660586603351376,0.32163892036721325
phoneme,svm,EvoCluster_PSO,123,20.0,30.0,2,0.5592522884861236,8.660586603351376,0.32163892036721325
phoneme,svm,EvoCluster_PSO,256,20.0,30.0,2,0.5592522884861236,8.660586603351376,0.32163892036721325
phoneme,svm,EvoCluster_PSO,512,20.0,30.0,2,0.5592522884861236,8.660586603351376,0.32163892036721325
phoneme,svm,EvoCluster_PSO,777,20.0,30.0,2,0.5592522884861236,8.660586603351376,0.32163892036721325
phoneme,svm,EvoCluster_PSO,1000,20.0,30.0,3,0.4122060456257161,6.936962160547259,0.3862730007424228
phoneme,svm,EvoCluster_PSO,2024,20.0,30.0,3,0.4122060456257161,6.936962160547259,0.3862730007424228
phoneme,svm,EvoCluster_PSO,0,20.0,50.0,2,0.5592522884861236,8.660586603351376,0.32163892036721325
phoneme,svm,EvoCluster_PSO,7,20.0,50.0,2,0.5592522884861236,8.660586603351376,0.32163892036721325
phoneme,svm,EvoCluster_PSO,42,20.0,50.0,2,0.5592522884861236,8.660586603351376,0.32163892036721325
phoneme,svm,EvoCluster_PSO,99,20.0,50.0,2,0.5592522884861236,8.660586603351376,0.32163892036721325
phoneme,svm,EvoCluster_PSO,123,20.0,50.0,2,0.5592522884861236,8.660586603351376,0.32163892036721325
phoneme,svm,EvoCluster_PSO,256,20.0,50.0,2,0.5592522884861236,8.660586603351376,0.32163892036721325
phoneme,svm,EvoCluster_PSO,512,20.0,50.0,2,0.5592522884861236,8.660586603351376,0.32163892036721325
phoneme,svm,EvoCluster_PSO,777,20.0,50.0,2,0.5592522884861236,8.660586603351376,0.32163892036721325
phoneme,svm,EvoCluster_PSO,1000,20.0,50.0,2,0.5592522884861236,8.660586603351376,0.32163892036721325
phoneme,svm,EvoCluster_PSO,2024,20.0,50.0,2,0.5592522884861236,8.660586603351376,0.32163892036721325
phoneme,svm,EvoCluster_PSO,0,50.0,30.0,2,0.5592522884861236,8.660586603351376,0.32163892036721325
phoneme,svm,EvoCluster_PSO,7,50.0,30.0,2,0.5592522884861236,8.660586603351376,0.32163892036721325
phoneme,svm,EvoCluster_PSO,42,50.0,30.0,2,0.5592522884861236,8.660586603351376,0.32163892036721325
phoneme,svm,EvoCluster_PSO,99,50.0,30.0,2,0.5592522884861236,8.660586603351376,0.32163892036721325
phoneme,svm,EvoCluster_PSO,123,50.0,30.0,2,0.5592522884861236,8.660586603351376,0.32163892036721325
phoneme,svm,EvoCluster_PSO,256,50.0,30.0,2,0.5592522884861236,8.660586603351376,0.32163892036721325
phoneme,svm,EvoCluster_PSO,512,50.0,30.0,2,0.5592522884861236,8.660586603351376,0.32163892036721325
phoneme,svm,EvoCluster_PSO,777,50.0,30.0,2,0.5592522884861236,8.660586603351376,0.32163892036721325
phoneme,svm,EvoCluster_PSO,1000,50.0,30.0,2,0.5592522884861236,8.660586603351376,0.32163892036721325
phoneme,svm,EvoCluster_PSO,2024,50.0,30.0,2,0.5592522884861236,8.660586603351376,0.32163892036721325
phoneme,svm,EvoCluster_PSO,0,50.0,50.0,2,0.5592522884861236,8.660586603351376,0.32163892036721325
phoneme,svm,EvoCluster_PSO,7,50.0,50.0,2,0.5592522884861236,8.660586603351376,0.32163892036721325
phoneme,svm,EvoCluster_PSO,42,50.0,50.0,2,0.5592522884861236,8.660586603351376,0.32163892036721325
phoneme,svm,EvoCluster_PSO,99,50.0,50.0,2,0.5592522884861236,8.660586603351376,0.32163892036721325
phoneme,svm,EvoCluster_PSO,123,50.0,50.0,2,0.5592522884861236,8.660586603351376,0.32163892036721325
phoneme,svm,EvoCluster_PSO,256,50.0,50.0,2,0.5592522884861236,8.660586603351376,0.32163892036721325
phoneme,svm,EvoCluster_PSO,512,50.0,50.0,2,0.5592522884861236,8.660586603351376,0.32163892036721325
phoneme,svm,EvoCluster_PSO,777,50.0,50.0,2,0.5592522884861236,8.660586603351376,0.32163892036721325
phoneme,svm,EvoCluster_PSO,1000,50.0,50.0,2,0.5592522884861236,8.660586603351376,0.32163892036721325
phoneme,svm,EvoCluster_PSO,2024,50.0,50.0,2,0.5592522884861236,8.660586603351376,0.32163892036721325
phoneme,xgb,AffinityPropagation,0,,,18,0.3286709052486654,52.27447235719827,0.9962640659659533
phoneme,xgb,AffinityPropagation,7,,,18,0.3286709052486654,52.27447235719827,0.9962640659659533
phoneme,xgb,AffinityPropagation,42,,,18,0.3286709052486654,52.274472357198285,0.9962640659659533
phoneme,xgb,AffinityPropagation,99,,,18,0.3286709052486654,52.274472357198285,0.9962640659659533
phoneme,xgb,AffinityPropagation,123,,,18,0.3286709052486654,52.274472357198285,0.9962640659659533
phoneme,xgb,AffinityPropagation,256,,,18,0.3286709052486654,52.27447235719827,0.9962640659659533
phoneme,xgb,AffinityPropagation,512,,,18,0.3286709052486654,52.274472357198285,0.9962640659659533
phoneme,xgb,AffinityPropagation,777,,,18,0.3286709052486654,52.274472357198285,0.9962640659659533
phoneme,xgb,AffinityPropagation,1000,,,18,0.3286709052486654,52.27447235719827,0.9962640659659533
phoneme,xgb,AffinityPropagation,2024,,,18,0.3286709052486654,52.27447235719827,0.9962640659659533
phoneme,xgb,Meta_GWO,0,20.0,30.0,18,0.08477907082859171,18.502819515622633,0.9609401811974574
phoneme,xgb,Meta_PSO,0,20.0,30.0,18,0.14418783785051945,17.3976617853452,0.9103445931166878
phoneme,xgb,Meta_WOA,0,20.0,30.0,18,0.1696201714196927,3.2162455909947147,0.6940527631444052
phoneme,xgb,Meta_GWO,7,20.0,30.0,18,0.12873110045812888,20.66685160956092,0.7721349986356839
phoneme,xgb,Meta_PSO,7,20.0,30.0,18,0.16047256648304775,21.219959767194652,0.8504416916185775
phoneme,xgb,Meta_WOA,7,20.0,30.0,18,-0.005602060474659916,5.895363630987648,0.8098342809949988
phoneme,xgb,Meta_GWO,42,20.0,30.0,18,0.06193494776685331,15.769597281338472,0.7131831491008221
phoneme,xgb,Meta_PSO,42,20.0,30.0,18,-0.0026620100378818242,6.670992250837701,0.815688115619955
phoneme,xgb,Meta_WOA,42,20.0,30.0,18,0.08789777999904137,7.327968175821272,0.732117928446145
phoneme,xgb,Meta_GWO,99,20.0,30.0,18,0.052876055503756444,24.639287054028134,0.9355167773643477
phoneme,xgb,Meta_PSO,99,20.0,30.0,18,0.023619281646897156,19.143563258132673,0.927461768854814
phoneme,xgb,Meta_WOA,99,20.0,30.0,18,0.3166653715952612,3.2103569424042497,0.5250426726768358
phoneme,xgb,Meta_GWO,123,20.0,30.0,18,0.191788905332541,23.675227938318244,0.7446362959993542
phoneme,xgb,Meta_PSO,123,20.0,30.0,18,0.16587511346540268,24.728185926024672,0.9291177865335398
phoneme,xgb,Meta_WOA,123,20.0,30.0,18,0.07454725787350035,18.233302666180695,0.8646321844189823
phoneme,xgb,Meta_GWO,256,20.0,30.0,18,0.11615214416899254,20.110840071544295,0.9435254014234856
phoneme,xgb,Meta_PSO,256,20.0,30.0,18,0.10256169778422397,15.573016887672635,0.8483904811197083
phoneme,xgb,Meta_WOA,256,20.0,30.0,18,0.17210953032369974,19.671980407122383,0.786723777337706
phoneme,xgb,Meta_GWO,512,20.0,30.0,18,0.051602484115565984,24.419532136224102,0.8765425511647591
phoneme,xgb,Meta_PSO,512,20.0,30.0,18,0.1725056562838191,27.30305401425088,0.9476371900006455
phoneme,xgb,Meta_WOA,512,20.0,30.0,18,0.05663723708665932,1.809984127309304,0.7041145933047867
phoneme,xgb,Meta_GWO,777,20.0,30.0,18,0.17947917670599275,23.14361329606239,0.9060144788141881
phoneme,xgb,Meta_PSO,777,20.0,30.0,18,0.15501464972003914,18.908989835005624,0.9254096553112673
phoneme,xgb,Meta_WOA,777,20.0,30.0,18,0.11933541443566806,3.072318094336801,0.6066012955918668
phoneme,xgb,Meta_GWO,1000,20.0,30.0,18,0.02662435519847839,12.412021303155464,0.7892447296918794
phoneme,xgb,Meta_PSO,1000,20.0,30.0,18,0.08603508747687737,19.864255706278175,0.8443654276291518
phoneme,xgb,Meta_WOA,1000,20.0,30.0,18,-0.016622229313044287,13.024626787176212,0.9020919003550864
phoneme,xgb,Meta_GWO,2024,20.0,30.0,18,0.04170144341059581,24.544101864890596,1.0193099546673194
phoneme,xgb,Meta_PSO,2024,20.0,30.0,18,0.07011382094909707,24.28741709568554,0.9183196423451374
phoneme,xgb,Meta_WOA,2024,20.0,30.0,18,0.11390013961706148,4.767122806457792,0.563631511002556
phoneme,xgb,Meta_GWO,0,20.0,50.0,18,0.07567404600414586,22.926026571884563,0.940023877396235
phoneme,xgb,Meta_PSO,0,20.0,50.0,18,0.2477037075708269,32.9185621483818,0.8631969748551156
phoneme,xgb,Meta_WOA,0,20.0,50.0,18,0.2837704134978134,4.284060173016138,0.45834855474410136
phoneme,xgb,Meta_GWO,7,20.0,50.0,18,-0.08534334414670262,10.957059936450682,0.7679894089032866
phoneme,xgb,Meta_PSO,7,20.0,50.0,18,-0.0033106109653751534,11.264743375900116,0.8574198039991799
phoneme,xgb,Meta_WOA,7,20.0,50.0,18,0.24142789975369014,3.7628691366822644,0.500067255593321
phoneme,xgb,Meta_GWO,42,20.0,50.0,18,0.12466706950191088,19.043952999561196,0.9436184942366607
phoneme,xgb,Meta_PSO,42,20.0,50.0,18,0.11267216770570658,20.756381554832664,0.9116964077368868
phoneme,xgb,Meta_WOA,42,20.0,50.0,18,0.37308893091026124,4.211131654589427,0.45881873768061493
phoneme,xgb,Meta_GWO,99,20.0,50.0,18,0.05754432592907908,19.963583714653698,0.8565585436350946
phoneme,xgb,Meta_PSO,99,20.0,50.0,18,0.05725446329673854,16.169941922232887,0.8612420103865416
phoneme,xgb,Meta_WOA,99,20.0,50.0,18,-0.048651120433392425,5.97078235864088,0.8160124514636236
phoneme,xgb,Meta_GWO,123,20.0,50.0,18,0.05402510136979656,18.299357162588606,0.9661376656647616
phoneme,xgb,Meta_PSO,123,20.0,50.0,18,0.16264872581498357,25.158082316333413,0.8314498880343729
phoneme,xgb,Meta_WOA,123,20.0,50.0,18,0.37308893091026124,4.211131654589427,0.45881873768061493
phoneme,xgb,Meta_GWO,256,20.0,50.0,18,-0.0473638553136026,10.563775047722562,0.942514191727544
phoneme,xgb,Meta_PSO,256,20.0,50.0,18,-0.06443148548777552,9.995973275969874,0.8604426828716575
phoneme,xgb,Meta_WOA,256,20.0,50.0,18,0.2986288289691428,5.92353507569268,0.5143615286875788
phoneme,xgb,Meta_GWO,512,20.0,50.0,18,0.14685669194189283,22.656514467375285,0.7539478731943023
phoneme,xgb,Meta_PSO,512,20.0,50.0,18,0.10791318465063997,18.270633063236428,0.8554101297933021
phoneme,xgb,Meta_WOA,512,20.0,50.0,18,0.034767116106729896,20.49703630512361,0.8192081938810247
phoneme,xgb,Meta_GWO,777,20.0,50.0,18,0.08381930440502118,20.730349342398153,0.9765602520746299
phoneme,xgb,Meta_PSO,777,20.0,50.0,18,0.08153194699499694,12.960093779888556,0.7741438102374367
phoneme,xgb,Meta_WOA,777,20.0,50.0,18,-0.06779032681507674,11.054283458710527,0.8699726301959614
phoneme,xgb,Meta_GWO,1000,20.0,50.0,18,-0.18799970444370281,5.856478709070789,0.6934133481654033
phoneme,xgb,Meta_PSO,1000,20.0,50.0,18,0.08268260348263605,18.98346595125687,0.8658399767504766
phoneme,xgb,Meta_WOA,1000,20.0,50.0,18,0.08671369451126228,13.390677475876718,0.7888749906604532
phoneme,xgb,Meta_GWO,2024,20.0,50.0,18,0.05242956669384318,20.02500660688163,0.7901711006277525
phoneme,xgb,Meta_PSO,2024,20.0,50.0,18,0.16237988161304545,19.153829129933293,0.8402384465326366
phoneme,xgb,Meta_WOA,2024,20.0,50.0,18,0.15858102088813553,3.5866519155665375,0.5313712927320877
phoneme,xgb,Meta_GWO,0,50.0,30.0,18,0.10531129547499964,14.644241332157264,0.7036282795075895
phoneme,xgb,Meta_PSO,0,50.0,30.0,18,-0.04049199281529492,11.05120839822119,0.8838585458172348
phoneme,xgb,Meta_WOA,0,50.0,30.0,18,0.282671903986166,4.2798493334430825,0.4563608610014673
phoneme,xgb,Meta_GWO,7,50.0,30.0,18,0.2097729021457725,24.0518745448594,0.7098722864778314
phoneme,xgb,Meta_PSO,7,50.0,30.0,18,0.030244180911252878,16.314007389950124,0.8946000534801463
phoneme,xgb,Meta_WOA,7,50.0,30.0,18,0.13864589305057454,3.5657737872528488,0.5539208376467217
phoneme,xgb,Meta_GWO,42,50.0,30.0,18,0.10004139827172666,11.750993397110387,0.6901418055983636
phoneme,xgb,Meta_PSO,42,50.0,30.0,18,0.1221917141730461,15.253461361088469,0.8655334176240674
phoneme,xgb,Meta_WOA,42,50.0,30.0,18,0.29398512237590674,2.8136627830653795,0.5604788844874933
phoneme,xgb,Meta_GWO,99,50.0,30.0,18,-0.1512604412477541,5.303413312400135,0.6470434599251031
phoneme,xgb,Meta_PSO,99,50.0,30.0,18,0.17668474624094938,26.43928097754548,0.8997379331714425
phoneme,xgb,Meta_WOA,99,50.0,30.0,18,0.2837704134978134,4.284060173016138,0.4583485547441014
phoneme,xgb,Meta_GWO,123,50.0,30.0,18,0.12535127588691494,19.800045255374943,0.7349404767619381
phoneme,xgb,Meta_PSO,123,50.0,30.0,18,0.05608336272416243,22.864672558093364,0.9155743032958816
phoneme,xgb,Meta_WOA,123,50.0,30.0,18,0.37308893091026124,4.211131654589427,0.45881873768061493
phoneme,xgb,Meta_GWO,256,50.0,30.0,18,0.17974717088248873,25.593574434333142,0.6834952977744571
phoneme,xgb,Meta_PSO,256,50.0,30.0,18,0.11039395155070995,18.86275829891349,0.8535556109290767
phoneme,xgb,Meta_WOA,256,50.0,30.0,18,-0.13441110552215815,9.173008272460532,0.7645900248833173
phoneme,xgb,Meta_GWO,512,50.0,30.0,18,0.13968860018222307,18.085343616663458,0.7550007692671022
phoneme,xgb,Meta_PSO,512,50.0,30.0,18,0.09349292337961619,25.572287432342144,0.8083067853430023
phoneme,xgb,Meta_WOA,512,50.0,30.0,18,0.37308893091026124,4.211131654589427,0.45881873768061493
phoneme,xgb,Meta_GWO,777,50.0,30.0,18,0.018155839243730054,12.435335041992806,0.8688629394014943
phoneme,xgb,Meta_PSO,777,50.0,30.0,18,0.03589243452022743,18.630838910552267,0.807371530708548
phoneme,xgb,Meta_WOA,777,50.0,30.0,18,0.38707809727243303,4.202963201459577,0.45945801054374574
phoneme,xgb,Meta_GWO,1000,50.0,30.0,18,0.24553127589604318,30.609650863743322,0.7431790316273771
phoneme,xgb,Meta_PSO,1000,50.0,30.0,18,0.09603169912661809,14.569165103705263,0.7941121076221624
phoneme,xgb,Meta_WOA,1000,50.0,30.0,18,0.05894761496151512,17.257448208342836,0.8466637885187606
phoneme,xgb,Meta_GWO,2024,50.0,30.0,18,-0.06712785967233267,10.367513499470244,0.9865867526053212
phoneme,xgb,Meta_PSO,2024,50.0,30.0,18,-0.055317217544360184,12.17390063581111,0.9055605543519266
phoneme,xgb,Meta_WOA,2024,50.0,30.0,18,0.15194357669604075,3.3260281714009388,0.5545306769401894
phoneme,xgb,Meta_GWO,0,50.0,50.0,18,0.08521177728980384,16.639400157414293,0.8564299356520938
phoneme,xgb,Meta_PSO,0,50.0,50.0,18,-0.012952057656926927,12.115156599399644,0.774861375186481
phoneme,xgb,Meta_WOA,0,50.0,50.0,18,0.37308893091026124,4.211131654589427,0.45881873768061493
phoneme,xgb,Meta_GWO,7,50.0,50.0,18,0.09770426408344436,19.258661003664578,0.7071789075015235
phoneme,xgb,Meta_PSO,7,50.0,50.0,18,0.04268878896669489,9.791011760600718,0.7830337292886305
phoneme,xgb,Meta_WOA,7,50.0,50.0,18,0.10961057821339995,2.409326391649442,0.6167181426438008
phoneme,xgb,Meta_GWO,42,50.0,50.0,18,0.09211382283130477,17.868380404866166,0.9700673825114102
phoneme,xgb,Meta_PSO,42,50.0,50.0,18,0.17146258063766423,23.195248609419746,0.8060340985582386
phoneme,xgb,Meta_WOA,42,50.0,50.0,18,0.37308893091026124,4.211131654589427,0.45881873768061493
phoneme,xgb,Meta_GWO,99,50.0,50.0,18,0.022565563321558058,17.1726394947625,0.8946306836959359
phoneme,xgb,Meta_PSO,99,50.0,50.0,18,-0.031513042094599666,11.974467721565613,0.8231050595906946
phoneme,xgb,Meta_WOA,99,50.0,50.0,18,0.38707809727243303,4.202963201459577,0.45945801054374574
phoneme,xgb,Meta_GWO,123,50.0,50.0,18,0.0987682260987354,15.519612161546124,0.8592363148917143
phoneme,xgb,Meta_PSO,123,50.0,50.0,18,0.11913080390686556,21.253246839297102,0.8381728822412668
phoneme,xgb,Meta_WOA,123,50.0,50.0,18,0.37308893091026124,4.211131654589427,0.45881873768061493
phoneme,xgb,Meta_GWO,256,50.0,50.0,18,-0.08340157789092856,5.9709505125596545,0.6425273601339875
phoneme,xgb,Meta_PSO,256,50.0,50.0,18,0.11912932978194625,25.850008977002584,0.8380738341544507
phoneme,xgb,Meta_WOA,256,50.0,50.0,18,0.37308893091026124,4.211131654589427,0.45881873768061493
phoneme,xgb,Meta_GWO,512,50.0,50.0,18,0.006516813179225496,9.947568516850394,0.746183590810326
phoneme,xgb,Meta_PSO,512,50.0,50.0,18,-0.11365103697817597,10.139481290859255,0.807131942097715
phoneme,xgb,Meta_WOA,512,50.0,50.0,18,-0.15730247434497058,9.400672369613126,0.7814747308256895
phoneme,xgb,Meta_GWO,777,50.0,50.0,18,-0.0034453641710926884,5.85746126809345,0.6093203294722019
phoneme,xgb,Meta_PSO,777,50.0,50.0,18,0.13596592265578344,19.44758970987151,0.8097424073631064
phoneme,xgb,Meta_WOA,777,50.0,50.0,18,0.04599462735246339,6.854857198658273,0.6612578686024281
phoneme,xgb,Meta_GWO,1000,50.0,50.0,18,0.17027535110129302,22.188741470316963,0.7947739311712697
phoneme,xgb,Meta_PSO,1000,50.0,50.0,18,0.06112698537756724,21.179514163700162,0.8236297899819153
phoneme,xgb,Meta_WOA,1000,50.0,50.0,18,0.28590045356716604,3.935665503996563,0.4867764398640855
phoneme,xgb,Meta_GWO,2024,50.0,50.0,18,0.023561321307786227,13.83495714650597,0.9515858349068843
phoneme,xgb,Meta_PSO,2024,50.0,50.0,18,0.02892461531948071,13.524539294368239,0.7818557556894181
phoneme,xgb,Meta_WOA,2024,50.0,50.0,18,0.37308893091026124,4.211131654589427,0.45881873768061493
phoneme,xgb,EvoCluster_PSO,0,20.0,30.0,2,0.37308893091026124,4.211131654589427,0.45881873768061493
phoneme,xgb,EvoCluster_PSO,7,20.0,30.0,4,0.21568359184255542,6.727528889356002,0.5168393905180727
phoneme,xgb,EvoCluster_PSO,42,20.0,30.0,3,0.2916463511123622,8.154470007944727,0.5257756611606764
phoneme,xgb,EvoCluster_PSO,99,20.0,30.0,2,0.37308893091026124,4.211131654589427,0.45881873768061493
phoneme,xgb,EvoCluster_PSO,123,20.0,30.0,2,0.37308893091026124,4.211131654589427,0.45881873768061493
phoneme,xgb,EvoCluster_PSO,256,20.0,30.0,3,0.25513874920530366,3.5686896276092717,0.5216783799079695
phoneme,xgb,EvoCluster_PSO,512,20.0,30.0,3,0.282671903986166,4.2798493334430825,0.4563608610014673
phoneme,xgb,EvoCluster_PSO,777,20.0,30.0,5,0.2055612439736186,6.01634754207812,0.5112284891407565
phoneme,xgb,EvoCluster_PSO,1000,20.0,30.0,2,0.37308893091026124,4.211131654589427,0.45881873768061493
phoneme,xgb,EvoCluster_PSO,2024,20.0,30.0,3,0.2975617023645089,6.448904406338578,0.4921292980254966
phoneme,xgb,EvoCluster_PSO,0,20.0,50.0,4,0.21568359184255542,6.727528889356002,0.5168393905180727
phoneme,xgb,EvoCluster_PSO,7,20.0,50.0,3,0.282671903986166,4.279849333443083,0.4563608610014673
phoneme,xgb,EvoCluster_PSO,42,20.0,50.0,3,0.282671903986166,4.2798493334430825,0.4563608610014673
phoneme,xgb,EvoCluster_PSO,99,20.0,50.0,2,0.37308893091026124,4.211131654589427,0.45881873768061493
phoneme,xgb,EvoCluster_PSO,123,20.0,50.0,4,0.2837704134978134,4.2840601730161385,0.4583485547441014
phoneme,xgb,EvoCluster_PSO,256,20.0,50.0,3,0.282671903986166,4.2798493334430825,0.4563608610014673
phoneme,xgb,EvoCluster_PSO,512,20.0,50.0,2,0.37308893091026124,4.211131654589427,0.45881873768061493
phoneme,xgb,EvoCluster_PSO,777,20.0,50.0,9,0.018518204666866944,3.830350312881666,0.581208941000043
phoneme,xgb,EvoCluster_PSO,1000,20.0,50.0,3,0.2975617023645089,6.448904406338578,0.4921292980254966
phoneme,xgb,EvoCluster_PSO,2024,20.0,50.0,2,0.37308893091026124,4.211131654589427,0.45881873768061493
phoneme,xgb,EvoCluster_PSO,0,50.0,30.0,3,0.282671903986166,4.2798493334430825,0.4563608610014673
phoneme,xgb,EvoCluster_PSO,7,50.0,30.0,2,0.37308893091026124,4.211131654589427,0.45881873768061493
phoneme,xgb,EvoCluster_PSO,42,50.0,30.0,2,0.37308893091026124,4.211131654589427,0.45881873768061493
phoneme,xgb,EvoCluster_PSO,99,50.0,30.0,2,0.37308893091026124,4.211131654589427,0.45881873768061493
phoneme,xgb,EvoCluster_PSO,123,50.0,30.0,3,0.282671903986166,4.2798493334430825,0.4563608610014673
phoneme,xgb,EvoCluster_PSO,256,50.0,30.0,4,0.19941926081100078,4.044591211171922,0.48085045216897077
phoneme,xgb,EvoCluster_PSO,512,50.0,30.0,6,-0.020242247525584445,2.8326949955889122,0.5961934834066108
phoneme,xgb,EvoCluster_PSO,777,50.0,30.0,2,0.37308893091026124,4.211131654589427,0.45881873768061493
phoneme,xgb,EvoCluster_PSO,1000,50.0,30.0,2,0.37308893091026124,4.211131654589427,0.45881873768061493
phoneme,xgb,EvoCluster_PSO,2024,50.0,30.0,3,0.282671903986166,4.279849333443083,0.4563608610014673
phoneme,xgb,EvoCluster_PSO,0,50.0,50.0,3,0.282671903986166,4.2798493334430825,0.4563608610014673
phoneme,xgb,EvoCluster_PSO,7,50.0,50.0,3,0.282671903986166,4.279849333443083,0.4563608610014673
phoneme,xgb,EvoCluster_PSO,42,50.0,50.0,3,0.282671903986166,4.2798493334430825,0.4563608610014673
phoneme,xgb,EvoCluster_PSO,99,50.0,50.0,2,0.37308893091026124,4.211131654589427,0.45881873768061493
phoneme,xgb,EvoCluster_PSO,123,50.0,50.0,4,0.24097960627236995,5.431104531456803,0.5033597592994935
phoneme,xgb,EvoCluster_PSO,256,50.0,50.0,3,0.282671903986166,4.2798493334430825,0.4563608610014673
phoneme,xgb,EvoCluster_PSO,512,50.0,50.0,3,0.282671903986166,4.2798493334430825,0.4563608610014673
phoneme,xgb,EvoCluster_PSO,777,50.0,50.0,2,0.37308893091026124,4.211131654589427,0.45881873768061493
phoneme,xgb,EvoCluster_PSO,1000,50.0,50.0,2,0.37308893091026124,4.211131654589427,0.45881873768061493
phoneme,xgb,EvoCluster_PSO,2024,50.0,50.0,3,0.282671903986166,4.279849333443083,0.4563608610014673
kc1,rf,AffinityPropagation,0,,,10,0.28870443327757234,56.4553795853033,0.9203267523893297
kc1,rf,AffinityPropagation,7,,,11,0.28308455959264356,54.24688311412237,0.8416172563320775
kc1,rf,AffinityPropagation,42,,,11,0.28308455959264356,54.24688311412238,0.8416172563320775
kc1,rf,AffinityPropagation,99,,,11,0.28308455959264356,54.24688311412238,0.8416172563320775
kc1,rf,AffinityPropagation,123,,,11,0.28308455959264356,54.24688311412238,0.8416172563320775
kc1,rf,AffinityPropagation,256,,,11,0.28308455959264356,54.24688311412237,0.8416172563320775
kc1,rf,AffinityPropagation,512,,,11,0.28308455959264356,54.24688311412237,0.8416172563320775
kc1,rf,AffinityPropagation,777,,,11,0.28308455959264356,54.24688311412238,0.8416172563320775
kc1,rf,AffinityPropagation,1000,,,11,0.28308455959264356,54.24688311412238,0.8416172563320775
kc1,rf,AffinityPropagation,2024,,,11,0.28308455959264356,54.24688311412238,0.8416172563320775
kc1,rf,Meta_GWO,0,20.0,30.0,11,0.6231266505493341,11.68456518514188,0.24431533205809278
kc1,rf,Meta_PSO,0,20.0,30.0,11,0.6231266505493341,11.68456518514188,0.24431533205809278
kc1,rf,Meta_WOA,0,20.0,30.0,11,0.6231266505493341,11.68456518514188,0.24431533205809278
kc1,rf,Meta_GWO,7,20.0,30.0,11,0.6231266505493341,11.68456518514188,0.24431533205809278
kc1,rf,Meta_PSO,7,20.0,30.0,11,0.6231266505493341,11.68456518514188,0.24431533205809278
kc1,rf,Meta_WOA,7,20.0,30.0,11,0.6231266505493341,11.68456518514188,0.24431533205809278
kc1,rf,Meta_GWO,42,20.0,30.0,11,0.6231266505493341,11.68456518514188,0.24431533205809278
kc1,rf,Meta_PSO,42,20.0,30.0,11,0.6231266505493341,11.68456518514188,0.24431533205809278
kc1,rf,Meta_WOA,42,20.0,30.0,11,0.6231266505493341,11.68456518514188,0.24431533205809278
kc1,rf,Meta_GWO,99,20.0,30.0,11,0.6231266505493341,11.68456518514188,0.24431533205809278
kc1,rf,Meta_PSO,99,20.0,30.0,11,0.6231266505493341,11.68456518514188,0.24431533205809278
kc1,rf,Meta_WOA,99,20.0,30.0,11,0.6231266505493341,11.68456518514188,0.24431533205809278
kc1,rf,Meta_GWO,123,20.0,30.0,11,0.6231266505493341,11.68456518514188,0.24431533205809278
kc1,rf,Meta_PSO,123,20.0,30.0,11,0.6231266505493341,11.68456518514188,0.24431533205809278
kc1,rf,Meta_WOA,123,20.0,30.0,11,0.6231266505493341,11.68456518514188,0.24431533205809278
kc1,rf,Meta_GWO,256,20.0,30.0,11,0.6231266505493341,11.68456518514188,0.24431533205809278
kc1,rf,Meta_PSO,256,20.0,30.0,11,0.6231266505493341,11.68456518514188,0.24431533205809278
kc1,rf,Meta_WOA,256,20.0,30.0,11,0.6231266505493341,11.68456518514188,0.24431533205809278
kc1,rf,Meta_GWO,512,20.0,30.0,11,0.6231266505493341,11.68456518514188,0.24431533205809278
kc1,rf,Meta_PSO,512,20.0,30.0,11,0.6231266505493341,11.68456518514188,0.24431533205809278
kc1,rf,Meta_WOA,512,20.0,30.0,11,0.6231266505493341,11.68456518514188,0.24431533205809278
kc1,rf,Meta_GWO,777,20.0,30.0,11,0.6231266505493341,11.68456518514188,0.24431533205809278
kc1,rf,Meta_PSO,777,20.0,30.0,11,0.6231266505493341,11.68456518514188,0.24431533205809278
kc1,rf,Meta_WOA,777,20.0,30.0,11,0.6231266505493341,11.68456518514188,0.24431533205809278
kc1,rf,Meta_GWO,1000,20.0,30.0,11,0.6231266505493341,11.68456518514188,0.24431533205809278
kc1,rf,Meta_PSO,1000,20.0,30.0,11,0.6231266505493341,11.68456518514188,0.24431533205809278
kc1,rf,Meta_WOA,1000,20.0,30.0,11,0.5610196243610001,12.31606479202407,0.24829011833534764
kc1,rf,Meta_GWO,2024,20.0,30.0,11,0.6231266505493341,11.68456518514188,0.24431533205809278
kc1,rf,Meta_PSO,2024,20.0,30.0,11,0.6231266505493341,11.68456518514188,0.24431533205809278
kc1,rf,Meta_WOA,2024,20.0,30.0,11,0.6231266505493341,11.68456518514188,0.24431533205809278
kc1,rf,Meta_GWO,0,20.0,50.0,11,0.6231266505493341,11.68456518514188,0.24431533205809278
kc1,rf,Meta_PSO,0,20.0,50.0,11,0.6231266505493341,11.68456518514188,0.24431533205809278
kc1,rf,Meta_WOA,0,20.0,50.0,11,0.6231266505493341,11.68456518514188,0.24431533205809278
kc1,rf,Meta_GWO,7,20.0,50.0,11,0.6231266505493341,11.68456518514188,0.24431533205809278
kc1,rf,Meta_PSO,7,20.0,50.0,11,0.6231266505493341,11.68456518514188,0.24431533205809278
kc1,rf,Meta_WOA,7,20.0,50.0,11,0.6231266505493341,11.68456518514188,0.24431533205809278
kc1,rf,Meta_GWO,42,20.0,50.0,11,0.6231266505493341,11.68456518514188,0.24431533205809278
kc1,rf,Meta_PSO,42,20.0,50.0,11,0.6231266505493341,11.68456518514188,0.24431533205809278
kc1,rf,Meta_WOA,42,20.0,50.0,11,0.6231266505493341,11.68456518514188,0.24431533205809278
kc1,rf,Meta_GWO,99,20.0,50.0,11,0.6231266505493341,11.68456518514188,0.24431533205809278
kc1,rf,Meta_PSO,99,20.0,50.0,11,0.6231266505493341,11.68456518514188,0.24431533205809278
kc1,rf,Meta_WOA,99,20.0,50.0,11,0.6231266505493341,11.68456518514188,0.24431533205809278
kc1,rf,Meta_GWO,123,20.0,50.0,11,0.6231266505493341,11.68456518514188,0.24431533205809278
kc1,rf,Meta_PSO,123,20.0,50.0,11,0.6231266505493341,11.68456518514188,0.24431533205809278
kc1,rf,Meta_WOA,123,20.0,50.0,11,0.6231266505493341,11.68456518514188,0.24431533205809278
kc1,rf,Meta_GWO,256,20.0,50.0,11,0.6231266505493341,11.68456518514188,0.24431533205809278
kc1,rf,Meta_PSO,256,20.0,50.0,11,0.6231266505493341,11.68456518514188,0.24431533205809278
kc1,rf,Meta_WOA,256,20.0,50.0,11,0.6231266505493341,11.68456518514188,0.24431533205809278
kc1,rf,Meta_GWO,512,20.0,50.0,11,0.6231266505493341,11.68456518514188,0.24431533205809278
kc1,rf,Meta_PSO,512,20.0,50.0,11,0.6231266505493341,11.68456518514188,0.24431533205809278
kc1,rf,Meta_WOA,512,20.0,50.0,11,0.6231266505493341,11.68456518514188,0.24431533205809278
kc1,rf,Meta_GWO,777,20.0,50.0,11,0.6231266505493341,11.68456518514188,0.24431533205809278
kc1,rf,Meta_PSO,777,20.0,50.0,11,0.6231266505493341,11.68456518514188,0.24431533205809278
kc1,rf,Meta_WOA,777,20.0,50.0,11,0.6231266505493341,11.68456518514188,0.24431533205809278
kc1,rf,Meta_GWO,1000,20.0,50.0,11,0.6231266505493341,11.68456518514188,0.24431533205809278
kc1,rf,Meta_PSO,1000,20.0,50.0,11,0.6231266505493341,11.68456518514188,0.24431533205809278
kc1,rf,Meta_WOA,1000,20.0,50.0,11,0.6231266505493341,11.68456518514188,0.24431533205809278
kc1,rf,Meta_GWO,2024,20.0,50.0,11,0.6231266505493341,11.68456518514188,0.24431533205809278
kc1,rf,Meta_PSO,2024,20.0,50.0,11,0.6231266505493341,11.68456518514188,0.24431533205809278
kc1,rf,Meta_WOA,2024,20.0,50.0,11,0.6231266505493341,11.68456518514188,0.24431533205809278
kc1,rf,Meta_GWO,0,50.0,30.0,11,0.6231266505493341,11.68456518514188,0.24431533205809278
kc1,rf,Meta_PSO,0,50.0,30.0,11,0.6231266505493341,11.68456518514188,0.24431533205809278
kc1,rf,Meta_WOA,0,50.0,30.0,11,0.6231266505493341,11.68456518514188,0.24431533205809278
kc1,rf,Meta_GWO,7,50.0,30.0,11,0.6231266505493341,11.68456518514188,0.24431533205809278
kc1,rf,Meta_PSO,7,50.0,30.0,11,0.6231266505493341,11.68456518514188,0.24431533205809278
kc1,rf,Meta_WOA,7,50.0,30.0,11,0.6231266505493341,11.68456518514188,0.24431533205809278
kc1,rf,Meta_GWO,42,50.0,30.0,11,0.6231266505493341,11.68456518514188,0.24431533205809278
kc1,rf,Meta_PSO,42,50.0,30.0,11,0.6231266505493341,11.68456518514188,0.24431533205809278
kc1,rf,Meta_WOA,42,50.0,30.0,11,0.6231266505493341,11.68456518514188,0.24431533205809278
kc1,rf,Meta_GWO,99,50.0,30.0,11,0.6231266505493341,11.68456518514188,0.24431533205809278
kc1,rf,Meta_PSO,99,50.0,30.0,11,0.6231266505493341,11.68456518514188,0.24431533205809278
kc1,rf,Meta_WOA,99,50.0,30.0,11,0.6231266505493341,11.68456518514188,0.24431533205809278
kc1,rf,Meta_GWO,123,50.0,30.0,11,0.6231266505493341,11.68456518514188,0.24431533205809278
kc1,rf,Meta_PSO,123,50.0,30.0,11,0.6231266505493341,11.68456518514188,0.24431533205809278
kc1,rf,Meta_WOA,123,50.0,30.0,11,0.6231266505493341,11.68456518514188,0.24431533205809278
kc1,rf,Meta_GWO,256,50.0,30.0,11,0.6231266505493341,11.68456518514188,0.24431533205809278
kc1,rf,Meta_PSO,256,50.0,30.0,11,0.6231266505493341,11.68456518514188,0.24431533205809278
kc1,rf,Meta_WOA,256,50.0,30.0,11,0.6231266505493341,11.68456518514188,0.24431533205809278
kc1,rf,Meta_GWO,512,50.0,30.0,11,0.6231266505493341,11.68456518514188,0.24431533205809278
kc1,rf,Meta_PSO,512,50.0,30.0,11,0.6231266505493341,11.68456518514188,0.24431533205809278
kc1,rf,Meta_WOA,512,50.0,30.0,11,0.6231266505493341,11.68456518514188,0.24431533205809278
kc1,rf,Meta_GWO,777,50.0,30.0,11,0.6231266505493341,11.68456518514188,0.24431533205809278
kc1,rf,Meta_PSO,777,50.0,30.0,11,0.6231266505493341,11.68456518514188,0.24431533205809278
kc1,rf,Meta_WOA,777,50.0,30.0,11,0.6231266505493341,11.68456518514188,0.24431533205809278
kc1,rf,Meta_GWO,1000,50.0,30.0,11,0.6231266505493341,11.68456518514188,0.24431533205809278
kc1,rf,Meta_PSO,1000,50.0,30.0,11,0.6231266505493341,11.68456518514188,0.24431533205809278
kc1,rf,Meta_WOA,1000,50.0,30.0,11,0.6231266505493341,11.68456518514188,0.24431533205809278
kc1,rf,Meta_GWO,2024,50.0,30.0,11,0.6231266505493341,11.68456518514188,0.24431533205809278
kc1,rf,Meta_PSO,2024,50.0,30.0,11,0.6231266505493341,11.68456518514188,0.24431533205809278
kc1,rf,Meta_WOA,2024,50.0,30.0,11,0.6231266505493341,11.68456518514188,0.24431533205809278
kc1,rf,Meta_GWO,0,50.0,50.0,11,0.6231266505493341,11.68456518514188,0.24431533205809278
kc1,rf,Meta_PSO,0,50.0,50.0,11,0.6231266505493341,11.68456518514188,0.24431533205809278
kc1,rf,Meta_WOA,0,50.0,50.0,11,0.6231266505493341,11.68456518514188,0.24431533205809278
kc1,rf,Meta_GWO,7,50.0,50.0,11,0.6231266505493341,11.68456518514188,0.24431533205809278
kc1,rf,Meta_PSO,7,50.0,50.0,11,0.6231266505493341,11.68456518514188,0.24431533205809278
kc1,rf,Meta_WOA,7,50.0,50.0,11,0.6231266505493341,11.68456518514188,0.24431533205809278
kc1,rf,Meta_GWO,42,50.0,50.0,11,0.6231266505493341,11.68456518514188,0.24431533205809278
kc1,rf,Meta_PSO,42,50.0,50.0,11,0.6231266505493341,11.68456518514188,0.24431533205809278
kc1,rf,Meta_WOA,42,50.0,50.0,11,0.6231266505493341,11.68456518514188,0.24431533205809278
kc1,rf,Meta_GWO,99,50.0,50.0,11,0.6231266505493341,11.68456518514188,0.24431533205809278
kc1,rf,Meta_PSO,99,50.0,50.0,11,0.6231266505493341,11.68456518514188,0.24431533205809278
kc1,rf,Meta_WOA,99,50.0,50.0,11,0.6231266505493341,11.68456518514188,0.24431533205809278
kc1,rf,Meta_GWO,123,50.0,50.0,11,0.6231266505493341,11.68456518514188,0.24431533205809278
kc1,rf,Meta_PSO,123,50.0,50.0,11,0.6231266505493341,11.68456518514188,0.24431533205809278
kc1,rf,Meta_WOA,123,50.0,50.0,11,0.6231266505493341,11.68456518514188,0.24431533205809278
kc1,rf,Meta_GWO,256,50.0,50.0,11,0.6231266505493341,11.68456518514188,0.24431533205809278
kc1,rf,Meta_PSO,256,50.0,50.0,11,0.6231266505493341,11.68456518514188,0.24431533205809278
kc1,rf,Meta_WOA,256,50.0,50.0,11,0.6231266505493341,11.68456518514188,0.24431533205809278
kc1,rf,Meta_GWO,512,50.0,50.0,11,0.6231266505493341,11.68456518514188,0.24431533205809278
kc1,rf,Meta_PSO,512,50.0,50.0,11,0.6231266505493341,11.68456518514188,0.24431533205809278
kc1,rf,Meta_WOA,512,50.0,50.0,11,0.6231266505493341,11.68456518514188,0.24431533205809278
kc1,rf,Meta_GWO,777,50.0,50.0,11,0.6231266505493341,11.68456518514188,0.24431533205809278
kc1,rf,Meta_PSO,777,50.0,50.0,11,0.6231266505493341,11.68456518514188,0.24431533205809278
kc1,rf,Meta_WOA,777,50.0,50.0,11,0.6231266505493341,11.68456518514188,0.24431533205809278
kc1,rf,Meta_GWO,1000,50.0,50.0,11,0.6231266505493341,11.68456518514188,0.24431533205809278
kc1,rf,Meta_PSO,1000,50.0,50.0,11,0.6231266505493341,11.68456518514188,0.24431533205809278
kc1,rf,Meta_WOA,1000,50.0,50.0,11,0.6231266505493341,11.68456518514188,0.24431533205809278
kc1,rf,Meta_GWO,2024,50.0,50.0,11,0.6231266505493341,11.68456518514188,0.24431533205809278
kc1,rf,Meta_PSO,2024,50.0,50.0,11,0.6231266505493341,11.68456518514188,0.24431533205809278
kc1,rf,Meta_WOA,2024,50.0,50.0,11,0.6231266505493341,11.68456518514188,0.24431533205809278
kc1,rf,EvoCluster_PSO,0,20.0,30.0,2,0.6231266505493341,11.68456518514188,0.24431533205809278
kc1,rf,EvoCluster_PSO,7,20.0,30.0,2,0.6231266505493341,11.68456518514188,0.24431533205809278
kc1,rf,EvoCluster_PSO,42,20.0,30.0,2,0.6231266505493341,11.68456518514188,0.24431533205809278
kc1,rf,EvoCluster_PSO,99,20.0,30.0,2,0.6231266505493341,11.68456518514188,0.24431533205809278
kc1,rf,EvoCluster_PSO,123,20.0,30.0,2,0.6231266505493341,11.68456518514188,0.24431533205809278
kc1,rf,EvoCluster_PSO,256,20.0,30.0,2,0.6231266505493341,11.68456518514188,0.24431533205809278
kc1,rf,EvoCluster_PSO,512,20.0,30.0,2,0.6231266505493341,11.68456518514188,0.24431533205809278
kc1,rf,EvoCluster_PSO,777,20.0,30.0,2,0.6231266505493341,11.68456518514188,0.24431533205809278
kc1,rf,EvoCluster_PSO,1000,20.0,30.0,2,0.6231266505493341,11.68456518514188,0.24431533205809278
kc1,rf,EvoCluster_PSO,2024,20.0,30.0,2,0.6231266505493341,11.68456518514188,0.24431533205809278
kc1,rf,EvoCluster_PSO,0,20.0,50.0,2,0.6231266505493341,11.68456518514188,0.24431533205809278
kc1,rf,EvoCluster_PSO,7,20.0,50.0,2,0.6231266505493341,11.68456518514188,0.24431533205809278
kc1,rf,EvoCluster_PSO,42,20.0,50.0,2,0.6231266505493341,11.68456518514188,0.24431533205809278
kc1,rf,EvoCluster_PSO,99,20.0,50.0,2,0.6231266505493341,11.68456518514188,0.24431533205809278
kc1,rf,EvoCluster_PSO,123,20.0,50.0,2,0.6231266505493341,11.68456518514188,0.24431533205809278
kc1,rf,EvoCluster_PSO,256,20.0,50.0,2,0.6231266505493341,11.68456518514188,0.24431533205809278
kc1,rf,EvoCluster_PSO,512,20.0,50.0,2,0.6231266505493341,11.68456518514188,0.24431533205809278
kc1,rf,EvoCluster_PSO,777,20.0,50.0,2,0.6231266505493341,11.68456518514188,0.24431533205809278
kc1,rf,EvoCluster_PSO,1000,20.0,50.0,2,0.6231266505493341,11.68456518514188,0.24431533205809278
kc1,rf,EvoCluster_PSO,2024,20.0,50.0,2,0.6231266505493341,11.68456518514188,0.24431533205809278
kc1,rf,EvoCluster_PSO,0,50.0,30.0,2,0.6231266505493341,11.68456518514188,0.24431533205809278
kc1,rf,EvoCluster_PSO,7,50.0,30.0,2,0.6231266505493341,11.68456518514188,0.24431533205809278
kc1,rf,EvoCluster_PSO,42,50.0,30.0,2,0.6231266505493341,11.68456518514188,0.24431533205809278
kc1,rf,EvoCluster_PSO,99,50.0,30.0,2,0.6231266505493341,11.68456518514188,0.24431533205809278
kc1,rf,EvoCluster_PSO,123,50.0,30.0,2,0.6231266505493341,11.68456518514188,0.24431533205809278
kc1,rf,EvoCluster_PSO,256,50.0,30.0,2,0.6231266505493341,11.68456518514188,0.24431533205809278
kc1,rf,EvoCluster_PSO,512,50.0,30.0,2,0.6231266505493341,11.68456518514188,0.24431533205809278
kc1,rf,EvoCluster_PSO,777,50.0,30.0,2,0.6231266505493341,11.68456518514188,0.24431533205809278
kc1,rf,EvoCluster_PSO,1000,50.0,30.0,2,0.6231266505493341,11.68456518514188,0.24431533205809278
kc1,rf,EvoCluster_PSO,2024,50.0,30.0,2,0.6231266505493341,11.68456518514188,0.24431533205809278
kc1,rf,EvoCluster_PSO,0,50.0,50.0,2,0.6231266505493341,11.68456518514188,0.24431533205809278
kc1,rf,EvoCluster_PSO,7,50.0,50.0,2,0.6231266505493341,11.68456518514188,0.24431533205809278
kc1,rf,EvoCluster_PSO,42,50.0,50.0,2,0.6231266505493341,11.68456518514188,0.24431533205809278
kc1,rf,EvoCluster_PSO,99,50.0,50.0,2,0.6231266505493341,11.68456518514188,0.24431533205809278
kc1,rf,EvoCluster_PSO,123,50.0,50.0,2,0.6231266505493341,11.68456518514188,0.24431533205809278
kc1,rf,EvoCluster_PSO,256,50.0,50.0,2,0.6231266505493341,11.68456518514188,0.24431533205809278
kc1,rf,EvoCluster_PSO,512,50.0,50.0,2,0.6231266505493341,11.68456518514188,0.24431533205809278
kc1,rf,EvoCluster_PSO,777,50.0,50.0,2,0.6231266505493341,11.68456518514188,0.24431533205809278
kc1,rf,EvoCluster_PSO,1000,50.0,50.0,2,0.6231266505493341,11.68456518514188,0.24431533205809278
kc1,rf,EvoCluster_PSO,2024,50.0,50.0,2,0.6231266505493341,11.68456518514188,0.24431533205809278
kc1,svm,AffinityPropagation,0,,,11,0.26624160592487195,58.97221851214765,0.993919017241248
kc1,svm,AffinityPropagation,7,,,11,0.26624160592487195,58.97221851214765,0.993919017241248
kc1,svm,AffinityPropagation,42,,,11,0.26624160592487195,58.97221851214765,0.993919017241248
kc1,svm,AffinityPropagation,99,,,11,0.26624160592487195,58.97221851214765,0.993919017241248
kc1,svm,AffinityPropagation,123,,,11,0.26624160592487195,58.97221851214765,0.993919017241248
kc1,svm,AffinityPropagation,256,,,11,0.26624160592487195,58.97221851214765,0.993919017241248
kc1,svm,AffinityPropagation,512,,,11,0.26624160592487195,58.97221851214765,0.993919017241248
kc1,svm,AffinityPropagation,777,,,11,0.26624160592487195,58.97221851214765,0.993919017241248
kc1,svm,AffinityPropagation,1000,,,11,0.26624160592487195,58.97221851214765,0.993919017241248
kc1,svm,AffinityPropagation,2024,,,11,0.26624160592487195,58.97221851214765,0.993919017241248
kc1,svm,Meta_GWO,0,20.0,30.0,11,0.6491819761176709,14.052140878344693,0.22882080450541212
kc1,svm,Meta_PSO,0,20.0,30.0,11,0.6491819761176709,14.052140878344693,0.22882080450541212
kc1,svm,Meta_WOA,0,20.0,30.0,11,0.6491819761176709,14.052140878344693,0.22882080450541212
kc1,svm,Meta_GWO,7,20.0,30.0,11,0.6491819761176709,14.052140878344693,0.22882080450541212
kc1,svm,Meta_PSO,7,20.0,30.0,11,0.6491819761176709,14.052140878344693,0.22882080450541212
kc1,svm,Meta_WOA,7,20.0,30.0,11,0.6491819761176709,14.052140878344693,0.22882080450541212
kc1,svm,Meta_GWO,42,20.0,30.0,11,0.6491819761176709,14.052140878344693,0.22882080450541212
kc1,svm,Meta_PSO,42,20.0,30.0,11,0.6491819761176709,14.052140878344693,0.22882080450541212
kc1,svm,Meta_WOA,42,20.0,30.0,11,0.6491819761176709,14.052140878344693,0.22882080450541212
kc1,svm,Meta_GWO,99,20.0,30.0,11,0.6491819761176709,14.052140878344693,0.22882080450541212
kc1,svm,Meta_PSO,99,20.0,30.0,11,0.6491819761176709,14.052140878344693,0.22882080450541212
kc1,svm,Meta_WOA,99,20.0,30.0,11,0.6491819761176709,14.052140878344693,0.22882080450541212
kc1,svm,Meta_GWO,123,20.0,30.0,11,0.6491819761176709,14.052140878344693,0.22882080450541212
kc1,svm,Meta_PSO,123,20.0,30.0,11,0.6491819761176709,14.052140878344693,0.22882080450541212
kc1,svm,Meta_WOA,123,20.0,30.0,11,0.6491819761176709,14.052140878344693,0.22882080450541212
kc1,svm,Meta_GWO,256,20.0,30.0,11,0.6491819761176709,14.052140878344693,0.22882080450541212
kc1,svm,Meta_PSO,256,20.0,30.0,11,0.6491819761176709,14.052140878344693,0.22882080450541212
kc1,svm,Meta_WOA,256,20.0,30.0,11,0.6491819761176709,14.052140878344693,0.22882080450541212
kc1,svm,Meta_GWO,512,20.0,30.0,11,0.6491819761176709,14.052140878344693,0.22882080450541212
kc1,svm,Meta_PSO,512,20.0,30.0,11,0.6491819761176709,14.052140878344693,0.22882080450541212
kc1,svm,Meta_WOA,512,20.0,30.0,11,0.6491819761176709,14.052140878344693,0.22882080450541212
kc1,svm,Meta_GWO,777,20.0,30.0,11,0.6491819761176709,14.052140878344693,0.22882080450541212
kc1,svm,Meta_PSO,777,20.0,30.0,11,0.6491819761176709,14.052140878344693,0.22882080450541212
kc1,svm,Meta_WOA,777,20.0,30.0,11,0.6491819761176709,14.052140878344693,0.22882080450541212
kc1,svm,Meta_GWO,1000,20.0,30.0,11,0.6491819761176709,14.052140878344693,0.22882080450541212
kc1,svm,Meta_PSO,1000,20.0,30.0,11,0.6491819761176709,14.052140878344693,0.22882080450541212
kc1,svm,Meta_WOA,1000,20.0,30.0,11,0.6491819761176709,14.052140878344693,0.22882080450541212
kc1,svm,Meta_GWO,2024,20.0,30.0,11,0.6491819761176709,14.052140878344693,0.22882080450541212
kc1,svm,Meta_PSO,2024,20.0,30.0,11,0.6491819761176709,14.052140878344693,0.22882080450541212
kc1,svm,Meta_WOA,2024,20.0,30.0,11,0.6491819761176709,14.052140878344693,0.22882080450541212
kc1,svm,Meta_GWO,0,20.0,50.0,11,0.6491819761176709,14.052140878344693,0.22882080450541212
kc1,svm,Meta_PSO,0,20.0,50.0,11,0.6491819761176709,14.052140878344693,0.22882080450541212
kc1,svm,Meta_WOA,0,20.0,50.0,11,0.6491819761176709,14.052140878344693,0.22882080450541212
kc1,svm,Meta_GWO,7,20.0,50.0,11,0.6491819761176709,14.052140878344693,0.22882080450541212
kc1,svm,Meta_PSO,7,20.0,50.0,11,0.6491819761176709,14.052140878344693,0.22882080450541212
kc1,svm,Meta_WOA,7,20.0,50.0,11,0.6491819761176709,14.052140878344693,0.22882080450541212
kc1,svm,Meta_GWO,42,20.0,50.0,11,0.6491819761176709,14.052140878344693,0.22882080450541212
kc1,svm,Meta_PSO,42,20.0,50.0,11,0.6491819761176709,14.052140878344693,0.22882080450541212
kc1,svm,Meta_WOA,42,20.0,50.0,11,0.6491819761176709,14.052140878344693,0.22882080450541212
kc1,svm,Meta_GWO,99,20.0,50.0,11,0.6491819761176709,14.052140878344693,0.22882080450541212
kc1,svm,Meta_PSO,99,20.0,50.0,11,0.6491819761176709,14.052140878344693,0.22882080450541212
kc1,svm,Meta_WOA,99,20.0,50.0,11,0.6491819761176709,14.052140878344693,0.22882080450541212
kc1,svm,Meta_GWO,123,20.0,50.0,11,0.6491819761176709,14.052140878344693,0.22882080450541212
kc1,svm,Meta_PSO,123,20.0,50.0,11,0.6491819761176709,14.052140878344693,0.22882080450541212
kc1,svm,Meta_WOA,123,20.0,50.0,11,0.6491819761176709,14.052140878344693,0.22882080450541212
kc1,svm,Meta_GWO,256,20.0,50.0,11,0.6491819761176709,14.052140878344693,0.22882080450541212
kc1,svm,Meta_PSO,256,20.0,50.0,11,0.6491819761176709,14.052140878344693,0.22882080450541212
kc1,svm,Meta_WOA,256,20.0,50.0,11,0.6491819761176709,14.052140878344693,0.22882080450541212
kc1,svm,Meta_GWO,512,20.0,50.0,11,0.6491819761176709,14.052140878344693,0.22882080450541212
kc1,svm,Meta_PSO,512,20.0,50.0,11,0.6491819761176709,14.052140878344693,0.22882080450541212
kc1,svm,Meta_WOA,512,20.0,50.0,11,0.6491819761176709,14.052140878344693,0.22882080450541212
kc1,svm,Meta_GWO,777,20.0,50.0,11,0.6491819761176709,14.052140878344693,0.22882080450541212
kc1,svm,Meta_PSO,777,20.0,50.0,11,0.6491819761176709,14.052140878344693,0.22882080450541212
kc1,svm,Meta_WOA,777,20.0,50.0,11,0.6491819761176709,14.052140878344693,0.22882080450541212
kc1,svm,Meta_GWO,1000,20.0,50.0,11,0.6491819761176709,14.052140878344693,0.22882080450541212
kc1,svm,Meta_PSO,1000,20.0,50.0,11,0.6491819761176709,14.052140878344693,0.22882080450541212
kc1,svm,Meta_WOA,1000,20.0,50.0,11,0.6491819761176709,14.052140878344693,0.22882080450541212
kc1,svm,Meta_GWO,2024,20.0,50.0,11,0.6491819761176709,14.052140878344693,0.22882080450541212
kc1,svm,Meta_PSO,2024,20.0,50.0,11,0.6491819761176709,14.052140878344693,0.22882080450541212
kc1,svm,Meta_WOA,2024,20.0,50.0,11,0.6491819761176709,14.052140878344693,0.22882080450541212
kc1,svm,Meta_GWO,0,50.0,30.0,11,0.6491819761176709,14.052140878344693,0.22882080450541212
kc1,svm,Meta_PSO,0,50.0,30.0,11,0.6491819761176709,14.052140878344693,0.22882080450541212
kc1,svm,Meta_WOA,0,50.0,30.0,11,0.6491819761176709,14.052140878344693,0.22882080450541212
kc1,svm,Meta_GWO,7,50.0,30.0,11,0.6491819761176709,14.052140878344693,0.22882080450541212
kc1,svm,Meta_PSO,7,50.0,30.0,11,0.6491819761176709,14.052140878344693,0.22882080450541212
kc1,svm,Meta_WOA,7,50.0,30.0,11,0.6491819761176709,14.052140878344693,0.22882080450541212
kc1,svm,Meta_GWO,42,50.0,30.0,11,0.6491819761176709,14.052140878344693,0.22882080450541212
kc1,svm,Meta_PSO,42,50.0,30.0,11,0.6491819761176709,14.052140878344693,0.22882080450541212
kc1,svm,Meta_WOA,42,50.0,30.0,11,0.6491819761176709,14.052140878344693,0.22882080450541212
kc1,svm,Meta_GWO,99,50.0,30.0,11,0.6491819761176709,14.052140878344693,0.22882080450541212
kc1,svm,Meta_PSO,99,50.0,30.0,11,0.6491819761176709,14.052140878344693,0.22882080450541212
kc1,svm,Meta_WOA,99,50.0,30.0,11,0.6491819761176709,14.052140878344693,0.22882080450541212
kc1,svm,Meta_GWO,123,50.0,30.0,11,0.6491819761176709,14.052140878344693,0.22882080450541212
kc1,svm,Meta_PSO,123,50.0,30.0,11,0.6491819761176709,14.052140878344693,0.22882080450541212
kc1,svm,Meta_WOA,123,50.0,30.0,11,0.6491819761176709,14.052140878344693,0.22882080450541212
kc1,svm,Meta_GWO,256,50.0,30.0,11,0.6491819761176709,14.052140878344693,0.22882080450541212
kc1,svm,Meta_PSO,256,50.0,30.0,11,0.6491819761176709,14.052140878344693,0.22882080450541212
kc1,svm,Meta_WOA,256,50.0,30.0,11,0.6491819761176709,14.052140878344693,0.22882080450541212
kc1,svm,Meta_GWO,512,50.0,30.0,11,0.6491819761176709,14.052140878344693,0.22882080450541212
kc1,svm,Meta_PSO,512,50.0,30.0,11,0.6491819761176709,14.052140878344693,0.22882080450541212
kc1,svm,Meta_WOA,512,50.0,30.0,11,0.6491819761176709,14.052140878344693,0.22882080450541212
kc1,svm,Meta_GWO,777,50.0,30.0,11,0.6491819761176709,14.052140878344693,0.22882080450541212
kc1,svm,Meta_PSO,777,50.0,30.0,11,0.6491819761176709,14.052140878344693,0.22882080450541212
kc1,svm,Meta_WOA,777,50.0,30.0,11,0.6491819761176709,14.052140878344693,0.22882080450541212
kc1,svm,Meta_GWO,1000,50.0,30.0,11,0.6491819761176709,14.052140878344693,0.22882080450541212
kc1,svm,Meta_PSO,1000,50.0,30.0,11,0.6491819761176709,14.052140878344693,0.22882080450541212
kc1,svm,Meta_WOA,1000,50.0,30.0,11,0.6491819761176709,14.052140878344693,0.22882080450541212
kc1,svm,Meta_GWO,2024,50.0,30.0,11,0.6491819761176709,14.052140878344693,0.22882080450541212
kc1,svm,Meta_PSO,2024,50.0,30.0,11,0.6491819761176709,14.052140878344693,0.22882080450541212
kc1,svm,Meta_WOA,2024,50.0,30.0,11,0.6491819761176709,14.052140878344693,0.22882080450541212
kc1,svm,Meta_GWO,0,50.0,50.0,11,0.6491819761176709,14.052140878344693,0.22882080450541212
kc1,svm,Meta_PSO,0,50.0,50.0,11,0.6491819761176709,14.052140878344693,0.22882080450541212
kc1,svm,Meta_WOA,0,50.0,50.0,11,0.6491819761176709,14.052140878344693,0.22882080450541212
kc1,svm,Meta_GWO,7,50.0,50.0,11,0.6491819761176709,14.052140878344693,0.22882080450541212
kc1,svm,Meta_PSO,7,50.0,50.0,11,0.6491819761176709,14.052140878344693,0.22882080450541212
kc1,svm,Meta_WOA,7,50.0,50.0,11,0.6491819761176709,14.052140878344693,0.22882080450541212
kc1,svm,Meta_GWO,42,50.0,50.0,11,0.6491819761176709,14.052140878344693,0.22882080450541212
kc1,svm,Meta_PSO,42,50.0,50.0,11,0.6491819761176709,14.052140878344693,0.22882080450541212
kc1,svm,Meta_WOA,42,50.0,50.0,11,0.6491819761176709,14.052140878344693,0.22882080450541212
kc1,svm,Meta_GWO,99,50.0,50.0,11,0.6491819761176709,14.052140878344693,0.22882080450541212
kc1,svm,Meta_PSO,99,50.0,50.0,11,0.6491819761176709,14.052140878344693,0.22882080450541212
kc1,svm,Meta_WOA,99,50.0,50.0,11,0.6491819761176709,14.052140878344693,0.22882080450541212
kc1,svm,Meta_GWO,123,50.0,50.0,11,0.6491819761176709,14.052140878344693,0.22882080450541212
kc1,svm,Meta_PSO,123,50.0,50.0,11,0.6491819761176709,14.052140878344693,0.22882080450541212
kc1,svm,Meta_WOA,123,50.0,50.0,11,0.6491819761176709,14.052140878344693,0.22882080450541212
kc1,svm,Meta_GWO,256,50.0,50.0,11,0.6491819761176709,14.052140878344693,0.22882080450541212
kc1,svm,Meta_PSO,256,50.0,50.0,11,0.6491819761176709,14.052140878344693,0.22882080450541212
kc1,svm,Meta_WOA,256,50.0,50.0,11,0.6491819761176709,14.052140878344693,0.22882080450541212
kc1,svm,Meta_GWO,512,50.0,50.0,11,0.6491819761176709,14.052140878344693,0.22882080450541212
kc1,svm,Meta_PSO,512,50.0,50.0,11,0.6491819761176709,14.052140878344693,0.22882080450541212
kc1,svm,Meta_WOA,512,50.0,50.0,11,0.6491819761176709,14.052140878344693,0.22882080450541212
kc1,svm,Meta_GWO,777,50.0,50.0,11,0.6491819761176709,14.052140878344693,0.22882080450541212
kc1,svm,Meta_PSO,777,50.0,50.0,11,0.6491819761176709,14.052140878344693,0.22882080450541212
kc1,svm,Meta_WOA,777,50.0,50.0,11,0.6491819761176709,14.052140878344693,0.22882080450541212
kc1,svm,Meta_GWO,1000,50.0,50.0,11,0.6491819761176709,14.052140878344693,0.22882080450541212
kc1,svm,Meta_PSO,1000,50.0,50.0,11,0.6491819761176709,14.052140878344693,0.22882080450541212
kc1,svm,Meta_WOA,1000,50.0,50.0,11,0.6491819761176709,14.052140878344693,0.22882080450541212
kc1,svm,Meta_GWO,2024,50.0,50.0,11,0.6491819761176709,14.052140878344693,0.22882080450541212
kc1,svm,Meta_PSO,2024,50.0,50.0,11,0.6491819761176709,14.052140878344693,0.22882080450541212
kc1,svm,Meta_WOA,2024,50.0,50.0,11,0.6491819761176709,14.052140878344693,0.22882080450541212
kc1,svm,EvoCluster_PSO,0,20.0,30.0,2,0.6491819761176709,14.052140878344693,0.22882080450541212
kc1,svm,EvoCluster_PSO,7,20.0,30.0,2,0.6491819761176709,14.052140878344693,0.22882080450541212
kc1,svm,EvoCluster_PSO,42,20.0,30.0,2,0.6491819761176709,14.052140878344693,0.22882080450541212
kc1,svm,EvoCluster_PSO,99,20.0,30.0,2,0.6491819761176709,14.052140878344693,0.22882080450541212
kc1,svm,EvoCluster_PSO,123,20.0,30.0,2,0.6491819761176709,14.052140878344693,0.22882080450541212
kc1,svm,EvoCluster_PSO,256,20.0,30.0,2,0.6491819761176709,14.052140878344693,0.22882080450541212
kc1,svm,EvoCluster_PSO,512,20.0,30.0,2,0.6491819761176709,14.052140878344693,0.22882080450541212
kc1,svm,EvoCluster_PSO,777,20.0,30.0,2,0.6491819761176709,14.052140878344693,0.22882080450541212
kc1,svm,EvoCluster_PSO,1000,20.0,30.0,2,0.6491819761176709,14.052140878344693,0.22882080450541212
kc1,svm,EvoCluster_PSO,2024,20.0,30.0,2,0.6491819761176709,14.052140878344693,0.22882080450541212
kc1,svm,EvoCluster_PSO,0,20.0,50.0,2,0.6491819761176709,14.052140878344693,0.22882080450541212
kc1,svm,EvoCluster_PSO,7,20.0,50.0,2,0.6491819761176709,14.052140878344693,0.22882080450541212
kc1,svm,EvoCluster_PSO,42,20.0,50.0,2,0.6491819761176709,14.052140878344693,0.22882080450541212
kc1,svm,EvoCluster_PSO,99,20.0,50.0,2,0.6491819761176709,14.052140878344693,0.22882080450541212
kc1,svm,EvoCluster_PSO,123,20.0,50.0,2,0.6491819761176709,14.052140878344693,0.22882080450541212
kc1,svm,EvoCluster_PSO,256,20.0,50.0,2,0.6491819761176709,14.052140878344693,0.22882080450541212
kc1,svm,EvoCluster_PSO,512,20.0,50.0,2,0.6491819761176709,14.052140878344693,0.22882080450541212
kc1,svm,EvoCluster_PSO,777,20.0,50.0,2,0.6491819761176709,14.052140878344693,0.22882080450541212
kc1,svm,EvoCluster_PSO,1000,20.0,50.0,2,0.6491819761176709,14.052140878344693,0.22882080450541212
kc1,svm,EvoCluster_PSO,2024,20.0,50.0,2,0.6491819761176709,14.052140878344693,0.22882080450541212
kc1,svm,EvoCluster_PSO,0,50.0,30.0,2,0.6491819761176709,14.052140878344693,0.22882080450541212
kc1,svm,EvoCluster_PSO,7,50.0,30.0,2,0.6491819761176709,14.052140878344693,0.22882080450541212
kc1,svm,EvoCluster_PSO,42,50.0,30.0,2,0.6491819761176709,14.052140878344693,0.22882080450541212
kc1,svm,EvoCluster_PSO,99,50.0,30.0,2,0.6491819761176709,14.052140878344693,0.22882080450541212
kc1,svm,EvoCluster_PSO,123,50.0,30.0,2,0.6491819761176709,14.052140878344693,0.22882080450541212
kc1,svm,EvoCluster_PSO,256,50.0,30.0,2,0.6491819761176709,14.052140878344693,0.22882080450541212
kc1,svm,EvoCluster_PSO,512,50.0,30.0,2,0.6491819761176709,14.052140878344693,0.22882080450541212
kc1,svm,EvoCluster_PSO,777,50.0,30.0,2,0.6491819761176709,14.052140878344693,0.22882080450541212
kc1,svm,EvoCluster_PSO,1000,50.0,30.0,2,0.6491819761176709,14.052140878344693,0.22882080450541212
kc1,svm,EvoCluster_PSO,2024,50.0,30.0,2,0.6491819761176709,14.052140878344693,0.22882080450541212
kc1,svm,EvoCluster_PSO,0,50.0,50.0,2,0.6491819761176709,14.052140878344693,0.22882080450541212
kc1,svm,EvoCluster_PSO,7,50.0,50.0,2,0.6491819761176709,14.052140878344693,0.22882080450541212
kc1,svm,EvoCluster_PSO,42,50.0,50.0,2,0.6491819761176709,14.052140878344693,0.22882080450541212
kc1,svm,EvoCluster_PSO,99,50.0,50.0,2,0.6491819761176709,14.052140878344693,0.22882080450541212
kc1,svm,EvoCluster_PSO,123,50.0,50.0,2,0.6491819761176709,14.052140878344693,0.22882080450541212
kc1,svm,EvoCluster_PSO,256,50.0,50.0,2,0.6491819761176709,14.052140878344693,0.22882080450541212
kc1,svm,EvoCluster_PSO,512,50.0,50.0,2,0.6491819761176709,14.052140878344693,0.22882080450541212
kc1,svm,EvoCluster_PSO,777,50.0,50.0,2,0.6491819761176709,14.052140878344693,0.22882080450541212
kc1,svm,EvoCluster_PSO,1000,50.0,50.0,2,0.6491819761176709,14.052140878344693,0.22882080450541212
kc1,svm,EvoCluster_PSO,2024,50.0,50.0,2,0.6491819761176709,14.052140878344693,0.22882080450541212
kc1,xgb,AffinityPropagation,0,,,13,0.26655687468682365,52.68688752152258,0.6959743626310471
kc1,xgb,AffinityPropagation,7,,,13,0.26655687468682365,52.68688752152258,0.6959743626310471
kc1,xgb,AffinityPropagation,42,,,13,0.26655687468682365,52.68688752152258,0.6959743626310471
kc1,xgb,AffinityPropagation,99,,,13,0.26655687468682365,52.68688752152258,0.6959743626310471
kc1,xgb,AffinityPropagation,123,,,13,0.26655687468682365,52.68688752152258,0.6959743626310471
kc1,xgb,AffinityPropagation,256,,,13,0.26655687468682365,52.68688752152258,0.6959743626310471
kc1,xgb,AffinityPropagation,512,,,13,0.26655687468682365,52.68688752152258,0.6959743626310471
kc1,xgb,AffinityPropagation,777,,,13,0.26655687468682365,52.68688752152258,0.6959743626310471
kc1,xgb,AffinityPropagation,1000,,,13,0.26655687468682365,52.68688752152258,0.6959743626310471
kc1,xgb,AffinityPropagation,2024,,,13,0.26655687468682365,52.68688752152258,0.6959743626310471
kc1,xgb,Meta_GWO,0,20.0,30.0,13,0.6929454076882607,17.517606466029182,0.196032530818457
kc1,xgb,Meta_PSO,0,20.0,30.0,13,0.6929454076882607,17.517606466029182,0.196032530818457
kc1,xgb,Meta_WOA,0,20.0,30.0,13,0.6929454076882607,17.517606466029182,0.196032530818457
kc1,xgb,Meta_GWO,7,20.0,30.0,13,0.6929454076882607,17.517606466029182,0.196032530818457
kc1,xgb,Meta_PSO,7,20.0,30.0,13,0.6929454076882607,17.517606466029182,0.196032530818457
kc1,xgb,Meta_WOA,7,20.0,30.0,13,0.6929454076882607,17.517606466029182,0.196032530818457
kc1,xgb,Meta_GWO,42,20.0,30.0,13,0.6929454076882607,17.517606466029182,0.196032530818457
kc1,xgb,Meta_PSO,42,20.0,30.0,13,0.6929454076882607,17.517606466029182,0.196032530818457
kc1,xgb,Meta_WOA,42,20.0,30.0,13,0.6929454076882607,17.517606466029182,0.196032530818457
kc1,xgb,Meta_GWO,99,20.0,30.0,13,0.6929454076882607,17.517606466029182,0.196032530818457
kc1,xgb,Meta_PSO,99,20.0,30.0,13,0.6929454076882607,17.517606466029182,0.196032530818457
kc1,xgb,Meta_WOA,99,20.0,30.0,13,0.6929454076882607,17.517606466029182,0.196032530818457
kc1,xgb,Meta_GWO,123,20.0,30.0,13,0.6929454076882607,17.517606466029182,0.196032530818457
kc1,xgb,Meta_PSO,123,20.0,30.0,13,0.6929454076882607,17.517606466029182,0.196032530818457
kc1,xgb,Meta_WOA,123,20.0,30.0,13,0.5458065737063618,15.467217754111042,0.23933238925153008
kc1,xgb,Meta_GWO,256,20.0,30.0,13,0.6929454076882607,17.517606466029182,0.196032530818457
kc1,xgb,Meta_PSO,256,20.0,30.0,13,0.6929454076882607,17.517606466029182,0.196032530818457
kc1,xgb,Meta_WOA,256,20.0,30.0,13,0.6929454076882607,17.517606466029182,0.196032530818457
kc1,xgb,Meta_GWO,512,20.0,30.0,13,0.6929454076882607,17.517606466029182,0.196032530818457
kc1,xgb,Meta_PSO,512,20.0,30.0,13,0.6929454076882607,17.517606466029182,0.196032530818457
kc1,xgb,Meta_WOA,512,20.0,30.0,13,0.6929454076882607,17.517606466029182,0.196032530818457
kc1,xgb,Meta_GWO,777,20.0,30.0,13,0.6929454076882607,17.517606466029182,0.196032530818457
kc1,xgb,Meta_PSO,777,20.0,30.0,13,0.6929454076882607,17.517606466029182,0.196032530818457
kc1,xgb,Meta_WOA,777,20.0,30.0,13,0.6929454076882607,17.517606466029182,0.196032530818457
kc1,xgb,Meta_GWO,1000,20.0,30.0,13,0.6929454076882607,17.517606466029182,0.196032530818457
kc1,xgb,Meta_PSO,1000,20.0,30.0,13,0.6929454076882607,17.517606466029182,0.196032530818457
kc1,xgb,Meta_WOA,1000,20.0,30.0,13,0.6929454076882607,17.517606466029182,0.196032530818457
kc1,xgb,Meta_GWO,2024,20.0,30.0,13,0.6929454076882607,17.517606466029182,0.196032530818457
kc1,xgb,Meta_PSO,2024,20.0,30.0,13,0.6929454076882607,17.517606466029182,0.196032530818457
kc1,xgb,Meta_WOA,2024,20.0,30.0,13,0.6929454076882607,17.517606466029182,0.196032530818457
kc1,xgb,Meta_GWO,0,20.0,50.0,13,0.6929454076882607,17.517606466029182,0.196032530818457
kc1,xgb,Meta_PSO,0,20.0,50.0,13,0.6929454076882607,17.517606466029182,0.196032530818457
kc1,xgb,Meta_WOA,0,20.0,50.0,13,0.6929454076882607,17.517606466029182,0.196032530818457
kc1,xgb,Meta_GWO,7,20.0,50.0,13,0.6929454076882607,17.517606466029182,0.196032530818457
kc1,xgb,Meta_PSO,7,20.0,50.0,13,0.6929454076882607,17.517606466029182,0.196032530818457
kc1,xgb,Meta_WOA,7,20.0,50.0,13,0.6929454076882607,17.517606466029182,0.196032530818457
kc1,xgb,Meta_GWO,42,20.0,50.0,13,0.6929454076882607,17.517606466029182,0.196032530818457
kc1,xgb,Meta_PSO,42,20.0,50.0,13,0.6929454076882607,17.517606466029182,0.196032530818457
kc1,xgb,Meta_WOA,42,20.0,50.0,13,0.6929454076882607,17.517606466029182,0.196032530818457
kc1,xgb,Meta_GWO,99,20.0,50.0,13,0.6929454076882607,17.517606466029182,0.196032530818457
kc1,xgb,Meta_PSO,99,20.0,50.0,13,0.6929454076882607,17.517606466029182,0.196032530818457
kc1,xgb,Meta_WOA,99,20.0,50.0,13,0.6929454076882607,17.517606466029182,0.196032530818457
kc1,xgb,Meta_GWO,123,20.0,50.0,13,0.6929454076882607,17.517606466029182,0.196032530818457
kc1,xgb,Meta_PSO,123,20.0,50.0,13,0.6929454076882607,17.517606466029182,0.196032530818457
kc1,xgb,Meta_WOA,123,20.0,50.0,13,0.6929454076882607,17.517606466029182,0.196032530818457
kc1,xgb,Meta_GWO,256,20.0,50.0,13,0.6929454076882607,17.517606466029182,0.196032530818457
kc1,xgb,Meta_PSO,256,20.0,50.0,13,0.6929454076882607,17.517606466029182,0.196032530818457
kc1,xgb,Meta_WOA,256,20.0,50.0,13,0.6929454076882607,17.517606466029182,0.196032530818457
kc1,xgb,Meta_GWO,512,20.0,50.0,13,0.6929454076882607,17.517606466029182,0.196032530818457
kc1,xgb,Meta_PSO,512,20.0,50.0,13,0.6929454076882607,17.517606466029182,0.196032530818457
kc1,xgb,Meta_WOA,512,20.0,50.0,13,0.6929454076882607,17.517606466029182,0.196032530818457
kc1,xgb,Meta_GWO,777,20.0,50.0,13,0.6929454076882607,17.517606466029182,0.196032530818457
kc1,xgb,Meta_PSO,777,20.0,50.0,13,0.6929454076882607,17.517606466029182,0.196032530818457
kc1,xgb,Meta_WOA,777,20.0,50.0,13,0.6929454076882607,17.517606466029182,0.196032530818457
kc1,xgb,Meta_GWO,1000,20.0,50.0,13,0.6929454076882607,17.517606466029182,0.196032530818457
kc1,xgb,Meta_PSO,1000,20.0,50.0,13,0.6929454076882607,17.517606466029182,0.196032530818457
kc1,xgb,Meta_WOA,1000,20.0,50.0,13,0.6929454076882607,17.517606466029182,0.196032530818457
kc1,xgb,Meta_GWO,2024,20.0,50.0,13,0.6929454076882607,17.517606466029182,0.196032530818457
kc1,xgb,Meta_PSO,2024,20.0,50.0,13,0.6929454076882607,17.517606466029182,0.196032530818457
kc1,xgb,Meta_WOA,2024,20.0,50.0,13,0.6929454076882607,17.517606466029182,0.196032530818457
kc1,xgb,Meta_GWO,0,50.0,30.0,13,0.6929454076882607,17.517606466029182,0.196032530818457
kc1,xgb,Meta_PSO,0,50.0,30.0,13,0.6929454076882607,17.517606466029182,0.196032530818457
kc1,xgb,Meta_WOA,0,50.0,30.0,13,0.6929454076882607,17.517606466029182,0.196032530818457
kc1,xgb,Meta_GWO,7,50.0,30.0,13,0.6929454076882607,17.517606466029182,0.196032530818457
kc1,xgb,Meta_PSO,7,50.0,30.0,13,0.6929454076882607,17.517606466029182,0.196032530818457
kc1,xgb,Meta_WOA,7,50.0,30.0,13,0.6929454076882607,17.517606466029182,0.196032530818457
kc1,xgb,Meta_GWO,42,50.0,30.0,13,0.6929454076882607,17.517606466029182,0.196032530818457
kc1,xgb,Meta_PSO,42,50.0,30.0,13,0.6929454076882607,17.517606466029182,0.196032530818457
kc1,xgb,Meta_WOA,42,50.0,30.0,13,0.6929454076882607,17.517606466029182,0.196032530818457
kc1,xgb,Meta_GWO,99,50.0,30.0,13,0.6929454076882607,17.517606466029182,0.196032530818457
kc1,xgb,Meta_PSO,99,50.0,30.0,13,0.6929454076882607,17.517606466029182,0.196032530818457
kc1,xgb,Meta_WOA,99,50.0,30.0,13,0.6929454076882607,17.517606466029182,0.196032530818457
kc1,xgb,Meta_GWO,123,50.0,30.0,13,0.6929454076882607,17.517606466029182,0.196032530818457
kc1,xgb,Meta_PSO,123,50.0,30.0,13,0.6929454076882607,17.517606466029182,0.196032530818457
kc1,xgb,Meta_WOA,123,50.0,30.0,13,0.6929454076882607,17.517606466029182,0.196032530818457
kc1,xgb,Meta_GWO,256,50.0,30.0,13,0.6929454076882607,17.517606466029182,0.196032530818457
kc1,xgb,Meta_PSO,256,50.0,30.0,13,0.6929454076882607,17.517606466029182,0.196032530818457
kc1,xgb,Meta_WOA,256,50.0,30.0,13,0.6929454076882607,17.517606466029182,0.196032530818457
kc1,xgb,Meta_GWO,512,50.0,30.0,13,0.6929454076882607,17.517606466029182,0.196032530818457
kc1,xgb,Meta_PSO,512,50.0,30.0,13,0.6929454076882607,17.517606466029182,0.196032530818457
kc1,xgb,Meta_WOA,512,50.0,30.0,13,0.6929454076882607,17.517606466029182,0.196032530818457
kc1,xgb,Meta_GWO,777,50.0,30.0,13,0.6929454076882607,17.517606466029182,0.196032530818457
kc1,xgb,Meta_PSO,777,50.0,30.0,13,0.6929454076882607,17.517606466029182,0.196032530818457
kc1,xgb,Meta_WOA,777,50.0,30.0,13,0.6929454076882607,17.517606466029182,0.196032530818457
kc1,xgb,Meta_GWO,1000,50.0,30.0,13,0.6929454076882607,17.517606466029182,0.196032530818457
kc1,xgb,Meta_PSO,1000,50.0,30.0,13,0.6929454076882607,17.517606466029182,0.196032530818457
kc1,xgb,Meta_WOA,1000,50.0,30.0,13,0.6929454076882607,17.517606466029182,0.196032530818457
kc1,xgb,Meta_GWO,2024,50.0,30.0,13,0.6929454076882607,17.517606466029182,0.196032530818457
kc1,xgb,Meta_PSO,2024,50.0,30.0,13,0.6929454076882607,17.517606466029182,0.196032530818457
kc1,xgb,Meta_WOA,2024,50.0,30.0,13,0.6929454076882607,17.517606466029182,0.196032530818457
kc1,xgb,Meta_GWO,0,50.0,50.0,13,0.6929454076882607,17.517606466029182,0.196032530818457
kc1,xgb,Meta_PSO,0,50.0,50.0,13,0.6929454076882607,17.517606466029182,0.196032530818457
kc1,xgb,Meta_WOA,0,50.0,50.0,13,0.6929454076882607,17.517606466029182,0.196032530818457
kc1,xgb,Meta_GWO,7,50.0,50.0,13,0.6929454076882607,17.517606466029182,0.196032530818457
kc1,xgb,Meta_PSO,7,50.0,50.0,13,0.6929454076882607,17.517606466029182,0.196032530818457
kc1,xgb,Meta_WOA,7,50.0,50.0,13,0.6929454076882607,17.517606466029182,0.196032530818457
kc1,xgb,Meta_GWO,42,50.0,50.0,13,0.6929454076882607,17.517606466029182,0.196032530818457
kc1,xgb,Meta_PSO,42,50.0,50.0,13,0.6929454076882607,17.517606466029182,0.196032530818457
kc1,xgb,Meta_WOA,42,50.0,50.0,13,0.6929454076882607,17.517606466029182,0.196032530818457
kc1,xgb,Meta_GWO,99,50.0,50.0,13,0.6929454076882607,17.517606466029182,0.196032530818457
kc1,xgb,Meta_PSO,99,50.0,50.0,13,0.6929454076882607,17.517606466029182,0.196032530818457
kc1,xgb,Meta_WOA,99,50.0,50.0,13,0.6929454076882607,17.517606466029182,0.196032530818457
kc1,xgb,Meta_GWO,123,50.0,50.0,13,0.6929454076882607,17.517606466029182,0.196032530818457
kc1,xgb,Meta_PSO,123,50.0,50.0,13,0.6929454076882607,17.517606466029182,0.196032530818457
kc1,xgb,Meta_WOA,123,50.0,50.0,13,0.6929454076882607,17.517606466029182,0.196032530818457
kc1,xgb,Meta_GWO,256,50.0,50.0,13,0.6929454076882607,17.517606466029182,0.196032530818457
kc1,xgb,Meta_PSO,256,50.0,50.0,13,0.6929454076882607,17.517606466029182,0.196032530818457
kc1,xgb,Meta_WOA,256,50.0,50.0,13,0.6929454076882607,17.517606466029182,0.196032530818457
kc1,xgb,Meta_GWO,512,50.0,50.0,13,0.6929454076882607,17.517606466029182,0.196032530818457
kc1,xgb,Meta_PSO,512,50.0,50.0,13,0.6929454076882607,17.517606466029182,0.196032530818457
kc1,xgb,Meta_WOA,512,50.0,50.0,13,0.6929454076882607,17.517606466029182,0.196032530818457
kc1,xgb,Meta_GWO,777,50.0,50.0,13,0.6929454076882607,17.517606466029182,0.196032530818457
kc1,xgb,Meta_PSO,777,50.0,50.0,13,0.6929454076882607,17.517606466029182,0.196032530818457
kc1,xgb,Meta_WOA,777,50.0,50.0,13,0.6929454076882607,17.517606466029182,0.196032530818457
kc1,xgb,Meta_GWO,1000,50.0,50.0,13,0.6929454076882607,17.517606466029182,0.196032530818457
kc1,xgb,Meta_PSO,1000,50.0,50.0,13,0.6929454076882607,17.517606466029182,0.196032530818457
kc1,xgb,Meta_WOA,1000,50.0,50.0,13,0.6929454076882607,17.517606466029182,0.196032530818457
kc1,xgb,Meta_GWO,2024,50.0,50.0,13,0.6929454076882607,17.517606466029182,0.196032530818457
kc1,xgb,Meta_PSO,2024,50.0,50.0,13,0.6929454076882607,17.517606466029182,0.196032530818457
kc1,xgb,Meta_WOA,2024,50.0,50.0,13,0.6929454076882607,17.517606466029182,0.196032530818457
kc1,xgb,EvoCluster_PSO,0,20.0,30.0,2,0.6929454076882607,17.517606466029182,0.196032530818457
kc1,xgb,EvoCluster_PSO,7,20.0,30.0,2,0.6929454076882607,17.517606466029182,0.196032530818457
kc1,xgb,EvoCluster_PSO,42,20.0,30.0,2,0.6929454076882607,17.517606466029182,0.196032530818457
kc1,xgb,EvoCluster_PSO,99,20.0,30.0,2,0.6929454076882607,17.517606466029182,0.196032530818457
kc1,xgb,EvoCluster_PSO,123,20.0,30.0,2,0.6929454076882607,17.517606466029182,0.196032530818457
kc1,xgb,EvoCluster_PSO,256,20.0,30.0,2,0.6929454076882607,17.517606466029182,0.196032530818457
kc1,xgb,EvoCluster_PSO,512,20.0,30.0,2,0.6929454076882607,17.517606466029182,0.196032530818457
kc1,xgb,EvoCluster_PSO,777,20.0,30.0,2,0.6929454076882607,17.517606466029182,0.196032530818457
kc1,xgb,EvoCluster_PSO,1000,20.0,30.0,2,0.6929454076882607,17.517606466029182,0.196032530818457
kc1,xgb,EvoCluster_PSO,2024,20.0,30.0,2,0.6929454076882607,17.517606466029182,0.196032530818457
kc1,xgb,EvoCluster_PSO,0,20.0,50.0,2,0.6929454076882607,17.517606466029182,0.196032530818457
kc1,xgb,EvoCluster_PSO,7,20.0,50.0,2,0.6929454076882607,17.517606466029182,0.196032530818457
kc1,xgb,EvoCluster_PSO,42,20.0,50.0,2,0.6929454076882607,17.517606466029182,0.196032530818457
kc1,xgb,EvoCluster_PSO,99,20.0,50.0,2,0.6929454076882607,17.517606466029182,0.196032530818457
kc1,xgb,EvoCluster_PSO,123,20.0,50.0,2,0.6929454076882607,17.517606466029182,0.196032530818457
kc1,xgb,EvoCluster_PSO,256,20.0,50.0,2,0.6929454076882607,17.517606466029182,0.196032530818457
kc1,xgb,EvoCluster_PSO,512,20.0,50.0,2,0.6929454076882607,17.517606466029182,0.196032530818457
kc1,xgb,EvoCluster_PSO,777,20.0,50.0,2,0.6929454076882607,17.517606466029182,0.196032530818457
kc1,xgb,EvoCluster_PSO,1000,20.0,50.0,2,0.6929454076882607,17.517606466029182,0.196032530818457
kc1,xgb,EvoCluster_PSO,2024,20.0,50.0,2,0.6929454076882607,17.517606466029182,0.196032530818457
kc1,xgb,EvoCluster_PSO,0,50.0,30.0,2,0.6929454076882607,17.517606466029182,0.196032530818457
kc1,xgb,EvoCluster_PSO,7,50.0,30.0,2,0.6929454076882607,17.517606466029182,0.196032530818457
kc1,xgb,EvoCluster_PSO,42,50.0,30.0,2,0.6929454076882607,17.517606466029182,0.196032530818457
kc1,xgb,EvoCluster_PSO,99,50.0,30.0,2,0.6929454076882607,17.517606466029182,0.196032530818457
kc1,xgb,EvoCluster_PSO,123,50.0,30.0,2,0.6929454076882607,17.517606466029182,0.196032530818457
kc1,xgb,EvoCluster_PSO,256,50.0,30.0,2,0.6929454076882607,17.517606466029182,0.196032530818457
kc1,xgb,EvoCluster_PSO,512,50.0,30.0,2,0.6929454076882607,17.517606466029182,0.196032530818457
kc1,xgb,EvoCluster_PSO,777,50.0,30.0,2,0.6929454076882607,17.517606466029182,0.196032530818457
kc1,xgb,EvoCluster_PSO,1000,50.0,30.0,2,0.6929454076882607,17.517606466029182,0.196032530818457
kc1,xgb,EvoCluster_PSO,2024,50.0,30.0,2,0.6929454076882607,17.517606466029182,0.196032530818457
kc1,xgb,EvoCluster_PSO,0,50.0,50.0,2,0.6929454076882607,17.517606466029182,0.196032530818457
kc1,xgb,EvoCluster_PSO,7,50.0,50.0,2,0.6929454076882607,17.517606466029182,0.196032530818457
kc1,xgb,EvoCluster_PSO,42,50.0,50.0,2,0.6929454076882607,17.517606466029182,0.196032530818457
kc1,xgb,EvoCluster_PSO,99,50.0,50.0,2,0.6929454076882607,17.517606466029182,0.196032530818457
kc1,xgb,EvoCluster_PSO,123,50.0,50.0,2,0.6929454076882607,17.517606466029182,0.196032530818457
kc1,xgb,EvoCluster_PSO,256,50.0,50.0,2,0.6929454076882607,17.517606466029182,0.196032530818457
kc1,xgb,EvoCluster_PSO,512,50.0,50.0,2,0.6929454076882607,17.517606466029182,0.196032530818457
kc1,xgb,EvoCluster_PSO,777,50.0,50.0,2,0.6929454076882607,17.517606466029182,0.196032530818457
kc1,xgb,EvoCluster_PSO,1000,50.0,50.0,2,0.6929454076882607,17.517606466029182,0.196032530818457
kc1,xgb,EvoCluster_PSO,2024,50.0,50.0,2,0.6929454076882607,17.517606466029182,0.196032530818457
ozone-level-8hr,rf,AffinityPropagation,0,,,8,0.12328167949310717,7.192155549909691,1.3158870718157032
ozone-level-8hr,rf,AffinityPropagation,7,,,8,0.12328167949310717,7.192155549909691,1.3158870718157032
ozone-level-8hr,rf,AffinityPropagation,42,,,8,0.12328167949310717,7.192155549909691,1.3158870718157032
ozone-level-8hr,rf,AffinityPropagation,99,,,8,0.12328167949310717,7.192155549909691,1.3158870718157032
ozone-level-8hr,rf,AffinityPropagation,123,,,8,0.12328167949310717,7.192155549909691,1.3158870718157032
ozone-level-8hr,rf,AffinityPropagation,256,,,8,0.12328167949310717,7.192155549909691,1.3158870718157032
ozone-level-8hr,rf,AffinityPropagation,512,,,8,0.12328167949310717,7.192155549909691,1.3158870718157032
ozone-level-8hr,rf,AffinityPropagation,777,,,8,0.12328167949310717,7.192155549909691,1.3158870718157032
ozone-level-8hr,rf,AffinityPropagation,1000,,,8,0.12328167949310717,7.192155549909691,1.3158870718157032
ozone-level-8hr,rf,AffinityPropagation,2024,,,8,0.12328167949310717,7.192155549909691,1.3158870718157032
ozone-level-8hr,rf,Meta_GWO,0,20.0,30.0,8,0.43698814749899173,5.375414662278836,0.40498147871635415
ozone-level-8hr,rf,Meta_PSO,0,20.0,30.0,8,0.43698814749899173,5.375414662278836,0.40498147871635415
ozone-level-8hr,rf,Meta_WOA,0,20.0,30.0,8,0.43698814749899173,5.375414662278836,0.40498147871635415
ozone-level-8hr,rf,Meta_GWO,7,20.0,30.0,8,0.43698814749899173,5.375414662278836,0.40498147871635415
ozone-level-8hr,rf,Meta_PSO,7,20.0,30.0,8,0.43698814749899173,5.375414662278836,0.40498147871635415
ozone-level-8hr,rf,Meta_WOA,7,20.0,30.0,8,0.43698814749899173,5.375414662278836,0.40498147871635415
ozone-level-8hr,rf,Meta_GWO,42,20.0,30.0,8,0.43698814749899173,5.375414662278836,0.40498147871635415
ozone-level-8hr,rf,Meta_PSO,42,20.0,30.0,8,0.43698814749899173,5.375414662278836,0.40498147871635415
ozone-level-8hr,rf,Meta_WOA,42,20.0,30.0,8,0.43698814749899173,5.375414662278836,0.40498147871635415
ozone-level-8hr,rf,Meta_GWO,99,20.0,30.0,8,0.43698814749899173,5.375414662278836,0.40498147871635415
ozone-level-8hr,rf,Meta_PSO,99,20.0,30.0,8,0.43698814749899173,5.375414662278836,0.40498147871635415
ozone-level-8hr,rf,Meta_WOA,99,20.0,30.0,8,0.43698814749899173,5.375414662278836,0.40498147871635415
ozone-level-8hr,rf,Meta_GWO,123,20.0,30.0,8,0.43698814749899173,5.375414662278836,0.40498147871635415
ozone-level-8hr,rf,Meta_PSO,123,20.0,30.0,8,0.43698814749899173,5.375414662278836,0.40498147871635415
ozone-level-8hr,rf,Meta_WOA,123,20.0,30.0,8,0.43698814749899173,5.375414662278836,0.40498147871635415
ozone-level-8hr,rf,Meta_GWO,256,20.0,30.0,8,0.43698814749899173,5.375414662278836,0.40498147871635415
ozone-level-8hr,rf,Meta_PSO,256,20.0,30.0,8,0.43698814749899173,5.375414662278836,0.40498147871635415
ozone-level-8hr,rf,Meta_WOA,256,20.0,30.0,8,0.43698814749899173,5.375414662278836,0.40498147871635415
ozone-level-8hr,rf,Meta_GWO,512,20.0,30.0,8,0.43698814749899173,5.375414662278836,0.40498147871635415
ozone-level-8hr,rf,Meta_PSO,512,20.0,30.0,8,0.43698814749899173,5.375414662278836,0.40498147871635415
ozone-level-8hr,rf,Meta_WOA,512,20.0,30.0,8,0.18742241012021152,2.0641047037271036,0.6442410261041823
ozone-level-8hr,rf,Meta_GWO,777,20.0,30.0,8,0.43698814749899173,5.375414662278836,0.40498147871635415
ozone-level-8hr,rf,Meta_PSO,777,20.0,30.0,8,0.43698814749899173,5.375414662278836,0.40498147871635415
ozone-level-8hr,rf,Meta_WOA,777,20.0,30.0,8,0.43698814749899173,5.375414662278836,0.40498147871635415
ozone-level-8hr,rf,Meta_GWO,1000,20.0,30.0,8,0.43698814749899173,5.375414662278836,0.40498147871635415
ozone-level-8hr,rf,Meta_PSO,1000,20.0,30.0,8,0.43698814749899173,5.375414662278836,0.40498147871635415
ozone-level-8hr,rf,Meta_WOA,1000,20.0,30.0,8,0.43698814749899173,5.375414662278836,0.40498147871635415
ozone-level-8hr,rf,Meta_GWO,2024,20.0,30.0,8,0.43698814749899173,5.375414662278836,0.40498147871635415
ozone-level-8hr,rf,Meta_PSO,2024,20.0,30.0,8,0.43698814749899173,5.375414662278836,0.40498147871635415
ozone-level-8hr,rf,Meta_WOA,2024,20.0,30.0,8,0.43698814749899173,5.375414662278836,0.40498147871635415
ozone-level-8hr,rf,Meta_GWO,0,20.0,50.0,8,0.43698814749899173,5.375414662278836,0.40498147871635415
ozone-level-8hr,rf,Meta_PSO,0,20.0,50.0,8,0.43698814749899173,5.375414662278836,0.40498147871635415
ozone-level-8hr,rf,Meta_WOA,0,20.0,50.0,8,0.43698814749899173,5.375414662278836,0.40498147871635415
ozone-level-8hr,rf,Meta_GWO,7,20.0,50.0,8,0.43698814749899173,5.375414662278836,0.40498147871635415
ozone-level-8hr,rf,Meta_PSO,7,20.0,50.0,8,0.43698814749899173,5.375414662278836,0.40498147871635415
ozone-level-8hr,rf,Meta_WOA,7,20.0,50.0,8,0.43698814749899173,5.375414662278836,0.40498147871635415
ozone-level-8hr,rf,Meta_GWO,42,20.0,50.0,8,0.43698814749899173,5.375414662278836,0.40498147871635415
ozone-level-8hr,rf,Meta_PSO,42,20.0,50.0,8,0.43698814749899173,5.375414662278836,0.40498147871635415
ozone-level-8hr,rf,Meta_WOA,42,20.0,50.0,8,0.43698814749899173,5.375414662278836,0.40498147871635415
ozone-level-8hr,rf,Meta_GWO,99,20.0,50.0,8,0.43698814749899173,5.375414662278836,0.40498147871635415
ozone-level-8hr,rf,Meta_PSO,99,20.0,50.0,8,0.43698814749899173,5.375414662278836,0.40498147871635415
ozone-level-8hr,rf,Meta_WOA,99,20.0,50.0,8,0.43698814749899173,5.375414662278836,0.40498147871635415
ozone-level-8hr,rf,Meta_GWO,123,20.0,50.0,8,0.43698814749899173,5.375414662278836,0.40498147871635415
ozone-level-8hr,rf,Meta_PSO,123,20.0,50.0,8,0.43698814749899173,5.375414662278836,0.40498147871635415
ozone-level-8hr,rf,Meta_WOA,123,20.0,50.0,8,0.43698814749899173,5.375414662278836,0.40498147871635415
ozone-level-8hr,rf,Meta_GWO,256,20.0,50.0,8,0.43698814749899173,5.375414662278836,0.40498147871635415
ozone-level-8hr,rf,Meta_PSO,256,20.0,50.0,8,0.43698814749899173,5.375414662278836,0.40498147871635415
ozone-level-8hr,rf,Meta_WOA,256,20.0,50.0,8,0.43698814749899173,5.375414662278836,0.40498147871635415
ozone-level-8hr,rf,Meta_GWO,512,20.0,50.0,8,0.43698814749899173,5.375414662278836,0.40498147871635415
ozone-level-8hr,rf,Meta_PSO,512,20.0,50.0,8,0.43698814749899173,5.375414662278836,0.40498147871635415
ozone-level-8hr,rf,Meta_WOA,512,20.0,50.0,8,0.43698814749899173,5.375414662278836,0.40498147871635415
ozone-level-8hr,rf,Meta_GWO,777,20.0,50.0,8,0.43698814749899173,5.375414662278836,0.40498147871635415
ozone-level-8hr,rf,Meta_PSO,777,20.0,50.0,8,0.43698814749899173,5.375414662278836,0.40498147871635415
ozone-level-8hr,rf,Meta_WOA,777,20.0,50.0,8,0.43698814749899173,5.375414662278836,0.40498147871635415
ozone-level-8hr,rf,Meta_GWO,1000,20.0,50.0,8,0.43698814749899173,5.375414662278836,0.40498147871635415
ozone-level-8hr,rf,Meta_PSO,1000,20.0,50.0,8,0.43698814749899173,5.375414662278836,0.40498147871635415
ozone-level-8hr,rf,Meta_WOA,1000,20.0,50.0,8,0.43698814749899173,5.375414662278836,0.40498147871635415
ozone-level-8hr,rf,Meta_GWO,2024,20.0,50.0,8,0.43698814749899173,5.375414662278836,0.40498147871635415
ozone-level-8hr,rf,Meta_PSO,2024,20.0,50.0,8,0.43698814749899173,5.375414662278836,0.40498147871635415
ozone-level-8hr,rf,Meta_WOA,2024,20.0,50.0,8,0.43698814749899173,5.375414662278836,0.40498147871635415
ozone-level-8hr,rf,Meta_GWO,0,50.0,30.0,8,0.43698814749899173,5.375414662278836,0.40498147871635415
ozone-level-8hr,rf,Meta_PSO,0,50.0,30.0,8,0.43698814749899173,5.375414662278836,0.40498147871635415
ozone-level-8hr,rf,Meta_WOA,0,50.0,30.0,8,0.43698814749899173,5.375414662278836,0.40498147871635415
ozone-level-8hr,rf,Meta_GWO,7,50.0,30.0,8,0.43698814749899173,5.375414662278836,0.40498147871635415
ozone-level-8hr,rf,Meta_PSO,7,50.0,30.0,8,0.43698814749899173,5.375414662278836,0.40498147871635415
ozone-level-8hr,rf,Meta_WOA,7,50.0,30.0,8,0.43698814749899173,5.375414662278836,0.40498147871635415
ozone-level-8hr,rf,Meta_GWO,42,50.0,30.0,8,0.43698814749899173,5.375414662278836,0.40498147871635415
ozone-level-8hr,rf,Meta_PSO,42,50.0,30.0,8,0.43698814749899173,5.375414662278836,0.40498147871635415
ozone-level-8hr,rf,Meta_WOA,42,50.0,30.0,8,0.43698814749899173,5.375414662278836,0.40498147871635415
ozone-level-8hr,rf,Meta_GWO,99,50.0,30.0,8,0.43698814749899173,5.375414662278836,0.40498147871635415
ozone-level-8hr,rf,Meta_PSO,99,50.0,30.0,8,0.43698814749899173,5.375414662278836,0.40498147871635415
ozone-level-8hr,rf,Meta_WOA,99,50.0,30.0,8,0.43698814749899173,5.375414662278836,0.40498147871635415
ozone-level-8hr,rf,Meta_GWO,123,50.0,30.0,8,0.43698814749899173,5.375414662278836,0.40498147871635415
ozone-level-8hr,rf,Meta_PSO,123,50.0,30.0,8,0.43698814749899173,5.375414662278836,0.40498147871635415
ozone-level-8hr,rf,Meta_WOA,123,50.0,30.0,8,0.43698814749899173,5.375414662278836,0.40498147871635415
ozone-level-8hr,rf,Meta_GWO,256,50.0,30.0,8,0.43698814749899173,5.375414662278836,0.40498147871635415
ozone-level-8hr,rf,Meta_PSO,256,50.0,30.0,8,0.43698814749899173,5.375414662278836,0.40498147871635415
ozone-level-8hr,rf,Meta_WOA,256,50.0,30.0,8,0.43698814749899173,5.375414662278836,0.40498147871635415
ozone-level-8hr,rf,Meta_GWO,512,50.0,30.0,8,0.43698814749899173,5.375414662278836,0.40498147871635415
ozone-level-8hr,rf,Meta_PSO,512,50.0,30.0,8,0.43698814749899173,5.375414662278836,0.40498147871635415
ozone-level-8hr,rf,Meta_WOA,512,50.0,30.0,8,0.43698814749899173,5.375414662278836,0.40498147871635415
ozone-level-8hr,rf,Meta_GWO,777,50.0,30.0,8,0.43698814749899173,5.375414662278836,0.40498147871635415
ozone-level-8hr,rf,Meta_PSO,777,50.0,30.0,8,0.43698814749899173,5.375414662278836,0.40498147871635415
ozone-level-8hr,rf,Meta_WOA,777,50.0,30.0,8,0.43698814749899173,5.375414662278836,0.40498147871635415
ozone-level-8hr,rf,Meta_GWO,1000,50.0,30.0,8,0.43698814749899173,5.375414662278836,0.40498147871635415
ozone-level-8hr,rf,Meta_PSO,1000,50.0,30.0,8,0.43698814749899173,5.375414662278836,0.40498147871635415
ozone-level-8hr,rf,Meta_WOA,1000,50.0,30.0,8,0.43698814749899173,5.375414662278836,0.40498147871635415
ozone-level-8hr,rf,Meta_GWO,2024,50.0,30.0,8,0.43698814749899173,5.375414662278836,0.40498147871635415
ozone-level-8hr,rf,Meta_PSO,2024,50.0,30.0,8,0.43698814749899173,5.375414662278836,0.40498147871635415
ozone-level-8hr,rf,Meta_WOA,2024,50.0,30.0,8,0.43698814749899173,5.375414662278836,0.40498147871635415
ozone-level-8hr,rf,Meta_GWO,0,50.0,50.0,8,0.43698814749899173,5.375414662278836,0.40498147871635415
ozone-level-8hr,rf,Meta_PSO,0,50.0,50.0,8,0.43698814749899173,5.375414662278836,0.40498147871635415
ozone-level-8hr,rf,Meta_WOA,0,50.0,50.0,8,0.43698814749899173,5.375414662278836,0.40498147871635415
ozone-level-8hr,rf,Meta_GWO,7,50.0,50.0,8,0.43698814749899173,5.375414662278836,0.40498147871635415
ozone-level-8hr,rf,Meta_PSO,7,50.0,50.0,8,0.43698814749899173,5.375414662278836,0.40498147871635415
ozone-level-8hr,rf,Meta_WOA,7,50.0,50.0,8,0.43698814749899173,5.375414662278836,0.40498147871635415
ozone-level-8hr,rf,Meta_GWO,42,50.0,50.0,8,0.43698814749899173,5.375414662278836,0.40498147871635415
ozone-level-8hr,rf,Meta_PSO,42,50.0,50.0,8,0.43698814749899173,5.375414662278836,0.40498147871635415
ozone-level-8hr,rf,Meta_WOA,42,50.0,50.0,8,0.43698814749899173,5.375414662278836,0.40498147871635415
ozone-level-8hr,rf,Meta_GWO,99,50.0,50.0,8,0.43698814749899173,5.375414662278836,0.40498147871635415
ozone-level-8hr,rf,Meta_PSO,99,50.0,50.0,8,0.43698814749899173,5.375414662278836,0.40498147871635415
ozone-level-8hr,rf,Meta_WOA,99,50.0,50.0,8,0.43698814749899173,5.375414662278836,0.40498147871635415
ozone-level-8hr,rf,Meta_GWO,123,50.0,50.0,8,0.43698814749899173,5.375414662278836,0.40498147871635415
ozone-level-8hr,rf,Meta_PSO,123,50.0,50.0,8,0.43698814749899173,5.375414662278836,0.40498147871635415
ozone-level-8hr,rf,Meta_WOA,123,50.0,50.0,8,0.43698814749899173,5.375414662278836,0.40498147871635415
ozone-level-8hr,rf,Meta_GWO,256,50.0,50.0,8,0.43698814749899173,5.375414662278836,0.40498147871635415
ozone-level-8hr,rf,Meta_PSO,256,50.0,50.0,8,0.43698814749899173,5.375414662278836,0.40498147871635415
ozone-level-8hr,rf,Meta_WOA,256,50.0,50.0,8,0.43698814749899173,5.375414662278836,0.40498147871635415
ozone-level-8hr,rf,Meta_GWO,512,50.0,50.0,8,0.43698814749899173,5.375414662278836,0.40498147871635415
ozone-level-8hr,rf,Meta_PSO,512,50.0,50.0,8,0.43698814749899173,5.375414662278836,0.40498147871635415
ozone-level-8hr,rf,Meta_WOA,512,50.0,50.0,8,0.43698814749899173,5.375414662278836,0.40498147871635415
ozone-level-8hr,rf,Meta_GWO,777,50.0,50.0,8,0.43698814749899173,5.375414662278836,0.40498147871635415
ozone-level-8hr,rf,Meta_PSO,777,50.0,50.0,8,0.43698814749899173,5.375414662278836,0.40498147871635415
ozone-level-8hr,rf,Meta_WOA,777,50.0,50.0,8,0.43698814749899173,5.375414662278836,0.40498147871635415
ozone-level-8hr,rf,Meta_GWO,1000,50.0,50.0,8,0.43698814749899173,5.375414662278836,0.40498147871635415
ozone-level-8hr,rf,Meta_PSO,1000,50.0,50.0,8,0.43698814749899173,5.375414662278836,0.40498147871635415
ozone-level-8hr,rf,Meta_WOA,1000,50.0,50.0,8,0.43698814749899173,5.375414662278836,0.40498147871635415
ozone-level-8hr,rf,Meta_GWO,2024,50.0,50.0,8,0.43698814749899173,5.375414662278836,0.40498147871635415
ozone-level-8hr,rf,Meta_PSO,2024,50.0,50.0,8,0.43698814749899173,5.375414662278836,0.40498147871635415
ozone-level-8hr,rf,Meta_WOA,2024,50.0,50.0,8,0.43698814749899173,5.375414662278836,0.40498147871635415
ozone-level-8hr,rf,EvoCluster_PSO,0,20.0,30.0,2,0.43698814749899173,5.375414662278836,0.40498147871635415
ozone-level-8hr,rf,EvoCluster_PSO,7,20.0,30.0,2,0.43698814749899173,5.375414662278836,0.40498147871635415
ozone-level-8hr,rf,EvoCluster_PSO,42,20.0,30.0,2,0.43698814749899173,5.375414662278836,0.40498147871635415
ozone-level-8hr,rf,EvoCluster_PSO,99,20.0,30.0,2,0.43698814749899173,5.375414662278836,0.40498147871635415
ozone-level-8hr,rf,EvoCluster_PSO,123,20.0,30.0,2,0.43698814749899173,5.375414662278836,0.40498147871635415
ozone-level-8hr,rf,EvoCluster_PSO,256,20.0,30.0,2,0.43698814749899173,5.375414662278836,0.40498147871635415
ozone-level-8hr,rf,EvoCluster_PSO,512,20.0,30.0,2,0.43698814749899173,5.375414662278836,0.40498147871635415
ozone-level-8hr,rf,EvoCluster_PSO,777,20.0,30.0,2,0.43698814749899173,5.375414662278836,0.40498147871635415
ozone-level-8hr,rf,EvoCluster_PSO,1000,20.0,30.0,2,0.43698814749899173,5.375414662278836,0.40498147871635415
ozone-level-8hr,rf,EvoCluster_PSO,2024,20.0,30.0,2,0.43698814749899173,5.375414662278836,0.40498147871635415
ozone-level-8hr,rf,EvoCluster_PSO,0,20.0,50.0,2,0.43698814749899173,5.375414662278836,0.40498147871635415
ozone-level-8hr,rf,EvoCluster_PSO,7,20.0,50.0,2,0.43698814749899173,5.375414662278836,0.40498147871635415
ozone-level-8hr,rf,EvoCluster_PSO,42,20.0,50.0,2,0.43698814749899173,5.375414662278836,0.40498147871635415
ozone-level-8hr,rf,EvoCluster_PSO,99,20.0,50.0,2,0.43698814749899173,5.375414662278836,0.40498147871635415
ozone-level-8hr,rf,EvoCluster_PSO,123,20.0,50.0,2,0.43698814749899173,5.375414662278836,0.40498147871635415
ozone-level-8hr,rf,EvoCluster_PSO,256,20.0,50.0,2,0.43698814749899173,5.375414662278836,0.40498147871635415
ozone-level-8hr,rf,EvoCluster_PSO,512,20.0,50.0,2,0.43698814749899173,5.375414662278836,0.40498147871635415
ozone-level-8hr,rf,EvoCluster_PSO,777,20.0,50.0,2,0.43698814749899173,5.375414662278836,0.40498147871635415
ozone-level-8hr,rf,EvoCluster_PSO,1000,20.0,50.0,2,0.43698814749899173,5.375414662278836,0.40498147871635415
ozone-level-8hr,rf,EvoCluster_PSO,2024,20.0,50.0,2,0.43698814749899173,5.375414662278836,0.40498147871635415
ozone-level-8hr,rf,EvoCluster_PSO,0,50.0,30.0,2,0.43698814749899173,5.375414662278836,0.40498147871635415
ozone-level-8hr,rf,EvoCluster_PSO,7,50.0,30.0,2,0.43698814749899173,5.375414662278836,0.40498147871635415
ozone-level-8hr,rf,EvoCluster_PSO,42,50.0,30.0,2,0.43698814749899173,5.375414662278836,0.40498147871635415
ozone-level-8hr,rf,EvoCluster_PSO,99,50.0,30.0,2,0.43698814749899173,5.375414662278836,0.40498147871635415
ozone-level-8hr,rf,EvoCluster_PSO,123,50.0,30.0,2,0.43698814749899173,5.375414662278836,0.40498147871635415
ozone-level-8hr,rf,EvoCluster_PSO,256,50.0,30.0,2,0.43698814749899173,5.375414662278836,0.40498147871635415
ozone-level-8hr,rf,EvoCluster_PSO,512,50.0,30.0,2,0.43698814749899173,5.375414662278836,0.40498147871635415
ozone-level-8hr,rf,EvoCluster_PSO,777,50.0,30.0,2,0.43698814749899173,5.375414662278836,0.40498147871635415
ozone-level-8hr,rf,EvoCluster_PSO,1000,50.0,30.0,2,0.43698814749899173,5.375414662278836,0.40498147871635415
ozone-level-8hr,rf,EvoCluster_PSO,2024,50.0,30.0,2,0.43698814749899173,5.375414662278836,0.40498147871635415
ozone-level-8hr,rf,EvoCluster_PSO,0,50.0,50.0,2,0.43698814749899173,5.375414662278836,0.40498147871635415
ozone-level-8hr,rf,EvoCluster_PSO,7,50.0,50.0,2,0.43698814749899173,5.375414662278836,0.40498147871635415
ozone-level-8hr,rf,EvoCluster_PSO,42,50.0,50.0,2,0.43698814749899173,5.375414662278836,0.40498147871635415
ozone-level-8hr,rf,EvoCluster_PSO,99,50.0,50.0,2,0.43698814749899173,5.375414662278836,0.40498147871635415
ozone-level-8hr,rf,EvoCluster_PSO,123,50.0,50.0,2,0.43698814749899173,5.375414662278836,0.40498147871635415
ozone-level-8hr,rf,EvoCluster_PSO,256,50.0,50.0,2,0.43698814749899173,5.375414662278836,0.40498147871635415
ozone-level-8hr,rf,EvoCluster_PSO,512,50.0,50.0,2,0.43698814749899173,5.375414662278836,0.40498147871635415
ozone-level-8hr,rf,EvoCluster_PSO,777,50.0,50.0,2,0.43698814749899173,5.375414662278836,0.40498147871635415
ozone-level-8hr,rf,EvoCluster_PSO,1000,50.0,50.0,2,0.43698814749899173,5.375414662278836,0.40498147871635415
ozone-level-8hr,rf,EvoCluster_PSO,2024,50.0,50.0,2,0.43698814749899173,5.375414662278836,0.40498147871635415
ozone-level-8hr,svm,AffinityPropagation,0,,,9,0.12196822073554116,7.172762505789474,1.3359757279123774
ozone-level-8hr,svm,AffinityPropagation,7,,,9,0.12196822073554116,7.172762505789474,1.3359757279123774
ozone-level-8hr,svm,AffinityPropagation,42,,,9,0.12196822073554116,7.172762505789474,1.3359757279123774
ozone-level-8hr,svm,AffinityPropagation,99,,,9,0.12196822073554116,7.172762505789474,1.3359757279123774
ozone-level-8hr,svm,AffinityPropagation,123,,,9,0.12196822073554116,7.172762505789474,1.3359757279123774
ozone-level-8hr,svm,AffinityPropagation,256,,,9,0.12196822073554116,7.172762505789474,1.3359757279123774
ozone-level-8hr,svm,AffinityPropagation,512,,,9,0.12196822073554116,7.172762505789474,1.3359757279123774
ozone-level-8hr,svm,AffinityPropagation,777,,,9,0.12196822073554116,7.172762505789474,1.3359757279123774
ozone-level-8hr,svm,AffinityPropagation,1000,,,9,0.12196822073554116,7.172762505789474,1.3359757279123774
ozone-level-8hr,svm,AffinityPropagation,2024,,,9,0.12196822073554116,7.172762505789474,1.3359757279123774
ozone-level-8hr,svm,Meta_GWO,0,20.0,30.0,9,0.44039376133045227,5.39571100376614,0.4042486350716631
ozone-level-8hr,svm,Meta_PSO,0,20.0,30.0,9,0.44039376133045227,5.39571100376614,0.4042486350716631
ozone-level-8hr,svm,Meta_WOA,0,20.0,30.0,9,0.44039376133045227,5.39571100376614,0.4042486350716631
ozone-level-8hr,svm,Meta_GWO,7,20.0,30.0,9,0.44039376133045227,5.39571100376614,0.4042486350716631
ozone-level-8hr,svm,Meta_PSO,7,20.0,30.0,9,0.44039376133045227,5.39571100376614,0.4042486350716631
ozone-level-8hr,svm,Meta_WOA,7,20.0,30.0,9,0.44039376133045227,5.39571100376614,0.4042486350716631
ozone-level-8hr,svm,Meta_GWO,42,20.0,30.0,9,0.44039376133045227,5.39571100376614,0.4042486350716631
ozone-level-8hr,svm,Meta_PSO,42,20.0,30.0,9,0.44039376133045227,5.39571100376614,0.4042486350716631
ozone-level-8hr,svm,Meta_WOA,42,20.0,30.0,9,0.44039376133045227,5.39571100376614,0.4042486350716631
ozone-level-8hr,svm,Meta_GWO,99,20.0,30.0,9,0.44039376133045227,5.39571100376614,0.4042486350716631
ozone-level-8hr,svm,Meta_PSO,99,20.0,30.0,9,0.44039376133045227,5.39571100376614,0.4042486350716631
ozone-level-8hr,svm,Meta_WOA,99,20.0,30.0,9,0.44039376133045227,5.39571100376614,0.4042486350716631
ozone-level-8hr,svm,Meta_GWO,123,20.0,30.0,9,0.44039376133045227,5.39571100376614,0.4042486350716631
ozone-level-8hr,svm,Meta_PSO,123,20.0,30.0,9,0.44039376133045227,5.39571100376614,0.4042486350716631
ozone-level-8hr,svm,Meta_WOA,123,20.0,30.0,9,0.44039376133045227,5.39571100376614,0.4042486350716631
ozone-level-8hr,svm,Meta_GWO,256,20.0,30.0,9,0.44039376133045227,5.39571100376614,0.4042486350716631
ozone-level-8hr,svm,Meta_PSO,256,20.0,30.0,9,0.44039376133045227,5.39571100376614,0.4042486350716631
ozone-level-8hr,svm,Meta_WOA,256,20.0,30.0,9,0.44039376133045227,5.39571100376614,0.4042486350716631
ozone-level-8hr,svm,Meta_GWO,512,20.0,30.0,9,0.44039376133045227,5.39571100376614,0.4042486350716631
ozone-level-8hr,svm,Meta_PSO,512,20.0,30.0,9,0.44039376133045227,5.39571100376614,0.4042486350716631
ozone-level-8hr,svm,Meta_WOA,512,20.0,30.0,9,0.44039376133045227,5.39571100376614,0.4042486350716631
ozone-level-8hr,svm,Meta_GWO,777,20.0,30.0,9,0.44039376133045227,5.39571100376614,0.4042486350716631
ozone-level-8hr,svm,Meta_PSO,777,20.0,30.0,9,0.44039376133045227,5.39571100376614,0.4042486350716631
ozone-level-8hr,svm,Meta_WOA,777,20.0,30.0,9,0.44039376133045227,5.39571100376614,0.4042486350716631
ozone-level-8hr,svm,Meta_GWO,1000,20.0,30.0,9,0.44039376133045227,5.39571100376614,0.4042486350716631
ozone-level-8hr,svm,Meta_PSO,1000,20.0,30.0,9,0.44039376133045227,5.39571100376614,0.4042486350716631
ozone-level-8hr,svm,Meta_WOA,1000,20.0,30.0,9,0.44039376133045227,5.39571100376614,0.4042486350716631
ozone-level-8hr,svm,Meta_GWO,2024,20.0,30.0,9,0.20701075110170858,2.3235254478148617,0.6101002560392309
ozone-level-8hr,svm,Meta_PSO,2024,20.0,30.0,9,0.44039376133045227,5.39571100376614,0.4042486350716631
ozone-level-8hr,svm,Meta_WOA,2024,20.0,30.0,9,0.44039376133045227,5.39571100376614,0.4042486350716631
ozone-level-8hr,svm,Meta_GWO,0,20.0,50.0,9,0.44039376133045227,5.39571100376614,0.4042486350716631
ozone-level-8hr,svm,Meta_PSO,0,20.0,50.0,9,0.44039376133045227,5.39571100376614,0.4042486350716631
ozone-level-8hr,svm,Meta_WOA,0,20.0,50.0,9,0.44039376133045227,5.39571100376614,0.4042486350716631
ozone-level-8hr,svm,Meta_GWO,7,20.0,50.0,9,0.44039376133045227,5.39571100376614,0.4042486350716631
ozone-level-8hr,svm,Meta_PSO,7,20.0,50.0,9,0.44039376133045227,5.39571100376614,0.4042486350716631
ozone-level-8hr,svm,Meta_WOA,7,20.0,50.0,9,0.44039376133045227,5.39571100376614,0.4042486350716631
ozone-level-8hr,svm,Meta_GWO,42,20.0,50.0,9,0.44039376133045227,5.39571100376614,0.4042486350716631
ozone-level-8hr,svm,Meta_PSO,42,20.0,50.0,9,0.44039376133045227,5.39571100376614,0.4042486350716631
ozone-level-8hr,svm,Meta_WOA,42,20.0,50.0,9,0.44039376133045227,5.39571100376614,0.4042486350716631
ozone-level-8hr,svm,Meta_GWO,99,20.0,50.0,9,0.44039376133045227,5.39571100376614,0.4042486350716631
ozone-level-8hr,svm,Meta_PSO,99,20.0,50.0,9,0.44039376133045227,5.39571100376614,0.4042486350716631
ozone-level-8hr,svm,Meta_WOA,99,20.0,50.0,9,0.44039376133045227,5.39571100376614,0.4042486350716631
ozone-level-8hr,svm,Meta_GWO,123,20.0,50.0,9,0.44039376133045227,5.39571100376614,0.4042486350716631
ozone-level-8hr,svm,Meta_PSO,123,20.0,50.0,9,0.44039376133045227,5.39571100376614,0.4042486350716631
ozone-level-8hr,svm,Meta_WOA,123,20.0,50.0,9,0.44039376133045227,5.39571100376614,0.4042486350716631
ozone-level-8hr,svm,Meta_GWO,256,20.0,50.0,9,0.44039376133045227,5.39571100376614,0.4042486350716631
ozone-level-8hr,svm,Meta_PSO,256,20.0,50.0,9,0.44039376133045227,5.39571100376614,0.4042486350716631
ozone-level-8hr,svm,Meta_WOA,256,20.0,50.0,9,0.44039376133045227,5.39571100376614,0.4042486350716631
ozone-level-8hr,svm,Meta_GWO,512,20.0,50.0,9,0.44039376133045227,5.39571100376614,0.4042486350716631
ozone-level-8hr,svm,Meta_PSO,512,20.0,50.0,9,0.44039376133045227,5.39571100376614,0.4042486350716631
ozone-level-8hr,svm,Meta_WOA,512,20.0,50.0,9,0.44039376133045227,5.39571100376614,0.4042486350716631
ozone-level-8hr,svm,Meta_GWO,777,20.0,50.0,9,0.44039376133045227,5.39571100376614,0.4042486350716631
ozone-level-8hr,svm,Meta_PSO,777,20.0,50.0,9,0.44039376133045227,5.39571100376614,0.4042486350716631
ozone-level-8hr,svm,Meta_WOA,777,20.0,50.0,9,0.44039376133045227,5.39571100376614,0.4042486350716631
ozone-level-8hr,svm,Meta_GWO,1000,20.0,50.0,9,0.44039376133045227,5.39571100376614,0.4042486350716631
ozone-level-8hr,svm,Meta_PSO,1000,20.0,50.0,9,0.44039376133045227,5.39571100376614,0.4042486350716631
ozone-level-8hr,svm,Meta_WOA,1000,20.0,50.0,9,0.44039376133045227,5.39571100376614,0.4042486350716631
ozone-level-8hr,svm,Meta_GWO,2024,20.0,50.0,9,0.44039376133045227,5.39571100376614,0.4042486350716631
ozone-level-8hr,svm,Meta_PSO,2024,20.0,50.0,9,0.44039376133045227,5.39571100376614,0.4042486350716631
ozone-level-8hr,svm,Meta_WOA,2024,20.0,50.0,9,0.44039376133045227,5.39571100376614,0.4042486350716631
ozone-level-8hr,svm,Meta_GWO,0,50.0,30.0,9,0.44039376133045227,5.39571100376614,0.4042486350716631
ozone-level-8hr,svm,Meta_PSO,0,50.0,30.0,9,0.44039376133045227,5.39571100376614,0.4042486350716631
ozone-level-8hr,svm,Meta_WOA,0,50.0,30.0,9,0.44039376133045227,5.39571100376614,0.4042486350716631
ozone-level-8hr,svm,Meta_GWO,7,50.0,30.0,9,0.44039376133045227,5.39571100376614,0.4042486350716631
ozone-level-8hr,svm,Meta_PSO,7,50.0,30.0,9,0.44039376133045227,5.39571100376614,0.4042486350716631
ozone-level-8hr,svm,Meta_WOA,7,50.0,30.0,9,0.44039376133045227,5.39571100376614,0.4042486350716631
ozone-level-8hr,svm,Meta_GWO,42,50.0,30.0,9,0.44039376133045227,5.39571100376614,0.4042486350716631
ozone-level-8hr,svm,Meta_PSO,42,50.0,30.0,9,0.44039376133045227,5.39571100376614,0.4042486350716631
ozone-level-8hr,svm,Meta_WOA,42,50.0,30.0,9,0.44039376133045227,5.39571100376614,0.4042486350716631
ozone-level-8hr,svm,Meta_GWO,99,50.0,30.0,9,0.44039376133045227,5.39571100376614,0.4042486350716631
ozone-level-8hr,svm,Meta_PSO,99,50.0,30.0,9,0.44039376133045227,5.39571100376614,0.4042486350716631
ozone-level-8hr,svm,Meta_WOA,99,50.0,30.0,9,0.44039376133045227,5.39571100376614,0.4042486350716631
ozone-level-8hr,svm,Meta_GWO,123,50.0,30.0,9,0.44039376133045227,5.39571100376614,0.4042486350716631
ozone-level-8hr,svm,Meta_PSO,123,50.0,30.0,9,0.44039376133045227,5.39571100376614,0.4042486350716631
ozone-level-8hr,svm,Meta_WOA,123,50.0,30.0,9,0.44039376133045227,5.39571100376614,0.4042486350716631
ozone-level-8hr,svm,Meta_GWO,256,50.0,30.0,9,0.44039376133045227,5.39571100376614,0.4042486350716631
ozone-level-8hr,svm,Meta_PSO,256,50.0,30.0,9,0.44039376133045227,5.39571100376614,0.4042486350716631
ozone-level-8hr,svm,Meta_WOA,256,50.0,30.0,9,0.44039376133045227,5.39571100376614,0.4042486350716631
ozone-level-8hr,svm,Meta_GWO,512,50.0,30.0,9,0.44039376133045227,5.39571100376614,0.4042486350716631
ozone-level-8hr,svm,Meta_PSO,512,50.0,30.0,9,0.44039376133045227,5.39571100376614,0.4042486350716631
ozone-level-8hr,svm,Meta_WOA,512,50.0,30.0,9,0.44039376133045227,5.39571100376614,0.4042486350716631
ozone-level-8hr,svm,Meta_GWO,777,50.0,30.0,9,0.44039376133045227,5.39571100376614,0.4042486350716631
ozone-level-8hr,svm,Meta_PSO,777,50.0,30.0,9,0.44039376133045227,5.39571100376614,0.4042486350716631
ozone-level-8hr,svm,Meta_WOA,777,50.0,30.0,9,0.44039376133045227,5.39571100376614,0.4042486350716631
ozone-level-8hr,svm,Meta_GWO,1000,50.0,30.0,9,0.44039376133045227,5.39571100376614,0.4042486350716631
ozone-level-8hr,svm,Meta_PSO,1000,50.0,30.0,9,0.44039376133045227,5.39571100376614,0.4042486350716631
ozone-level-8hr,svm,Meta_WOA,1000,50.0,30.0,9,0.44039376133045227,5.39571100376614,0.4042486350716631
ozone-level-8hr,svm,Meta_GWO,2024,50.0,30.0,9,0.44039376133045227,5.39571100376614,0.4042486350716631
ozone-level-8hr,svm,Meta_PSO,2024,50.0,30.0,9,0.44039376133045227,5.39571100376614,0.4042486350716631
ozone-level-8hr,svm,Meta_WOA,2024,50.0,30.0,9,0.44039376133045227,5.39571100376614,0.4042486350716631
ozone-level-8hr,svm,Meta_GWO,0,50.0,50.0,9,0.44039376133045227,5.39571100376614,0.4042486350716631
ozone-level-8hr,svm,Meta_PSO,0,50.0,50.0,9,0.44039376133045227,5.39571100376614,0.4042486350716631
ozone-level-8hr,svm,Meta_WOA,0,50.0,50.0,9,0.44039376133045227,5.39571100376614,0.4042486350716631
ozone-level-8hr,svm,Meta_GWO,7,50.0,50.0,9,0.44039376133045227,5.39571100376614,0.4042486350716631
ozone-level-8hr,svm,Meta_PSO,7,50.0,50.0,9,0.44039376133045227,5.39571100376614,0.4042486350716631
ozone-level-8hr,svm,Meta_WOA,7,50.0,50.0,9,0.44039376133045227,5.39571100376614,0.4042486350716631
ozone-level-8hr,svm,Meta_GWO,42,50.0,50.0,9,0.44039376133045227,5.39571100376614,0.4042486350716631
ozone-level-8hr,svm,Meta_PSO,42,50.0,50.0,9,0.44039376133045227,5.39571100376614,0.4042486350716631
ozone-level-8hr,svm,Meta_WOA,42,50.0,50.0,9,0.44039376133045227,5.39571100376614,0.4042486350716631
ozone-level-8hr,svm,Meta_GWO,99,50.0,50.0,9,0.44039376133045227,5.39571100376614,0.4042486350716631
ozone-level-8hr,svm,Meta_PSO,99,50.0,50.0,9,0.44039376133045227,5.39571100376614,0.4042486350716631
ozone-level-8hr,svm,Meta_WOA,99,50.0,50.0,9,0.44039376133045227,5.39571100376614,0.4042486350716631
ozone-level-8hr,svm,Meta_GWO,123,50.0,50.0,9,0.44039376133045227,5.39571100376614,0.4042486350716631
ozone-level-8hr,svm,Meta_PSO,123,50.0,50.0,9,0.44039376133045227,5.39571100376614,0.4042486350716631
ozone-level-8hr,svm,Meta_WOA,123,50.0,50.0,9,0.44039376133045227,5.39571100376614,0.4042486350716631
ozone-level-8hr,svm,Meta_GWO,256,50.0,50.0,9,0.44039376133045227,5.39571100376614,0.4042486350716631
ozone-level-8hr,svm,Meta_PSO,256,50.0,50.0,9,0.44039376133045227,5.39571100376614,0.4042486350716631
ozone-level-8hr,svm,Meta_WOA,256,50.0,50.0,9,0.44039376133045227,5.39571100376614,0.4042486350716631
ozone-level-8hr,svm,Meta_GWO,512,50.0,50.0,9,0.44039376133045227,5.39571100376614,0.4042486350716631
ozone-level-8hr,svm,Meta_PSO,512,50.0,50.0,9,0.44039376133045227,5.39571100376614,0.4042486350716631
ozone-level-8hr,svm,Meta_WOA,512,50.0,50.0,9,0.44039376133045227,5.39571100376614,0.4042486350716631
ozone-level-8hr,svm,Meta_GWO,777,50.0,50.0,9,0.44039376133045227,5.39571100376614,0.4042486350716631
ozone-level-8hr,svm,Meta_PSO,777,50.0,50.0,9,0.44039376133045227,5.39571100376614,0.4042486350716631
ozone-level-8hr,svm,Meta_WOA,777,50.0,50.0,9,0.44039376133045227,5.39571100376614,0.4042486350716631
ozone-level-8hr,svm,Meta_GWO,1000,50.0,50.0,9,0.44039376133045227,5.39571100376614,0.4042486350716631
ozone-level-8hr,svm,Meta_PSO,1000,50.0,50.0,9,0.44039376133045227,5.39571100376614,0.4042486350716631
ozone-level-8hr,svm,Meta_WOA,1000,50.0,50.0,9,0.44039376133045227,5.39571100376614,0.4042486350716631
ozone-level-8hr,svm,Meta_GWO,2024,50.0,50.0,9,0.44039376133045227,5.39571100376614,0.4042486350716631
ozone-level-8hr,svm,Meta_PSO,2024,50.0,50.0,9,0.44039376133045227,5.39571100376614,0.4042486350716631
ozone-level-8hr,svm,Meta_WOA,2024,50.0,50.0,9,0.44039376133045227,5.39571100376614,0.4042486350716631
ozone-level-8hr,svm,EvoCluster_PSO,0,20.0,30.0,2,0.44039376133045227,5.39571100376614,0.4042486350716631
ozone-level-8hr,svm,EvoCluster_PSO,7,20.0,30.0,2,0.44039376133045227,5.39571100376614,0.4042486350716631
ozone-level-8hr,svm,EvoCluster_PSO,42,20.0,30.0,2,0.44039376133045227,5.39571100376614,0.4042486350716631
ozone-level-8hr,svm,EvoCluster_PSO,99,20.0,30.0,2,0.44039376133045227,5.39571100376614,0.4042486350716631
ozone-level-8hr,svm,EvoCluster_PSO,123,20.0,30.0,2,0.44039376133045227,5.39571100376614,0.4042486350716631
ozone-level-8hr,svm,EvoCluster_PSO,256,20.0,30.0,2,0.44039376133045227,5.39571100376614,0.4042486350716631
ozone-level-8hr,svm,EvoCluster_PSO,512,20.0,30.0,2,0.44039376133045227,5.39571100376614,0.4042486350716631
ozone-level-8hr,svm,EvoCluster_PSO,777,20.0,30.0,2,0.44039376133045227,5.39571100376614,0.4042486350716631
ozone-level-8hr,svm,EvoCluster_PSO,1000,20.0,30.0,2,0.44039376133045227,5.39571100376614,0.4042486350716631
ozone-level-8hr,svm,EvoCluster_PSO,2024,20.0,30.0,2,0.44039376133045227,5.39571100376614,0.4042486350716631
ozone-level-8hr,svm,EvoCluster_PSO,0,20.0,50.0,2,0.44039376133045227,5.39571100376614,0.4042486350716631
ozone-level-8hr,svm,EvoCluster_PSO,7,20.0,50.0,2,0.44039376133045227,5.39571100376614,0.4042486350716631
ozone-level-8hr,svm,EvoCluster_PSO,42,20.0,50.0,2,0.44039376133045227,5.39571100376614,0.4042486350716631
ozone-level-8hr,svm,EvoCluster_PSO,99,20.0,50.0,2,0.44039376133045227,5.39571100376614,0.4042486350716631
ozone-level-8hr,svm,EvoCluster_PSO,123,20.0,50.0,2,0.44039376133045227,5.39571100376614,0.4042486350716631
ozone-level-8hr,svm,EvoCluster_PSO,256,20.0,50.0,2,0.44039376133045227,5.39571100376614,0.4042486350716631
ozone-level-8hr,svm,EvoCluster_PSO,512,20.0,50.0,2,0.44039376133045227,5.39571100376614,0.4042486350716631
ozone-level-8hr,svm,EvoCluster_PSO,777,20.0,50.0,2,0.44039376133045227,5.39571100376614,0.4042486350716631
ozone-level-8hr,svm,EvoCluster_PSO,1000,20.0,50.0,2,0.20701075110170858,2.3235254478148617,0.6101002560392309
ozone-level-8hr,svm,EvoCluster_PSO,2024,20.0,50.0,2,0.44039376133045227,5.39571100376614,0.4042486350716631
ozone-level-8hr,svm,EvoCluster_PSO,0,50.0,30.0,2,0.44039376133045227,5.39571100376614,0.4042486350716631
ozone-level-8hr,svm,EvoCluster_PSO,7,50.0,30.0,2,0.44039376133045227,5.39571100376614,0.4042486350716631
ozone-level-8hr,svm,EvoCluster_PSO,42,50.0,30.0,2,0.44039376133045227,5.39571100376614,0.4042486350716631
ozone-level-8hr,svm,EvoCluster_PSO,99,50.0,30.0,2,0.44039376133045227,5.39571100376614,0.4042486350716631
ozone-level-8hr,svm,EvoCluster_PSO,123,50.0,30.0,2,0.44039376133045227,5.39571100376614,0.4042486350716631
ozone-level-8hr,svm,EvoCluster_PSO,256,50.0,30.0,2,0.44039376133045227,5.39571100376614,0.4042486350716631
ozone-level-8hr,svm,EvoCluster_PSO,512,50.0,30.0,2,0.44039376133045227,5.39571100376614,0.4042486350716631
ozone-level-8hr,svm,EvoCluster_PSO,777,50.0,30.0,2,0.44039376133045227,5.39571100376614,0.4042486350716631
ozone-level-8hr,svm,EvoCluster_PSO,1000,50.0,30.0,2,0.44039376133045227,5.39571100376614,0.4042486350716631
ozone-level-8hr,svm,EvoCluster_PSO,2024,50.0,30.0,2,0.44039376133045227,5.39571100376614,0.4042486350716631
ozone-level-8hr,svm,EvoCluster_PSO,0,50.0,50.0,2,0.44039376133045227,5.39571100376614,0.4042486350716631
ozone-level-8hr,svm,EvoCluster_PSO,7,50.0,50.0,2,0.44039376133045227,5.39571100376614,0.4042486350716631
ozone-level-8hr,svm,EvoCluster_PSO,42,50.0,50.0,2,0.44039376133045227,5.39571100376614,0.4042486350716631
ozone-level-8hr,svm,EvoCluster_PSO,99,50.0,50.0,2,0.44039376133045227,5.39571100376614,0.4042486350716631
ozone-level-8hr,svm,EvoCluster_PSO,123,50.0,50.0,2,0.44039376133045227,5.39571100376614,0.4042486350716631
ozone-level-8hr,svm,EvoCluster_PSO,256,50.0,50.0,2,0.44039376133045227,5.39571100376614,0.4042486350716631
ozone-level-8hr,svm,EvoCluster_PSO,512,50.0,50.0,2,0.44039376133045227,5.39571100376614,0.4042486350716631
ozone-level-8hr,svm,EvoCluster_PSO,777,50.0,50.0,2,0.44039376133045227,5.39571100376614,0.4042486350716631
ozone-level-8hr,svm,EvoCluster_PSO,1000,50.0,50.0,2,0.44039376133045227,5.39571100376614,0.4042486350716631
ozone-level-8hr,svm,EvoCluster_PSO,2024,50.0,50.0,2,0.44039376133045227,5.39571100376614,0.4042486350716631
ozone-level-8hr,xgb,AffinityPropagation,0,,,10,0.08229526842167116,6.377889081955813,1.3848220747222126
ozone-level-8hr,xgb,AffinityPropagation,7,,,10,0.08229526842167116,6.377889081955813,1.3848220747222126
ozone-level-8hr,xgb,AffinityPropagation,42,,,10,0.08229526842167116,6.377889081955813,1.3848220747222126
ozone-level-8hr,xgb,AffinityPropagation,99,,,10,0.08229526842167116,6.377889081955813,1.3848220747222126
ozone-level-8hr,xgb,AffinityPropagation,123,,,10,0.08229526842167116,6.377889081955813,1.3848220747222126
ozone-level-8hr,xgb,AffinityPropagation,256,,,10,0.08229526842167116,6.377889081955813,1.3848220747222126
ozone-level-8hr,xgb,AffinityPropagation,512,,,10,0.08229526842167116,6.377889081955813,1.3848220747222126
ozone-level-8hr,xgb,AffinityPropagation,777,,,10,0.08229526842167116,6.377889081955813,1.3848220747222126
ozone-level-8hr,xgb,AffinityPropagation,1000,,,10,0.08229526842167116,6.377889081955813,1.3848220747222126
ozone-level-8hr,xgb,AffinityPropagation,2024,,,10,0.08229526842167116,6.377889081955813,1.3848220747222126
ozone-level-8hr,xgb,Meta_GWO,0,20.0,30.0,10,0.4358929678833693,5.263012323689794,0.4081713939994921
ozone-level-8hr,xgb,Meta_PSO,0,20.0,30.0,10,0.4358929678833693,5.263012323689794,0.4081713939994921
ozone-level-8hr,xgb,Meta_WOA,0,20.0,30.0,10,0.4358929678833693,5.263012323689794,0.4081713939994921
ozone-level-8hr,xgb,Meta_GWO,7,20.0,30.0,10,0.4358929678833693,5.263012323689794,0.4081713939994921
ozone-level-8hr,xgb,Meta_PSO,7,20.0,30.0,10,0.4358929678833693,5.263012323689794,0.4081713939994921
ozone-level-8hr,xgb,Meta_WOA,7,20.0,30.0,10,0.4358929678833693,5.263012323689794,0.4081713939994921
ozone-level-8hr,xgb,Meta_GWO,42,20.0,30.0,10,0.14666196907803275,3.6235353824071543,0.5400978278903612
ozone-level-8hr,xgb,Meta_PSO,42,20.0,30.0,10,0.4358929678833693,5.263012323689794,0.4081713939994921
ozone-level-8hr,xgb,Meta_WOA,42,20.0,30.0,10,0.2370217520489238,3.887804806461826,0.5406484268091638
ozone-level-8hr,xgb,Meta_GWO,99,20.0,30.0,10,0.4358929678833693,5.263012323689794,0.4081713939994921
ozone-level-8hr,xgb,Meta_PSO,99,20.0,30.0,10,0.4358929678833693,5.263012323689794,0.4081713939994921
ozone-level-8hr,xgb,Meta_WOA,99,20.0,30.0,10,0.23483752673070982,4.070520162502465,0.5158106976412459
ozone-level-8hr,xgb,Meta_GWO,123,20.0,30.0,10,0.21569272041956422,2.4242227442064457,0.5952105335686823
ozone-level-8hr,xgb,Meta_PSO,123,20.0,30.0,10,0.18536621093405337,3.435298163338312,0.5554634093712434
ozone-level-8hr,xgb,Meta_WOA,123,20.0,30.0,10,0.4358929678833693,5.263012323689794,0.4081713939994921
ozone-level-8hr,xgb,Meta_GWO,256,20.0,30.0,10,0.4358929678833693,5.263012323689794,0.4081713939994921
ozone-level-8hr,xgb,Meta_PSO,256,20.0,30.0,10,0.4358929678833693,5.263012323689794,0.4081713939994921
ozone-level-8hr,xgb,Meta_WOA,256,20.0,30.0,10,0.4358929678833693,5.263012323689794,0.4081713939994921
ozone-level-8hr,xgb,Meta_GWO,512,20.0,30.0,10,0.4358929678833693,5.263012323689794,0.4081713939994921
ozone-level-8hr,xgb,Meta_PSO,512,20.0,30.0,10,0.4358929678833693,5.263012323689794,0.4081713939994921
ozone-level-8hr,xgb,Meta_WOA,512,20.0,30.0,10,0.4358929678833693,5.263012323689794,0.4081713939994921
ozone-level-8hr,xgb,Meta_GWO,777,20.0,30.0,10,0.4358929678833693,5.263012323689794,0.4081713939994921
ozone-level-8hr,xgb,Meta_PSO,777,20.0,30.0,10,0.4358929678833693,5.263012323689794,0.4081713939994921
ozone-level-8hr,xgb,Meta_WOA,777,20.0,30.0,10,0.4358929678833693,5.263012323689794,0.4081713939994921
ozone-level-8hr,xgb,Meta_GWO,1000,20.0,30.0,10,0.4358929678833693,5.263012323689794,0.4081713939994921
ozone-level-8hr,xgb,Meta_PSO,1000,20.0,30.0,10,0.4358929678833693,5.263012323689794,0.4081713939994921
ozone-level-8hr,xgb,Meta_WOA,1000,20.0,30.0,10,0.4358929678833693,5.263012323689794,0.4081713939994921
ozone-level-8hr,xgb,Meta_GWO,2024,20.0,30.0,10,0.4358929678833693,5.263012323689794,0.4081713939994921
ozone-level-8hr,xgb,Meta_PSO,2024,20.0,30.0,10,0.4358929678833693,5.263012323689794,0.4081713939994921
ozone-level-8hr,xgb,Meta_WOA,2024,20.0,30.0,10,0.4358929678833693,5.263012323689794,0.4081713939994921
ozone-level-8hr,xgb,Meta_GWO,0,20.0,50.0,10,0.4358929678833693,5.263012323689794,0.4081713939994921
ozone-level-8hr,xgb,Meta_PSO,0,20.0,50.0,10,0.4358929678833693,5.263012323689794,0.4081713939994921
ozone-level-8hr,xgb,Meta_WOA,0,20.0,50.0,10,0.4358929678833693,5.263012323689794,0.4081713939994921
ozone-level-8hr,xgb,Meta_GWO,7,20.0,50.0,10,0.4358929678833693,5.263012323689794,0.4081713939994921
ozone-level-8hr,xgb,Meta_PSO,7,20.0,50.0,10,0.4358929678833693,5.263012323689794,0.4081713939994921
ozone-level-8hr,xgb,Meta_WOA,7,20.0,50.0,10,0.4358929678833693,5.263012323689794,0.4081713939994921
ozone-level-8hr,xgb,Meta_GWO,42,20.0,50.0,10,0.4358929678833693,5.263012323689794,0.4081713939994921
ozone-level-8hr,xgb,Meta_PSO,42,20.0,50.0,10,0.4358929678833693,5.263012323689794,0.4081713939994921
ozone-level-8hr,xgb,Meta_WOA,42,20.0,50.0,10,0.20794527962065584,4.064531732671968,0.5187698051652404
ozone-level-8hr,xgb,Meta_GWO,99,20.0,50.0,10,0.4358929678833693,5.263012323689794,0.4081713939994921
ozone-level-8hr,xgb,Meta_PSO,99,20.0,50.0,10,0.4358929678833693,5.263012323689794,0.4081713939994921
ozone-level-8hr,xgb,Meta_WOA,99,20.0,50.0,10,0.4358929678833693,5.263012323689794,0.4081713939994921
ozone-level-8hr,xgb,Meta_GWO,123,20.0,50.0,10,0.4358929678833693,5.263012323689794,0.4081713939994921
ozone-level-8hr,xgb,Meta_PSO,123,20.0,50.0,10,0.4358929678833693,5.263012323689794,0.4081713939994921
ozone-level-8hr,xgb,Meta_WOA,123,20.0,50.0,10,0.4358929678833693,5.263012323689794,0.4081713939994921
ozone-level-8hr,xgb,Meta_GWO,256,20.0,50.0,10,0.4358929678833693,5.263012323689794,0.4081713939994921
ozone-level-8hr,xgb,Meta_PSO,256,20.0,50.0,10,0.4358929678833693,5.263012323689794,0.4081713939994921
ozone-level-8hr,xgb,Meta_WOA,256,20.0,50.0,10,0.4358929678833693,5.263012323689794,0.4081713939994921
ozone-level-8hr,xgb,Meta_GWO,512,20.0,50.0,10,0.4358929678833693,5.263012323689794,0.4081713939994921
ozone-level-8hr,xgb,Meta_PSO,512,20.0,50.0,10,0.4358929678833693,5.263012323689794,0.4081713939994921
ozone-level-8hr,xgb,Meta_WOA,512,20.0,50.0,10,0.4358929678833693,5.263012323689794,0.4081713939994921
ozone-level-8hr,xgb,Meta_GWO,777,20.0,50.0,10,0.4358929678833693,5.263012323689794,0.4081713939994921
ozone-level-8hr,xgb,Meta_PSO,777,20.0,50.0,10,0.4358929678833693,5.263012323689794,0.4081713939994921
ozone-level-8hr,xgb,Meta_WOA,777,20.0,50.0,10,0.4358929678833693,5.263012323689794,0.4081713939994921
ozone-level-8hr,xgb,Meta_GWO,1000,20.0,50.0,10,0.4358929678833693,5.263012323689794,0.4081713939994921
ozone-level-8hr,xgb,Meta_PSO,1000,20.0,50.0,10,0.4358929678833693,5.263012323689794,0.4081713939994921
ozone-level-8hr,xgb,Meta_WOA,1000,20.0,50.0,10,0.21569272041956422,2.4242227442064457,0.5952105335686823
ozone-level-8hr,xgb,Meta_GWO,2024,20.0,50.0,10,0.4358929678833693,5.263012323689794,0.4081713939994921
ozone-level-8hr,xgb,Meta_PSO,2024,20.0,50.0,10,0.4358929678833693,5.263012323689794,0.4081713939994921
ozone-level-8hr,xgb,Meta_WOA,2024,20.0,50.0,10,0.4358929678833693,5.263012323689794,0.4081713939994921
ozone-level-8hr,xgb,Meta_GWO,0,50.0,30.0,10,0.4358929678833693,5.263012323689794,0.4081713939994921
ozone-level-8hr,xgb,Meta_PSO,0,50.0,30.0,10,0.21569272041956422,2.4242227442064457,0.5952105335686823
ozone-level-8hr,xgb,Meta_WOA,0,50.0,30.0,10,0.4358929678833693,5.263012323689794,0.4081713939994921
ozone-level-8hr,xgb,Meta_GWO,7,50.0,30.0,10,0.4358929678833693,5.263012323689794,0.4081713939994921
ozone-level-8hr,xgb,Meta_PSO,7,50.0,30.0,10,0.4358929678833693,5.263012323689794,0.4081713939994921
ozone-level-8hr,xgb,Meta_WOA,7,50.0,30.0,10,0.4358929678833693,5.263012323689794,0.4081713939994921
ozone-level-8hr,xgb,Meta_GWO,42,50.0,30.0,10,0.4358929678833693,5.263012323689794,0.4081713939994921
ozone-level-8hr,xgb,Meta_PSO,42,50.0,30.0,10,0.4358929678833693,5.263012323689794,0.4081713939994921
ozone-level-8hr,xgb,Meta_WOA,42,50.0,30.0,10,0.4358929678833693,5.263012323689794,0.4081713939994921
ozone-level-8hr,xgb,Meta_GWO,99,50.0,30.0,10,0.4358929678833693,5.263012323689794,0.4081713939994921
ozone-level-8hr,xgb,Meta_PSO,99,50.0,30.0,10,0.4358929678833693,5.263012323689794,0.4081713939994921
ozone-level-8hr,xgb,Meta_WOA,99,50.0,30.0,10,0.4358929678833693,5.263012323689794,0.4081713939994921
ozone-level-8hr,xgb,Meta_GWO,123,50.0,30.0,10,0.4358929678833693,5.263012323689794,0.4081713939994921
ozone-level-8hr,xgb,Meta_PSO,123,50.0,30.0,10,0.4358929678833693,5.263012323689794,0.4081713939994921
ozone-level-8hr,xgb,Meta_WOA,123,50.0,30.0,10,0.4358929678833693,5.263012323689794,0.4081713939994921
ozone-level-8hr,xgb,Meta_GWO,256,50.0,30.0,10,0.4358929678833693,5.263012323689794,0.4081713939994921
ozone-level-8hr,xgb,Meta_PSO,256,50.0,30.0,10,0.4358929678833693,5.263012323689794,0.4081713939994921
ozone-level-8hr,xgb,Meta_WOA,256,50.0,30.0,10,0.4358929678833693,5.263012323689794,0.4081713939994921
ozone-level-8hr,xgb,Meta_GWO,512,50.0,30.0,10,0.4358929678833693,5.263012323689794,0.4081713939994921
ozone-level-8hr,xgb,Meta_PSO,512,50.0,30.0,10,0.4358929678833693,5.263012323689794,0.4081713939994921
ozone-level-8hr,xgb,Meta_WOA,512,50.0,30.0,10,0.4358929678833693,5.263012323689794,0.4081713939994921
ozone-level-8hr,xgb,Meta_GWO,777,50.0,30.0,10,0.4358929678833693,5.263012323689794,0.4081713939994921
ozone-level-8hr,xgb,Meta_PSO,777,50.0,30.0,10,0.4358929678833693,5.263012323689794,0.4081713939994921
ozone-level-8hr,xgb,Meta_WOA,777,50.0,30.0,10,0.4358929678833693,5.263012323689794,0.4081713939994921
ozone-level-8hr,xgb,Meta_GWO,1000,50.0,30.0,10,0.4358929678833693,5.263012323689794,0.4081713939994921
ozone-level-8hr,xgb,Meta_PSO,1000,50.0,30.0,10,0.4358929678833693,5.263012323689794,0.4081713939994921
ozone-level-8hr,xgb,Meta_WOA,1000,50.0,30.0,10,0.4358929678833693,5.263012323689794,0.4081713939994921
ozone-level-8hr,xgb,Meta_GWO,2024,50.0,30.0,10,0.4358929678833693,5.263012323689794,0.4081713939994921
ozone-level-8hr,xgb,Meta_PSO,2024,50.0,30.0,10,0.4358929678833693,5.263012323689794,0.4081713939994921
ozone-level-8hr,xgb,Meta_WOA,2024,50.0,30.0,10,0.4358929678833693,5.263012323689794,0.4081713939994921
ozone-level-8hr,xgb,Meta_GWO,0,50.0,50.0,10,0.4358929678833693,5.263012323689794,0.4081713939994921
ozone-level-8hr,xgb,Meta_PSO,0,50.0,50.0,10,0.4358929678833693,5.263012323689794,0.4081713939994921
ozone-level-8hr,xgb,Meta_WOA,0,50.0,50.0,10,0.4358929678833693,5.263012323689794,0.4081713939994921
ozone-level-8hr,xgb,Meta_GWO,7,50.0,50.0,10,0.4358929678833693,5.263012323689794,0.4081713939994921
ozone-level-8hr,xgb,Meta_PSO,7,50.0,50.0,10,0.4358929678833693,5.263012323689794,0.4081713939994921
ozone-level-8hr,xgb,Meta_WOA,7,50.0,50.0,10,0.4358929678833693,5.263012323689794,0.4081713939994921
ozone-level-8hr,xgb,Meta_GWO,42,50.0,50.0,10,0.4358929678833693,5.263012323689794,0.4081713939994921
ozone-level-8hr,xgb,Meta_PSO,42,50.0,50.0,10,0.4358929678833693,5.263012323689794,0.4081713939994921
ozone-level-8hr,xgb,Meta_WOA,42,50.0,50.0,10,0.4358929678833693,5.263012323689794,0.4081713939994921
ozone-level-8hr,xgb,Meta_GWO,99,50.0,50.0,10,0.4358929678833693,5.263012323689794,0.4081713939994921
ozone-level-8hr,xgb,Meta_PSO,99,50.0,50.0,10,0.4358929678833693,5.263012323689794,0.4081713939994921
ozone-level-8hr,xgb,Meta_WOA,99,50.0,50.0,10,0.4358929678833693,5.263012323689794,0.4081713939994921
ozone-level-8hr,xgb,Meta_GWO,123,50.0,50.0,10,0.4358929678833693,5.263012323689794,0.4081713939994921
ozone-level-8hr,xgb,Meta_PSO,123,50.0,50.0,10,0.4358929678833693,5.263012323689794,0.4081713939994921
ozone-level-8hr,xgb,Meta_WOA,123,50.0,50.0,10,0.4358929678833693,5.263012323689794,0.4081713939994921
ozone-level-8hr,xgb,Meta_GWO,256,50.0,50.0,10,0.4358929678833693,5.263012323689794,0.4081713939994921
ozone-level-8hr,xgb,Meta_PSO,256,50.0,50.0,10,0.4358929678833693,5.263012323689794,0.4081713939994921
ozone-level-8hr,xgb,Meta_WOA,256,50.0,50.0,10,0.4358929678833693,5.263012323689794,0.4081713939994921
ozone-level-8hr,xgb,Meta_GWO,512,50.0,50.0,10,0.4358929678833693,5.263012323689794,0.4081713939994921
ozone-level-8hr,xgb,Meta_PSO,512,50.0,50.0,10,0.4358929678833693,5.263012323689794,0.4081713939994921
ozone-level-8hr,xgb,Meta_WOA,512,50.0,50.0,10,0.4358929678833693,5.263012323689794,0.4081713939994921
ozone-level-8hr,xgb,Meta_GWO,777,50.0,50.0,10,0.4358929678833693,5.263012323689794,0.4081713939994921
ozone-level-8hr,xgb,Meta_PSO,777,50.0,50.0,10,0.4358929678833693,5.263012323689794,0.4081713939994921
ozone-level-8hr,xgb,Meta_WOA,777,50.0,50.0,10,0.4358929678833693,5.263012323689794,0.4081713939994921
ozone-level-8hr,xgb,Meta_GWO,1000,50.0,50.0,10,0.4358929678833693,5.263012323689794,0.4081713939994921
ozone-level-8hr,xgb,Meta_PSO,1000,50.0,50.0,10,0.4358929678833693,5.263012323689794,0.4081713939994921
ozone-level-8hr,xgb,Meta_WOA,1000,50.0,50.0,10,0.4358929678833693,5.263012323689794,0.4081713939994921
ozone-level-8hr,xgb,Meta_GWO,2024,50.0,50.0,10,0.4358929678833693,5.263012323689794,0.4081713939994921
ozone-level-8hr,xgb,Meta_PSO,2024,50.0,50.0,10,0.4358929678833693,5.263012323689794,0.4081713939994921
ozone-level-8hr,xgb,Meta_WOA,2024,50.0,50.0,10,0.4358929678833693,5.263012323689794,0.4081713939994921
ozone-level-8hr,xgb,EvoCluster_PSO,0,20.0,30.0,2,0.4358929678833693,5.263012323689794,0.4081713939994921
ozone-level-8hr,xgb,EvoCluster_PSO,7,20.0,30.0,2,0.4358929678833693,5.263012323689794,0.4081713939994921
ozone-level-8hr,xgb,EvoCluster_PSO,42,20.0,30.0,2,0.4358929678833693,5.263012323689794,0.4081713939994921
ozone-level-8hr,xgb,EvoCluster_PSO,99,20.0,30.0,2,0.4358929678833693,5.263012323689794,0.4081713939994921
ozone-level-8hr,xgb,EvoCluster_PSO,123,20.0,30.0,2,0.4358929678833693,5.263012323689794,0.4081713939994921
ozone-level-8hr,xgb,EvoCluster_PSO,256,20.0,30.0,2,0.4358929678833693,5.263012323689794,0.4081713939994921
ozone-level-8hr,xgb,EvoCluster_PSO,512,20.0,30.0,2,0.4358929678833693,5.263012323689794,0.4081713939994921
ozone-level-8hr,xgb,EvoCluster_PSO,777,20.0,30.0,2,0.4358929678833693,5.263012323689794,0.4081713939994921
ozone-level-8hr,xgb,EvoCluster_PSO,1000,20.0,30.0,2,0.4358929678833693,5.263012323689794,0.4081713939994921
ozone-level-8hr,xgb,EvoCluster_PSO,2024,20.0,30.0,2,0.4358929678833693,5.263012323689794,0.4081713939994921
ozone-level-8hr,xgb,EvoCluster_PSO,0,20.0,50.0,2,0.4358929678833693,5.263012323689794,0.4081713939994921
ozone-level-8hr,xgb,EvoCluster_PSO,7,20.0,50.0,2,0.4358929678833693,5.263012323689794,0.4081713939994921
ozone-level-8hr,xgb,EvoCluster_PSO,42,20.0,50.0,2,0.4358929678833693,5.263012323689794,0.4081713939994921
ozone-level-8hr,xgb,EvoCluster_PSO,99,20.0,50.0,2,0.4358929678833693,5.263012323689794,0.4081713939994921
ozone-level-8hr,xgb,EvoCluster_PSO,123,20.0,50.0,2,0.4358929678833693,5.263012323689794,0.4081713939994921
ozone-level-8hr,xgb,EvoCluster_PSO,256,20.0,50.0,2,0.4358929678833693,5.263012323689794,0.4081713939994921
ozone-level-8hr,xgb,EvoCluster_PSO,512,20.0,50.0,2,0.4358929678833693,5.263012323689794,0.4081713939994921
ozone-level-8hr,xgb,EvoCluster_PSO,777,20.0,50.0,2,0.4358929678833693,5.263012323689794,0.4081713939994921
ozone-level-8hr,xgb,EvoCluster_PSO,1000,20.0,50.0,2,0.4358929678833693,5.263012323689794,0.4081713939994921
ozone-level-8hr,xgb,EvoCluster_PSO,2024,20.0,50.0,2,0.4358929678833693,5.263012323689794,0.4081713939994921
ozone-level-8hr,xgb,EvoCluster_PSO,0,50.0,30.0,2,0.4358929678833693,5.263012323689794,0.4081713939994921
ozone-level-8hr,xgb,EvoCluster_PSO,7,50.0,30.0,2,0.4358929678833693,5.263012323689794,0.4081713939994921
ozone-level-8hr,xgb,EvoCluster_PSO,42,50.0,30.0,2,0.4358929678833693,5.263012323689794,0.4081713939994921
ozone-level-8hr,xgb,EvoCluster_PSO,99,50.0,30.0,2,0.4358929678833693,5.263012323689794,0.4081713939994921
ozone-level-8hr,xgb,EvoCluster_PSO,123,50.0,30.0,2,0.4358929678833693,5.263012323689794,0.4081713939994921
ozone-level-8hr,xgb,EvoCluster_PSO,256,50.0,30.0,2,0.4358929678833693,5.263012323689794,0.4081713939994921
ozone-level-8hr,xgb,EvoCluster_PSO,512,50.0,30.0,2,0.4358929678833693,5.263012323689794,0.4081713939994921
ozone-level-8hr,xgb,EvoCluster_PSO,777,50.0,30.0,2,0.4358929678833693,5.263012323689794,0.4081713939994921
ozone-level-8hr,xgb,EvoCluster_PSO,1000,50.0,30.0,2,0.4358929678833693,5.263012323689794,0.4081713939994921
ozone-level-8hr,xgb,EvoCluster_PSO,2024,50.0,30.0,2,0.4358929678833693,5.263012323689794,0.4081713939994921
ozone-level-8hr,xgb,EvoCluster_PSO,0,50.0,50.0,2,0.4358929678833693,5.263012323689794,0.4081713939994921
ozone-level-8hr,xgb,EvoCluster_PSO,7,50.0,50.0,2,0.4358929678833693,5.263012323689794,0.4081713939994921
ozone-level-8hr,xgb,EvoCluster_PSO,42,50.0,50.0,2,0.4358929678833693,5.263012323689794,0.4081713939994921
ozone-level-8hr,xgb,EvoCluster_PSO,99,50.0,50.0,2,0.4358929678833693,5.263012323689794,0.4081713939994921
ozone-level-8hr,xgb,EvoCluster_PSO,123,50.0,50.0,2,0.4358929678833693,5.263012323689794,0.4081713939994921
ozone-level-8hr,xgb,EvoCluster_PSO,256,50.0,50.0,2,0.4358929678833693,5.263012323689794,0.4081713939994921
ozone-level-8hr,xgb,EvoCluster_PSO,512,50.0,50.0,2,0.4358929678833693,5.263012323689794,0.4081713939994921
ozone-level-8hr,xgb,EvoCluster_PSO,777,50.0,50.0,2,0.4358929678833693,5.263012323689794,0.4081713939994921
ozone-level-8hr,xgb,EvoCluster_PSO,1000,50.0,50.0,2,0.4358929678833693,5.263012323689794,0.4081713939994921
ozone-level-8hr,xgb,EvoCluster_PSO,2024,50.0,50.0,2,0.4358929678833693,5.263012323689794,0.4081713939994921
hill_valley,rf,AffinityPropagation,0,,,77,0.14068045027558598,941.3651441352262,0.3550477888628541
hill_valley,rf,AffinityPropagation,7,,,26,0.6135426582233156,4638.787795203978,0.2729143311483125
hill_valley,rf,AffinityPropagation,42,,,84,0.1343009237302862,593.6161329559284,0.294534794409931
hill_valley,rf,AffinityPropagation,99,,,26,0.6135426582233156,4638.787795203978,0.27291433114831243
hill_valley,rf,AffinityPropagation,123,,,26,0.6135426582233156,4638.787795203978,0.2729143311483125
hill_valley,rf,AffinityPropagation,256,,,26,0.6135426582233156,4638.787795203978,0.27291433114831243
hill_valley,rf,AffinityPropagation,512,,,78,0.14409940738198881,912.4106584832907,0.3377847911699169
hill_valley,rf,AffinityPropagation,777,,,26,0.6135426582233156,4638.787795203978,0.27291433114831243
hill_valley,rf,AffinityPropagation,1000,,,26,0.6135426582233156,4638.787795203978,0.2729143311483125
hill_valley,rf,AffinityPropagation,2024,,,25,0.6158423347462533,3907.4039358923105,0.28224746067136075
hill_valley,rf,Meta_GWO,0,20.0,30.0,20,0.775541682643023,24.4265556999396,0.14398157611477524
hill_valley,rf,Meta_PSO,0,20.0,30.0,20,0.6304927214532606,21.5356594428843,0.1720086197111924
hill_valley,rf,Meta_WOA,0,20.0,30.0,20,0.775541682643023,24.4265556999396,0.14398157611477524
hill_valley,rf,Meta_GWO,7,20.0,30.0,20,0.775541682643023,24.4265556999396,0.14398157611477524
hill_valley,rf,Meta_PSO,7,20.0,30.0,20,0.7134520520761853,21.631134760782828,0.16330012203763355
hill_valley,rf,Meta_WOA,7,20.0,30.0,20,0.775541682643023,24.4265556999396,0.14398157611477524
hill_valley,rf,Meta_GWO,42,20.0,30.0,20,0.775541682643023,24.4265556999396,0.14398157611477524
hill_valley,rf,Meta_PSO,42,20.0,30.0,20,0.7449724225680784,46.71588786047567,0.20455123433748554
hill_valley,rf,Meta_WOA,42,20.0,30.0,20,0.775541682643023,24.4265556999396,0.14398157611477524
hill_valley,rf,Meta_GWO,99,20.0,30.0,20,0.7538153244630005,61.877002786573975,0.22077564415940162
hill_valley,rf,Meta_PSO,99,20.0,30.0,20,0.775541682643023,24.4265556999396,0.14398157611477524
hill_valley,rf,Meta_WOA,99,20.0,30.0,20,0.775541682643023,24.4265556999396,0.14398157611477524
hill_valley,rf,Meta_GWO,123,20.0,30.0,20,0.775541682643023,24.4265556999396,0.14398157611477524
hill_valley,rf,Meta_PSO,123,20.0,30.0,20,0.6869342576618104,19.717079785477004,0.1770542753550041
hill_valley,rf,Meta_WOA,123,20.0,30.0,20,0.775541682643023,24.4265556999396,0.14398157611477524
hill_valley,rf,Meta_GWO,256,20.0,30.0,20,0.775541682643023,24.4265556999396,0.14398157611477524
hill_valley,rf,Meta_PSO,256,20.0,30.0,20,0.7695447256526285,98.0259786201254,0.243023299597827
hill_valley,rf,Meta_WOA,256,20.0,30.0,20,0.775541682643023,24.4265556999396,0.14398157611477524
hill_valley,rf,Meta_GWO,512,20.0,30.0,20,0.775541682643023,24.4265556999396,0.14398157611477524
hill_valley,rf,Meta_PSO,512,20.0,30.0,20,0.7449724225680784,46.715887860475675,0.20455123433748554
hill_valley,rf,Meta_WOA,512,20.0,30.0,20,0.775541682643023,24.4265556999396,0.14398157611477524
hill_valley,rf,Meta_GWO,777,20.0,30.0,20,0.7080538212323274,24.39742970069867,0.14978006684107928
hill_valley,rf,Meta_PSO,777,20.0,30.0,20,0.7538153244630005,61.877002786573975,0.22077564415940162
hill_valley,rf,Meta_WOA,777,20.0,30.0,20,0.775541682643023,24.4265556999396,0.14398157611477524
hill_valley,rf,Meta_GWO,1000,20.0,30.0,20,0.7538153244630005,61.877002786573975,0.22077564415940162
hill_valley,rf,Meta_PSO,1000,20.0,30.0,20,0.7360687265740635,33.55512393103759,0.17670765082123974
hill_valley,rf,Meta_WOA,1000,20.0,30.0,20,0.775541682643023,24.4265556999396,0.14398157611477524
hill_valley,rf,Meta_GWO,2024,20.0,30.0,20,0.7080538212323274,24.39742970069867,0.1497800668410793
hill_valley,rf,Meta_PSO,2024,20.0,30.0,20,0.7695447256526285,98.0259786201254,0.243023299597827
hill_valley,rf,Meta_WOA,2024,20.0,30.0,20,0.775541682643023,24.4265556999396,0.14398157611477524
hill_valley,rf,Meta_GWO,0,20.0,50.0,20,0.775541682643023,24.4265556999396,0.14398157611477524
hill_valley,rf,Meta_PSO,0,20.0,50.0,20,0.714876560363638,30.712588405080474,0.21733181940545032
hill_valley,rf,Meta_WOA,0,20.0,50.0,20,0.775541682643023,24.4265556999396,0.14398157611477524
hill_valley,rf,Meta_GWO,7,20.0,50.0,20,0.775541682643023,24.4265556999396,0.14398157611477524
hill_valley,rf,Meta_PSO,7,20.0,50.0,20,0.7213403716587373,22.21786731834393,0.15710717282356843
hill_valley,rf,Meta_WOA,7,20.0,50.0,20,0.775541682643023,24.4265556999396,0.14398157611477524
hill_valley,rf,Meta_GWO,42,20.0,50.0,20,0.775541682643023,24.4265556999396,0.14398157611477524
hill_valley,rf,Meta_PSO,42,20.0,50.0,20,0.775541682643023,24.4265556999396,0.14398157611477524
hill_valley,rf,Meta_WOA,42,20.0,50.0,20,0.775541682643023,24.4265556999396,0.14398157611477524
hill_valley,rf,Meta_GWO,99,20.0,50.0,20,0.775541682643023,24.4265556999396,0.14398157611477524
hill_valley,rf,Meta_PSO,99,20.0,50.0,20,0.775541682643023,24.4265556999396,0.14398157611477524
hill_valley,rf,Meta_WOA,99,20.0,50.0,20,0.775541682643023,24.4265556999396,0.14398157611477524
hill_valley,rf,Meta_GWO,123,20.0,50.0,20,0.775541682643023,24.4265556999396,0.14398157611477524
hill_valley,rf,Meta_PSO,123,20.0,50.0,20,0.7449724225680784,46.715887860475675,0.20455123433748554
hill_valley,rf,Meta_WOA,123,20.0,50.0,20,0.775541682643023,24.4265556999396,0.14398157611477524
hill_valley,rf,Meta_GWO,256,20.0,50.0,20,0.775541682643023,24.4265556999396,0.14398157611477524
hill_valley,rf,Meta_PSO,256,20.0,50.0,20,0.775541682643023,24.4265556999396,0.14398157611477524
hill_valley,rf,Meta_WOA,256,20.0,50.0,20,0.775541682643023,24.4265556999396,0.14398157611477524
hill_valley,rf,Meta_GWO,512,20.0,50.0,20,0.775541682643023,24.4265556999396,0.14398157611477524
hill_valley,rf,Meta_PSO,512,20.0,50.0,20,0.775541682643023,24.4265556999396,0.14398157611477524
hill_valley,rf,Meta_WOA,512,20.0,50.0,20,0.775541682643023,24.4265556999396,0.14398157611477524
hill_valley,rf,Meta_GWO,777,20.0,50.0,20,0.775541682643023,24.4265556999396,0.14398157611477524
hill_valley,rf,Meta_PSO,777,20.0,50.0,20,0.775541682643023,24.4265556999396,0.14398157611477524
hill_valley,rf,Meta_WOA,777,20.0,50.0,20,0.775541682643023,24.4265556999396,0.14398157611477524
hill_valley,rf,Meta_GWO,1000,20.0,50.0,20,0.7080538212323274,24.39742970069867,0.14978006684107928
hill_valley,rf,Meta_PSO,1000,20.0,50.0,20,0.775541682643023,24.4265556999396,0.14398157611477524
hill_valley,rf,Meta_WOA,1000,20.0,50.0,20,0.775541682643023,24.4265556999396,0.14398157611477524
hill_valley,rf,Meta_GWO,2024,20.0,50.0,20,0.775541682643023,24.4265556999396,0.14398157611477524
hill_valley,rf,Meta_PSO,2024,20.0,50.0,20,0.775541682643023,24.4265556999396,0.14398157611477524
hill_valley,rf,Meta_WOA,2024,20.0,50.0,20,0.775541682643023,24.4265556999396,0.14398157611477524
hill_valley,rf,Meta_GWO,0,50.0,30.0,20,0.7131071376966913,23.105702517341435,0.15416061599086986
hill_valley,rf,Meta_PSO,0,50.0,30.0,20,0.7213403716587373,22.21786731834393,0.15710717282356843
hill_valley,rf,Meta_WOA,0,50.0,30.0,20,0.775541682643023,24.4265556999396,0.14398157611477524
hill_valley,rf,Meta_GWO,7,50.0,30.0,20,0.775541682643023,24.4265556999396,0.14398157611477524
hill_valley,rf,Meta_PSO,7,50.0,30.0,20,0.7213403716587373,22.21786731834393,0.15710717282356843
hill_valley,rf,Meta_WOA,7,50.0,30.0,20,0.775541682643023,24.4265556999396,0.14398157611477524
hill_valley,rf,Meta_GWO,42,50.0,30.0,20,0.7131071376966913,23.105702517341435,0.15416061599086986
hill_valley,rf,Meta_PSO,42,50.0,30.0,20,0.775541682643023,24.4265556999396,0.14398157611477524
hill_valley,rf,Meta_WOA,42,50.0,30.0,20,0.775541682643023,24.4265556999396,0.14398157611477524
hill_valley,rf,Meta_GWO,99,50.0,30.0,20,0.775541682643023,24.4265556999396,0.14398157611477524
hill_valley,rf,Meta_PSO,99,50.0,30.0,20,0.775541682643023,24.4265556999396,0.14398157611477524
hill_valley,rf,Meta_WOA,99,50.0,30.0,20,0.775541682643023,24.4265556999396,0.14398157611477524
hill_valley,rf,Meta_GWO,123,50.0,30.0,20,0.775541682643023,24.4265556999396,0.14398157611477524
hill_valley,rf,Meta_PSO,123,50.0,30.0,20,0.775541682643023,24.4265556999396,0.14398157611477524
hill_valley,rf,Meta_WOA,123,50.0,30.0,20,0.775541682643023,24.4265556999396,0.14398157611477524
hill_valley,rf,Meta_GWO,256,50.0,30.0,20,0.775541682643023,24.4265556999396,0.14398157611477524
hill_valley,rf,Meta_PSO,256,50.0,30.0,20,0.7360687265740635,33.55512393103759,0.17670765082123974
hill_valley,rf,Meta_WOA,256,50.0,30.0,20,0.775541682643023,24.4265556999396,0.14398157611477524
hill_valley,rf,Meta_GWO,512,50.0,30.0,20,0.775541682643023,24.4265556999396,0.14398157611477524
hill_valley,rf,Meta_PSO,512,50.0,30.0,20,0.775541682643023,24.4265556999396,0.14398157611477524
hill_valley,rf,Meta_WOA,512,50.0,30.0,20,0.775541682643023,24.4265556999396,0.14398157611477524
hill_valley,rf,Meta_GWO,777,50.0,30.0,20,0.775541682643023,24.4265556999396,0.14398157611477524
hill_valley,rf,Meta_PSO,777,50.0,30.0,20,0.775541682643023,24.4265556999396,0.14398157611477524
hill_valley,rf,Meta_WOA,777,50.0,30.0,20,0.775541682643023,24.4265556999396,0.14398157611477524
hill_valley,rf,Meta_GWO,1000,50.0,30.0,20,0.775541682643023,24.4265556999396,0.14398157611477524
hill_valley,rf,Meta_PSO,1000,50.0,30.0,20,0.775541682643023,24.4265556999396,0.14398157611477524
hill_valley,rf,Meta_WOA,1000,50.0,30.0,20,0.775541682643023,24.4265556999396,0.14398157611477524
hill_valley,rf,Meta_GWO,2024,50.0,30.0,20,0.775541682643023,24.4265556999396,0.14398157611477524
hill_valley,rf,Meta_PSO,2024,50.0,30.0,20,0.775541682643023,24.4265556999396,0.14398157611477524
hill_valley,rf,Meta_WOA,2024,50.0,30.0,20,0.775541682643023,24.4265556999396,0.14398157611477524
hill_valley,rf,Meta_GWO,0,50.0,50.0,20,0.775541682643023,24.4265556999396,0.14398157611477524
hill_valley,rf,Meta_PSO,0,50.0,50.0,20,0.775541682643023,24.4265556999396,0.14398157611477524
hill_valley,rf,Meta_WOA,0,50.0,50.0,20,0.775541682643023,24.4265556999396,0.14398157611477524
hill_valley,rf,Meta_GWO,7,50.0,50.0,20,0.775541682643023,24.4265556999396,0.14398157611477524
hill_valley,rf,Meta_PSO,7,50.0,50.0,20,0.775541682643023,24.4265556999396,0.14398157611477524
hill_valley,rf,Meta_WOA,7,50.0,50.0,20,0.775541682643023,24.4265556999396,0.14398157611477524
hill_valley,rf,Meta_GWO,42,50.0,50.0,20,0.775541682643023,24.4265556999396,0.14398157611477524
hill_valley,rf,Meta_PSO,42,50.0,50.0,20,0.775541682643023,24.4265556999396,0.14398157611477524
hill_valley,rf,Meta_WOA,42,50.0,50.0,20,0.775541682643023,24.4265556999396,0.14398157611477524
hill_valley,rf,Meta_GWO,99,50.0,50.0,20,0.775541682643023,24.4265556999396,0.14398157611477524
hill_valley,rf,Meta_PSO,99,50.0,50.0,20,0.775541682643023,24.4265556999396,0.14398157611477524
hill_valley,rf,Meta_WOA,99,50.0,50.0,20,0.775541682643023,24.4265556999396,0.14398157611477524
hill_valley,rf,Meta_GWO,123,50.0,50.0,20,0.775541682643023,24.4265556999396,0.14398157611477524
hill_valley,rf,Meta_PSO,123,50.0,50.0,20,0.775541682643023,24.4265556999396,0.14398157611477524
hill_valley,rf,Meta_WOA,123,50.0,50.0,20,0.775541682643023,24.4265556999396,0.14398157611477524
hill_valley,rf,Meta_GWO,256,50.0,50.0,20,0.775541682643023,24.4265556999396,0.14398157611477524
hill_valley,rf,Meta_PSO,256,50.0,50.0,20,0.775541682643023,24.4265556999396,0.14398157611477524
hill_valley,rf,Meta_WOA,256,50.0,50.0,20,0.775541682643023,24.4265556999396,0.14398157611477524
hill_valley,rf,Meta_GWO,512,50.0,50.0,20,0.775541682643023,24.4265556999396,0.14398157611477524
hill_valley,rf,Meta_PSO,512,50.0,50.0,20,0.775541682643023,24.4265556999396,0.14398157611477524
hill_valley,rf,Meta_WOA,512,50.0,50.0,20,0.775541682643023,24.4265556999396,0.14398157611477524
hill_valley,rf,Meta_GWO,777,50.0,50.0,20,0.775541682643023,24.4265556999396,0.14398157611477524
hill_valley,rf,Meta_PSO,777,50.0,50.0,20,0.7360687265740635,33.5551239310376,0.17670765082123974
hill_valley,rf,Meta_WOA,777,50.0,50.0,20,0.775541682643023,24.4265556999396,0.14398157611477524
hill_valley,rf,Meta_GWO,1000,50.0,50.0,20,0.775541682643023,24.4265556999396,0.14398157611477524
hill_valley,rf,Meta_PSO,1000,50.0,50.0,20,0.775541682643023,24.4265556999396,0.14398157611477524
hill_valley,rf,Meta_WOA,1000,50.0,50.0,20,0.775541682643023,24.4265556999396,0.14398157611477524
hill_valley,rf,Meta_GWO,2024,50.0,50.0,20,0.7080538212323274,24.397429700698666,0.1497800668410793
hill_valley,rf,Meta_PSO,2024,50.0,50.0,20,0.775541682643023,24.4265556999396,0.14398157611477524
hill_valley,rf,Meta_WOA,2024,50.0,50.0,20,0.775541682643023,24.4265556999396,0.14398157611477524
hill_valley,rf,EvoCluster_PSO,0,20.0,30.0,2,0.775541682643023,24.4265556999396,0.14398157611477524
hill_valley,rf,EvoCluster_PSO,7,20.0,30.0,2,0.775541682643023,24.4265556999396,0.14398157611477524
hill_valley,rf,EvoCluster_PSO,42,20.0,30.0,2,0.775541682643023,24.4265556999396,0.14398157611477524
hill_valley,rf,EvoCluster_PSO,99,20.0,30.0,4,0.7213403716587373,22.21786731834393,0.15710717282356843
hill_valley,rf,EvoCluster_PSO,123,20.0,30.0,2,0.775541682643023,24.4265556999396,0.14398157611477524
hill_valley,rf,EvoCluster_PSO,256,20.0,30.0,2,0.775541682643023,24.4265556999396,0.14398157611477524
hill_valley,rf,EvoCluster_PSO,512,20.0,30.0,2,0.775541682643023,24.4265556999396,0.14398157611477524
hill_valley,rf,EvoCluster_PSO,777,20.0,30.0,2,0.775541682643023,24.4265556999396,0.14398157611477524
hill_valley,rf,EvoCluster_PSO,1000,20.0,30.0,2,0.775541682643023,24.4265556999396,0.14398157611477524
hill_valley,rf,EvoCluster_PSO,2024,20.0,30.0,2,0.775541682643023,24.4265556999396,0.14398157611477524
hill_valley,rf,EvoCluster_PSO,0,20.0,50.0,2,0.775541682643023,24.4265556999396,0.14398157611477524
hill_valley,rf,EvoCluster_PSO,7,20.0,50.0,2,0.775541682643023,24.4265556999396,0.14398157611477524
hill_valley,rf,EvoCluster_PSO,42,20.0,50.0,2,0.775541682643023,24.4265556999396,0.14398157611477524
hill_valley,rf,EvoCluster_PSO,99,20.0,50.0,2,0.775541682643023,24.4265556999396,0.14398157611477524
hill_valley,rf,EvoCluster_PSO,123,20.0,50.0,2,0.775541682643023,24.4265556999396,0.14398157611477524
hill_valley,rf,EvoCluster_PSO,256,20.0,50.0,2,0.775541682643023,24.4265556999396,0.14398157611477524
hill_valley,rf,EvoCluster_PSO,512,20.0,50.0,6,0.7080538212323274,24.397429700698666,0.14978006684107928
hill_valley,rf,EvoCluster_PSO,777,20.0,50.0,2,0.775541682643023,24.4265556999396,0.14398157611477524
hill_valley,rf,EvoCluster_PSO,1000,20.0,50.0,2,0.775541682643023,24.4265556999396,0.14398157611477524
hill_valley,rf,EvoCluster_PSO,2024,20.0,50.0,2,0.775541682643023,24.4265556999396,0.14398157611477524
hill_valley,rf,EvoCluster_PSO,0,50.0,30.0,2,0.775541682643023,24.4265556999396,0.14398157611477524
hill_valley,rf,EvoCluster_PSO,7,50.0,30.0,2,0.775541682643023,24.4265556999396,0.14398157611477524
hill_valley,rf,EvoCluster_PSO,42,50.0,30.0,2,0.775541682643023,24.4265556999396,0.14398157611477524
hill_valley,rf,EvoCluster_PSO,99,50.0,30.0,2,0.775541682643023,24.4265556999396,0.14398157611477524
hill_valley,rf,EvoCluster_PSO,123,50.0,30.0,2,0.775541682643023,24.4265556999396,0.14398157611477524
hill_valley,rf,EvoCluster_PSO,256,50.0,30.0,2,0.775541682643023,24.4265556999396,0.14398157611477524
hill_valley,rf,EvoCluster_PSO,512,50.0,30.0,2,0.775541682643023,24.4265556999396,0.14398157611477524
hill_valley,rf,EvoCluster_PSO,777,50.0,30.0,2,0.775541682643023,24.4265556999396,0.14398157611477524
hill_valley,rf,EvoCluster_PSO,1000,50.0,30.0,2,0.775541682643023,24.4265556999396,0.14398157611477524
hill_valley,rf,EvoCluster_PSO,2024,50.0,30.0,2,0.775541682643023,24.4265556999396,0.14398157611477524
hill_valley,rf,EvoCluster_PSO,0,50.0,50.0,2,0.775541682643023,24.4265556999396,0.14398157611477524
hill_valley,rf,EvoCluster_PSO,7,50.0,50.0,2,0.775541682643023,24.4265556999396,0.14398157611477524
hill_valley,rf,EvoCluster_PSO,42,50.0,50.0,2,0.775541682643023,24.4265556999396,0.14398157611477524
hill_valley,rf,EvoCluster_PSO,99,50.0,50.0,2,0.775541682643023,24.4265556999396,0.14398157611477524
hill_valley,rf,EvoCluster_PSO,123,50.0,50.0,2,0.775541682643023,24.4265556999396,0.14398157611477524
hill_valley,rf,EvoCluster_PSO,256,50.0,50.0,2,0.775541682643023,24.4265556999396,0.14398157611477524
hill_valley,rf,EvoCluster_PSO,512,50.0,50.0,2,0.775541682643023,24.4265556999396,0.14398157611477524
hill_valley,rf,EvoCluster_PSO,777,50.0,50.0,2,0.775541682643023,24.4265556999396,0.14398157611477524
hill_valley,rf,EvoCluster_PSO,1000,50.0,50.0,2,0.775541682643023,24.4265556999396,0.14398157611477524
hill_valley,rf,EvoCluster_PSO,2024,50.0,50.0,2,0.775541682643023,24.4265556999396,0.14398157611477524
hill_valley,svm,AffinityPropagation,0,,,27,0.631038599988932,9638.423490646337,0.3229270444974258
hill_valley,svm,AffinityPropagation,7,,,112,0.15409284598819187,1488.5110081047249,0.24822656978165436
hill_valley,svm,AffinityPropagation,42,,,25,0.6326185696263388,8209.394541255664,0.3132558542554391
hill_valley,svm,AffinityPropagation,99,,,27,0.631038599988932,9638.423490646337,0.3229270444974258
hill_valley,svm,AffinityPropagation,123,,,28,0.6182792030736785,12668.983366704017,0.33220734116354744
hill_valley,svm,AffinityPropagation,256,,,27,0.6156919390551638,10408.726512181485,0.38821662052350736
hill_valley,svm,AffinityPropagation,512,,,27,0.631038599988932,9638.423490646337,0.32292704449742576
hill_valley,svm,AffinityPropagation,777,,,27,0.6209658292942539,11374.061482015497,0.2960696845138414
hill_valley,svm,AffinityPropagation,1000,,,126,0.1106061316392788,1069.6864908921918,0.22135418378653732
hill_valley,svm,AffinityPropagation,2024,,,28,0.6182792030736785,12668.983366704017,0.33220734116354744
hill_valley,svm,Meta_GWO,0,20.0,30.0,20,0.8659433410945543,71.94489721547191,0.07722722067992689
hill_valley,svm,Meta_PSO,0,20.0,30.0,20,0.8916134019316849,69.31005645277152,0.07120605735271562
hill_valley,svm,Meta_WOA,0,20.0,30.0,20,0.8916134019316849,69.31005645277152,0.07120605735271562
hill_valley,svm,Meta_GWO,7,20.0,30.0,20,0.8916134019316849,69.31005645277152,0.07120605735271562
hill_valley,svm,Meta_PSO,7,20.0,30.0,20,0.8659433410945543,71.94489721547191,0.07722722067992689
hill_valley,svm,Meta_WOA,7,20.0,30.0,20,0.8916134019316849,69.31005645277152,0.07120605735271562
hill_valley,svm,Meta_GWO,42,20.0,30.0,20,0.8916134019316849,69.31005645277152,0.07120605735271562
hill_valley,svm,Meta_PSO,42,20.0,30.0,20,0.8475077050298061,76.64773240838008,0.079362912904103
hill_valley,svm,Meta_WOA,42,20.0,30.0,20,0.8916134019316849,69.31005645277152,0.07120605735271562
hill_valley,svm,Meta_GWO,99,20.0,30.0,20,0.8916134019316849,69.31005645277152,0.07120605735271562
hill_valley,svm,Meta_PSO,99,20.0,30.0,20,0.8475077050298061,76.64773240838008,0.079362912904103
hill_valley,svm,Meta_WOA,99,20.0,30.0,20,0.8916134019316849,69.31005645277152,0.07120605735271562
hill_valley,svm,Meta_GWO,123,20.0,30.0,20,0.8475077050298061,76.64773240838008,0.079362912904103
hill_valley,svm,Meta_PSO,123,20.0,30.0,20,0.8659433410945543,71.94489721547191,0.07722722067992689
hill_valley,svm,Meta_WOA,123,20.0,30.0,20,0.8916134019316849,69.31005645277152,0.07120605735271562
hill_valley,svm,Meta_GWO,256,20.0,30.0,20,0.8475077050298061,76.64773240838008,0.079362912904103
hill_valley,svm,Meta_PSO,256,20.0,30.0,20,0.8916134019316849,69.31005645277152,0.07120605735271562
hill_valley,svm,Meta_WOA,256,20.0,30.0,20,0.8916134019316849,69.31005645277152,0.07120605735271562
hill_valley,svm,Meta_GWO,512,20.0,30.0,20,0.8659433410945543,71.94489721547191,0.07722722067992689
hill_valley,svm,Meta_PSO,512,20.0,30.0,20,0.8916134019316849,69.31005645277152,0.07120605735271562
hill_valley,svm,Meta_WOA,512,20.0,30.0,20,0.8916134019316849,69.31005645277152,0.07120605735271562
hill_valley,svm,Meta_GWO,777,20.0,30.0,20,0.8659433410945543,71.94489721547191,0.07722722067992689
hill_valley,svm,Meta_PSO,777,20.0,30.0,20,0.8659433410945543,71.94489721547191,0.07722722067992689
hill_valley,svm,Meta_WOA,777,20.0,30.0,20,0.8916134019316849,69.31005645277152,0.07120605735271562
hill_valley,svm,Meta_GWO,1000,20.0,30.0,20,0.8659433410945543,71.9448972154719,0.07722722067992689
hill_valley,svm,Meta_PSO,1000,20.0,30.0,20,0.8916134019316849,69.31005645277152,0.07120605735271562
hill_valley,svm,Meta_WOA,1000,20.0,30.0,20,0.8916134019316849,69.31005645277152,0.07120605735271562
hill_valley,svm,Meta_GWO,2024,20.0,30.0,20,0.8916134019316849,69.31005645277152,0.07120605735271562
hill_valley,svm,Meta_PSO,2024,20.0,30.0,20,0.8475077050298061,76.64773240838008,0.079362912904103
hill_valley,svm,Meta_WOA,2024,20.0,30.0,20,0.8916134019316849,69.31005645277152,0.07120605735271562
hill_valley,svm,Meta_GWO,0,20.0,50.0,20,0.8916134019316849,69.31005645277152,0.07120605735271562
hill_valley,svm,Meta_PSO,0,20.0,50.0,20,0.8659433410945543,71.94489721547191,0.07722722067992689
hill_valley,svm,Meta_WOA,0,20.0,50.0,20,0.8916134019316849,69.31005645277152,0.07120605735271562
hill_valley,svm,Meta_GWO,7,20.0,50.0,20,0.8916134019316849,69.31005645277152,0.07120605735271562
hill_valley,svm,Meta_PSO,7,20.0,50.0,20,0.8659433410945543,71.94489721547191,0.07722722067992689
hill_valley,svm,Meta_WOA,7,20.0,50.0,20,0.8916134019316849,69.31005645277152,0.07120605735271562
hill_valley,svm,Meta_GWO,42,20.0,50.0,20,0.8916134019316849,69.31005645277152,0.07120605735271562
hill_valley,svm,Meta_PSO,42,20.0,50.0,20,0.8916134019316849,69.31005645277152,0.07120605735271562
hill_valley,svm,Meta_WOA,42,20.0,50.0,20,0.8916134019316849,69.31005645277152,0.07120605735271562
hill_valley,svm,Meta_GWO,99,20.0,50.0,20,0.8659433410945543,71.94489721547191,0.07722722067992689
hill_valley,svm,Meta_PSO,99,20.0,50.0,20,0.8475077050298061,76.64773240838008,0.079362912904103
hill_valley,svm,Meta_WOA,99,20.0,50.0,20,0.8916134019316849,69.31005645277152,0.07120605735271562
hill_valley,svm,Meta_GWO,123,20.0,50.0,20,0.8916134019316849,69.31005645277152,0.07120605735271562
hill_valley,svm,Meta_PSO,123,20.0,50.0,20,0.8916134019316849,69.31005645277152,0.07120605735271562
hill_valley,svm,Meta_WOA,123,20.0,50.0,20,0.8916134019316849,69.31005645277152,0.07120605735271562
hill_valley,svm,Meta_GWO,256,20.0,50.0,20,0.8916134019316849,69.31005645277152,0.07120605735271562
hill_valley,svm,Meta_PSO,256,20.0,50.0,20,0.8916134019316849,69.31005645277152,0.07120605735271562
hill_valley,svm,Meta_WOA,256,20.0,50.0,20,0.8916134019316849,69.31005645277152,0.07120605735271562
hill_valley,svm,Meta_GWO,512,20.0,50.0,20,0.8916134019316849,69.31005645277152,0.07120605735271562
hill_valley,svm,Meta_PSO,512,20.0,50.0,20,0.8659433410945543,71.94489721547191,0.07722722067992689
hill_valley,svm,Meta_WOA,512,20.0,50.0,20,0.8916134019316849,69.31005645277152,0.07120605735271562
hill_valley,svm,Meta_GWO,777,20.0,50.0,20,0.8916134019316849,69.31005645277152,0.07120605735271562
hill_valley,svm,Meta_PSO,777,20.0,50.0,20,0.8659433410945543,71.9448972154719,0.07722722067992689
hill_valley,svm,Meta_WOA,777,20.0,50.0,20,0.8916134019316849,69.31005645277152,0.07120605735271562
hill_valley,svm,Meta_GWO,1000,20.0,50.0,20,0.8659433410945543,71.9448972154719,0.07722722067992689
hill_valley,svm,Meta_PSO,1000,20.0,50.0,20,0.8916134019316849,69.31005645277152,0.07120605735271562
hill_valley,svm,Meta_WOA,1000,20.0,50.0,20,0.8916134019316849,69.31005645277152,0.07120605735271562
hill_valley,svm,Meta_GWO,2024,20.0,50.0,20,0.8916134019316849,69.31005645277152,0.07120605735271562
hill_valley,svm,Meta_PSO,2024,20.0,50.0,20,0.8916134019316849,69.31005645277152,0.07120605735271562
hill_valley,svm,Meta_WOA,2024,20.0,50.0,20,0.8916134019316849,69.31005645277152,0.07120605735271562
hill_valley,svm,Meta_GWO,0,50.0,30.0,20,0.8916134019316849,69.31005645277152,0.07120605735271562
hill_valley,svm,Meta_PSO,0,50.0,30.0,20,0.8916134019316849,69.31005645277152,0.07120605735271562
hill_valley,svm,Meta_WOA,0,50.0,30.0,20,0.8916134019316849,69.31005645277152,0.07120605735271562
hill_valley,svm,Meta_GWO,7,50.0,30.0,20,0.8916134019316849,69.31005645277152,0.07120605735271562
hill_valley,svm,Meta_PSO,7,50.0,30.0,20,0.8916134019316849,69.31005645277152,0.07120605735271562
hill_valley,svm,Meta_WOA,7,50.0,30.0,20,0.8916134019316849,69.31005645277152,0.07120605735271562
hill_valley,svm,Meta_GWO,42,50.0,30.0,20,0.8916134019316849,69.31005645277152,0.07120605735271562
hill_valley,svm,Meta_PSO,42,50.0,30.0,20,0.8916134019316849,69.31005645277152,0.07120605735271562
hill_valley,svm,Meta_WOA,42,50.0,30.0,20,0.8916134019316849,69.31005645277152,0.07120605735271562
hill_valley,svm,Meta_GWO,99,50.0,30.0,20,0.8916134019316849,69.31005645277152,0.07120605735271562
hill_valley,svm,Meta_PSO,99,50.0,30.0,20,0.8659433410945543,71.94489721547191,0.07722722067992689
hill_valley,svm,Meta_WOA,99,50.0,30.0,20,0.8916134019316849,69.31005645277152,0.07120605735271562
hill_valley,svm,Meta_GWO,123,50.0,30.0,20,0.8659433410945543,71.94489721547191,0.07722722067992689
hill_valley,svm,Meta_PSO,123,50.0,30.0,20,0.8916134019316849,69.31005645277152,0.07120605735271562
hill_valley,svm,Meta_WOA,123,50.0,30.0,20,0.8916134019316849,69.31005645277152,0.07120605735271562
hill_valley,svm,Meta_GWO,256,50.0,30.0,20,0.8916134019316849,69.31005645277152,0.07120605735271562
hill_valley,svm,Meta_PSO,256,50.0,30.0,20,0.8659433410945543,71.94489721547191,0.07722722067992689
hill_valley,svm,Meta_WOA,256,50.0,30.0,20,0.8916134019316849,69.31005645277152,0.07120605735271562
hill_valley,svm,Meta_GWO,512,50.0,30.0,20,0.8659433410945543,71.94489721547191,0.07722722067992689
hill_valley,svm,Meta_PSO,512,50.0,30.0,20,0.8659433410945543,71.94489721547191,0.07722722067992689
hill_valley,svm,Meta_WOA,512,50.0,30.0,20,0.8916134019316849,69.31005645277152,0.07120605735271562
hill_valley,svm,Meta_GWO,777,50.0,30.0,20,0.8916134019316849,69.31005645277152,0.07120605735271562
hill_valley,svm,Meta_PSO,777,50.0,30.0,20,0.8659433410945543,71.9448972154719,0.07722722067992689
hill_valley,svm,Meta_WOA,777,50.0,30.0,20,0.8916134019316849,69.31005645277152,0.07120605735271562
hill_valley,svm,Meta_GWO,1000,50.0,30.0,20,0.8916134019316849,69.31005645277152,0.07120605735271562
hill_valley,svm,Meta_PSO,1000,50.0,30.0,20,0.8916134019316849,69.31005645277152,0.07120605735271562
hill_valley,svm,Meta_WOA,1000,50.0,30.0,20,0.8916134019316849,69.31005645277152,0.07120605735271562
hill_valley,svm,Meta_GWO,2024,50.0,30.0,20,0.8916134019316849,69.31005645277152,0.07120605735271562
hill_valley,svm,Meta_PSO,2024,50.0,30.0,20,0.8916134019316849,69.31005645277152,0.07120605735271562
hill_valley,svm,Meta_WOA,2024,50.0,30.0,20,0.8916134019316849,69.31005645277152,0.07120605735271562
hill_valley,svm,Meta_GWO,0,50.0,50.0,20,0.8916134019316849,69.31005645277152,0.07120605735271562
hill_valley,svm,Meta_PSO,0,50.0,50.0,20,0.8916134019316849,69.31005645277152,0.07120605735271562
hill_valley,svm,Meta_WOA,0,50.0,50.0,20,0.8916134019316849,69.31005645277152,0.07120605735271562
hill_valley,svm,Meta_GWO,7,50.0,50.0,20,0.8916134019316849,69.31005645277152,0.07120605735271562
hill_valley,svm,Meta_PSO,7,50.0,50.0,20,0.8659433410945543,71.94489721547191,0.07722722067992689
hill_valley,svm,Meta_WOA,7,50.0,50.0,20,0.8916134019316849,69.31005645277152,0.07120605735271562
hill_valley,svm,Meta_GWO,42,50.0,50.0,20,0.8659433410945543,71.94489721547191,0.07722722067992689
hill_valley,svm,Meta_PSO,42,50.0,50.0,20,0.8916134019316849,69.31005645277152,0.07120605735271562
hill_valley,svm,Meta_WOA,42,50.0,50.0,20,0.8916134019316849,69.31005645277152,0.07120605735271562
hill_valley,svm,Meta_GWO,99,50.0,50.0,20,0.8916134019316849,69.31005645277152,0.07120605735271562
hill_valley,svm,Meta_PSO,99,50.0,50.0,20,0.8659433410945543,71.9448972154719,0.07722722067992689
hill_valley,svm,Meta_WOA,99,50.0,50.0,20,0.8916134019316849,69.31005645277152,0.07120605735271562
hill_valley,svm,Meta_GWO,123,50.0,50.0,20,0.8916134019316849,69.31005645277152,0.07120605735271562
hill_valley,svm,Meta_PSO,123,50.0,50.0,20,0.8916134019316849,69.31005645277152,0.07120605735271562
hill_valley,svm,Meta_WOA,123,50.0,50.0,20,0.8916134019316849,69.31005645277152,0.07120605735271562
hill_valley,svm,Meta_GWO,256,50.0,50.0,20,0.8916134019316849,69.31005645277152,0.07120605735271562
hill_valley,svm,Meta_PSO,256,50.0,50.0,20,0.8916134019316849,69.31005645277152,0.07120605735271562
hill_valley,svm,Meta_WOA,256,50.0,50.0,20,0.8916134019316849,69.31005645277152,0.07120605735271562
hill_valley,svm,Meta_GWO,512,50.0,50.0,20,0.8916134019316849,69.31005645277152,0.07120605735271562
hill_valley,svm,Meta_PSO,512,50.0,50.0,20,0.8916134019316849,69.31005645277152,0.07120605735271562
hill_valley,svm,Meta_WOA,512,50.0,50.0,20,0.8916134019316849,69.31005645277152,0.07120605735271562
hill_valley,svm,Meta_GWO,777,50.0,50.0,20,0.8916134019316849,69.31005645277152,0.07120605735271562
hill_valley,svm,Meta_PSO,777,50.0,50.0,20,0.8916134019316849,69.31005645277152,0.07120605735271562
hill_valley,svm,Meta_WOA,777,50.0,50.0,20,0.8916134019316849,69.31005645277152,0.07120605735271562
hill_valley,svm,Meta_GWO,1000,50.0,50.0,20,0.8916134019316849,69.31005645277152,0.07120605735271562
hill_valley,svm,Meta_PSO,1000,50.0,50.0,20,0.8916134019316849,69.31005645277152,0.07120605735271562
hill_valley,svm,Meta_WOA,1000,50.0,50.0,20,0.8916134019316849,69.31005645277152,0.07120605735271562
hill_valley,svm,Meta_GWO,2024,50.0,50.0,20,0.8916134019316849,69.31005645277152,0.07120605735271562
hill_valley,svm,Meta_PSO,2024,50.0,50.0,20,0.8916134019316849,69.31005645277152,0.07120605735271562
hill_valley,svm,Meta_WOA,2024,50.0,50.0,20,0.8916134019316849,69.31005645277152,0.07120605735271562
hill_valley,svm,EvoCluster_PSO,0,20.0,30.0,2,0.8916134019316849,69.31005645277152,0.07120605735271562
hill_valley,svm,EvoCluster_PSO,7,20.0,30.0,3,0.8659433410945543,71.94489721547191,0.07722722067992689
hill_valley,svm,EvoCluster_PSO,42,20.0,30.0,2,0.8916134019316849,69.31005645277152,0.07120605735271562
hill_valley,svm,EvoCluster_PSO,99,20.0,30.0,2,0.8916134019316849,69.31005645277152,0.07120605735271562
hill_valley,svm,EvoCluster_PSO,123,20.0,30.0,2,0.8916134019316849,69.31005645277152,0.07120605735271562
hill_valley,svm,EvoCluster_PSO,256,20.0,30.0,2,0.8916134019316849,69.31005645277152,0.07120605735271562
hill_valley,svm,EvoCluster_PSO,512,20.0,30.0,2,0.8916134019316849,69.31005645277152,0.07120605735271562
hill_valley,svm,EvoCluster_PSO,777,20.0,30.0,2,0.8916134019316849,69.31005645277152,0.07120605735271562
hill_valley,svm,EvoCluster_PSO,1000,20.0,30.0,3,0.8659433410945543,71.94489721547191,0.07722722067992689
hill_valley,svm,EvoCluster_PSO,2024,20.0,30.0,3,0.8659433410945543,71.94489721547191,0.07722722067992689
hill_valley,svm,EvoCluster_PSO,0,20.0,50.0,2,0.8916134019316849,69.31005645277152,0.07120605735271562
hill_valley,svm,EvoCluster_PSO,7,20.0,50.0,2,0.8916134019316849,69.31005645277152,0.07120605735271562
hill_valley,svm,EvoCluster_PSO,42,20.0,50.0,2,0.8916134019316849,69.31005645277152,0.07120605735271562
hill_valley,svm,EvoCluster_PSO,99,20.0,50.0,3,0.8659433410945543,71.9448972154719,0.07722722067992689
hill_valley,svm,EvoCluster_PSO,123,20.0,50.0,2,0.8916134019316849,69.31005645277152,0.07120605735271562
hill_valley,svm,EvoCluster_PSO,256,20.0,50.0,2,0.8916134019316849,69.31005645277152,0.07120605735271562
hill_valley,svm,EvoCluster_PSO,512,20.0,50.0,2,0.8916134019316849,69.31005645277152,0.07120605735271562
hill_valley,svm,EvoCluster_PSO,777,20.0,50.0,2,0.8916134019316849,69.31005645277152,0.07120605735271562
hill_valley,svm,EvoCluster_PSO,1000,20.0,50.0,4,0.8475077050298061,76.64773240838008,0.079362912904103
hill_valley,svm,EvoCluster_PSO,2024,20.0,50.0,2,0.8916134019316849,69.31005645277152,0.07120605735271562
hill_valley,svm,EvoCluster_PSO,0,50.0,30.0,2,0.8916134019316849,69.31005645277152,0.07120605735271562
hill_valley,svm,EvoCluster_PSO,7,50.0,30.0,2,0.8916134019316849,69.31005645277152,0.07120605735271562
hill_valley,svm,EvoCluster_PSO,42,50.0,30.0,2,0.8916134019316849,69.31005645277152,0.07120605735271562
hill_valley,svm,EvoCluster_PSO,99,50.0,30.0,2,0.8916134019316849,69.31005645277152,0.07120605735271562
hill_valley,svm,EvoCluster_PSO,123,50.0,30.0,2,0.8916134019316849,69.31005645277152,0.07120605735271562
hill_valley,svm,EvoCluster_PSO,256,50.0,30.0,3,0.8659433410945543,71.9448972154719,0.07722722067992689
hill_valley,svm,EvoCluster_PSO,512,50.0,30.0,2,0.8916134019316849,69.31005645277152,0.07120605735271562
hill_valley,svm,EvoCluster_PSO,777,50.0,30.0,2,0.8916134019316849,69.31005645277152,0.07120605735271562
hill_valley,svm,EvoCluster_PSO,1000,50.0,30.0,2,0.8916134019316849,69.31005645277152,0.07120605735271562
hill_valley,svm,EvoCluster_PSO,2024,50.0,30.0,3,0.8659433410945543,71.94489721547191,0.07722722067992689
hill_valley,svm,EvoCluster_PSO,0,50.0,50.0,3,0.8659433410945543,71.94489721547191,0.07722722067992689
hill_valley,svm,EvoCluster_PSO,7,50.0,50.0,2,0.8916134019316849,69.31005645277152,0.07120605735271562
hill_valley,svm,EvoCluster_PSO,42,50.0,50.0,2,0.8916134019316849,69.31005645277152,0.07120605735271562
hill_valley,svm,EvoCluster_PSO,99,50.0,50.0,2,0.8916134019316849,69.31005645277152,0.07120605735271562
hill_valley,svm,EvoCluster_PSO,123,50.0,50.0,2,0.8916134019316849,69.31005645277152,0.07120605735271562
hill_valley,svm,EvoCluster_PSO,256,50.0,50.0,2,0.8916134019316849,69.31005645277152,0.07120605735271562
hill_valley,svm,EvoCluster_PSO,512,50.0,50.0,2,0.8916134019316849,69.31005645277152,0.07120605735271562
hill_valley,svm,EvoCluster_PSO,777,50.0,50.0,2,0.8916134019316849,69.31005645277152,0.07120605735271562
hill_valley,svm,EvoCluster_PSO,1000,50.0,50.0,2,0.8916134019316849,69.31005645277152,0.07120605735271562
hill_valley,svm,EvoCluster_PSO,2024,50.0,50.0,2,0.8916134019316849,69.31005645277152,0.07120605735271562
hill_valley,xgb,AffinityPropagation,0,,,26,0.6280360810823561,4136.919725320731,0.22394846002122828
hill_valley,xgb,AffinityPropagation,7,,,26,0.6280360810823561,4136.919725320731,0.22394846002122828
hill_valley,xgb,AffinityPropagation,42,,,26,0.6280360810823561,4136.919725320731,0.22394846002122828
hill_valley,xgb,AffinityPropagation,99,,,94,0.14566334753528887,861.5889983574888,0.3302212496942243
hill_valley,xgb,AffinityPropagation,123,,,102,0.16422838463587575,700.3802513960135,0.22180405119508648
hill_valley,xgb,AffinityPropagation,256,,,26,0.6280360810823561,4136.919725320731,0.22394846002122828
hill_valley,xgb,AffinityPropagation,512,,,26,0.6280360810823561,4136.919725320731,0.22394846002122828
hill_valley,xgb,AffinityPropagation,777,,,26,0.6280360810823561,4136.919725320731,0.22394846002122828
hill_valley,xgb,AffinityPropagation,1000,,,108,0.1330420545868617,604.8204223427934,0.20731778438307907
hill_valley,xgb,AffinityPropagation,2024,,,107,0.1392414080776428,597.3490840258887,0.20953784668471917
hill_valley,xgb,Meta_GWO,0,20.0,30.0,20,0.7857852514984464,27.36975009521393,0.1303428903441129
hill_valley,xgb,Meta_PSO,0,20.0,30.0,20,0.7389195051438301,27.763073477139066,0.1357904989794229
hill_valley,xgb,Meta_WOA,0,20.0,30.0,20,0.7857852514984464,27.36975009521393,0.1303428903441129
hill_valley,xgb,Meta_GWO,7,20.0,30.0,20,0.7857852514984464,27.36975009521393,0.1303428903441129
hill_valley,xgb,Meta_PSO,7,20.0,30.0,20,0.7857852514984464,27.36975009521393,0.1303428903441129
hill_valley,xgb,Meta_WOA,7,20.0,30.0,20,0.7857852514984464,27.36975009521393,0.1303428903441129
hill_valley,xgb,Meta_GWO,42,20.0,30.0,20,0.7857852514984464,27.36975009521393,0.1303428903441129
hill_valley,xgb,Meta_PSO,42,20.0,30.0,20,0.7857852514984464,27.36975009521393,0.1303428903441129
hill_valley,xgb,Meta_WOA,42,20.0,30.0,20,0.7857852514984464,27.36975009521393,0.1303428903441129
hill_valley,xgb,Meta_GWO,99,20.0,30.0,20,0.7389195051438301,27.763073477139066,0.1357904989794229
hill_valley,xgb,Meta_PSO,99,20.0,30.0,20,0.7857852514984464,27.36975009521393,0.1303428903441129
hill_valley,xgb,Meta_WOA,99,20.0,30.0,20,0.7857852514984464,27.36975009521393,0.1303428903441129
hill_valley,xgb,Meta_GWO,123,20.0,30.0,20,0.7857852514984464,27.36975009521393,0.1303428903441129
hill_valley,xgb,Meta_PSO,123,20.0,30.0,20,0.7857852514984464,27.36975009521393,0.1303428903441129
hill_valley,xgb,Meta_WOA,123,20.0,30.0,20,0.7857852514984464,27.36975009521393,0.1303428903441129
hill_valley,xgb,Meta_GWO,256,20.0,30.0,20,0.7857852514984464,27.36975009521393,0.1303428903441129
hill_valley,xgb,Meta_PSO,256,20.0,30.0,20,0.7857852514984464,27.36975009521393,0.1303428903441129
hill_valley,xgb,Meta_WOA,256,20.0,30.0,20,0.7857852514984464,27.36975009521393,0.1303428903441129
hill_valley,xgb,Meta_GWO,512,20.0,30.0,20,0.7857852514984464,27.36975009521393,0.1303428903441129
hill_valley,xgb,Meta_PSO,512,20.0,30.0,20,0.7857852514984464,27.36975009521393,0.1303428903441129
hill_valley,xgb,Meta_WOA,512,20.0,30.0,20,0.7857852514984464,27.36975009521393,0.1303428903441129
hill_valley,xgb,Meta_GWO,777,20.0,30.0,20,0.7857852514984464,27.36975009521393,0.1303428903441129
hill_valley,xgb,Meta_PSO,777,20.0,30.0,20,0.7857852514984464,27.36975009521393,0.1303428903441129
hill_valley,xgb,Meta_WOA,777,20.0,30.0,20,0.7857852514984464,27.36975009521393,0.1303428903441129
hill_valley,xgb,Meta_GWO,1000,20.0,30.0,20,0.7857852514984464,27.36975009521393,0.1303428903441129
hill_valley,xgb,Meta_PSO,1000,20.0,30.0,20,0.7857852514984464,27.36975009521393,0.1303428903441129
hill_valley,xgb,Meta_WOA,1000,20.0,30.0,20,0.7857852514984464,27.36975009521393,0.1303428903441129
hill_valley,xgb,Meta_GWO,2024,20.0,30.0,20,0.7857852514984464,27.36975009521393,0.1303428903441129
hill_valley,xgb,Meta_PSO,2024,20.0,30.0,20,0.7389195051438301,27.763073477139066,0.1357904989794229
hill_valley,xgb,Meta_WOA,2024,20.0,30.0,20,0.7857852514984464,27.36975009521393,0.1303428903441129
hill_valley,xgb,Meta_GWO,0,20.0,50.0,20,0.7857852514984464,27.36975009521393,0.1303428903441129
hill_valley,xgb,Meta_PSO,0,20.0,50.0,20,0.7857852514984464,27.36975009521393,0.1303428903441129
hill_valley,xgb,Meta_WOA,0,20.0,50.0,20,0.7857852514984464,27.36975009521393,0.1303428903441129
hill_valley,xgb,Meta_GWO,7,20.0,50.0,20,0.7857852514984464,27.36975009521393,0.1303428903441129
hill_valley,xgb,Meta_PSO,7,20.0,50.0,20,0.7857852514984464,27.36975009521393,0.1303428903441129
hill_valley,xgb,Meta_WOA,7,20.0,50.0,20,0.7857852514984464,27.36975009521393,0.1303428903441129
hill_valley,xgb,Meta_GWO,42,20.0,50.0,20,0.7857852514984464,27.36975009521393,0.1303428903441129
hill_valley,xgb,Meta_PSO,42,20.0,50.0,20,0.7108624611844245,27.891369509858716,0.13834562670881126
hill_valley,xgb,Meta_WOA,42,20.0,50.0,20,0.7857852514984464,27.36975009521393,0.1303428903441129
hill_valley,xgb,Meta_GWO,99,20.0,50.0,20,0.7857852514984464,27.36975009521393,0.1303428903441129
hill_valley,xgb,Meta_PSO,99,20.0,50.0,20,0.7857852514984464,27.36975009521393,0.1303428903441129
hill_valley,xgb,Meta_WOA,99,20.0,50.0,20,0.7857852514984464,27.36975009521393,0.1303428903441129
hill_valley,xgb,Meta_GWO,123,20.0,50.0,20,0.7857852514984464,27.36975009521393,0.1303428903441129
hill_valley,xgb,Meta_PSO,123,20.0,50.0,20,0.7857852514984464,27.36975009521393,0.1303428903441129
hill_valley,xgb,Meta_WOA,123,20.0,50.0,20,0.7857852514984464,27.36975009521393,0.1303428903441129
hill_valley,xgb,Meta_GWO,256,20.0,50.0,20,0.7857852514984464,27.36975009521393,0.1303428903441129
hill_valley,xgb,Meta_PSO,256,20.0,50.0,20,0.7857852514984464,27.36975009521393,0.1303428903441129
hill_valley,xgb,Meta_WOA,256,20.0,50.0,20,0.7857852514984464,27.36975009521393,0.1303428903441129
hill_valley,xgb,Meta_GWO,512,20.0,50.0,20,0.7857852514984464,27.36975009521393,0.1303428903441129
hill_valley,xgb,Meta_PSO,512,20.0,50.0,20,0.7389195051438301,27.76307347713907,0.1357904989794229
hill_valley,xgb,Meta_WOA,512,20.0,50.0,20,0.7857852514984464,27.36975009521393,0.1303428903441129
hill_valley,xgb,Meta_GWO,777,20.0,50.0,20,0.7857852514984464,27.36975009521393,0.1303428903441129
hill_valley,xgb,Meta_PSO,777,20.0,50.0,20,0.7857852514984464,27.36975009521393,0.1303428903441129
hill_valley,xgb,Meta_WOA,777,20.0,50.0,20,0.7857852514984464,27.36975009521393,0.1303428903441129
hill_valley,xgb,Meta_GWO,1000,20.0,50.0,20,0.7857852514984464,27.36975009521393,0.1303428903441129
hill_valley,xgb,Meta_PSO,1000,20.0,50.0,20,0.7857852514984464,27.36975009521393,0.1303428903441129
hill_valley,xgb,Meta_WOA,1000,20.0,50.0,20,0.7857852514984464,27.36975009521393,0.1303428903441129
hill_valley,xgb,Meta_GWO,2024,20.0,50.0,20,0.7857852514984464,27.36975009521393,0.1303428903441129
hill_valley,xgb,Meta_PSO,2024,20.0,50.0,20,0.7857852514984464,27.36975009521393,0.1303428903441129
hill_valley,xgb,Meta_WOA,2024,20.0,50.0,20,0.7857852514984464,27.36975009521393,0.1303428903441129
hill_valley,xgb,Meta_GWO,0,50.0,30.0,20,0.7857852514984464,27.36975009521393,0.1303428903441129
hill_valley,xgb,Meta_PSO,0,50.0,30.0,20,0.7857852514984464,27.36975009521393,0.1303428903441129
hill_valley,xgb,Meta_WOA,0,50.0,30.0,20,0.7857852514984464,27.36975009521393,0.1303428903441129
hill_valley,xgb,Meta_GWO,7,50.0,30.0,20,0.7857852514984464,27.36975009521393,0.1303428903441129
hill_valley,xgb,Meta_PSO,7,50.0,30.0,20,0.7857852514984464,27.36975009521393,0.1303428903441129
hill_valley,xgb,Meta_WOA,7,50.0,30.0,20,0.7857852514984464,27.36975009521393,0.1303428903441129
hill_valley,xgb,Meta_GWO,42,50.0,30.0,20,0.7857852514984464,27.36975009521393,0.1303428903441129
hill_valley,xgb,Meta_PSO,42,50.0,30.0,20,0.7857852514984464,27.36975009521393,0.1303428903441129
hill_valley,xgb,Meta_WOA,42,50.0,30.0,20,0.7857852514984464,27.36975009521393,0.1303428903441129
hill_valley,xgb,Meta_GWO,99,50.0,30.0,20,0.7857852514984464,27.36975009521393,0.1303428903441129
hill_valley,xgb,Meta_PSO,99,50.0,30.0,20,0.7857852514984464,27.36975009521393,0.1303428903441129
hill_valley,xgb,Meta_WOA,99,50.0,30.0,20,0.7857852514984464,27.36975009521393,0.1303428903441129
hill_valley,xgb,Meta_GWO,123,50.0,30.0,20,0.7857852514984464,27.36975009521393,0.1303428903441129
hill_valley,xgb,Meta_PSO,123,50.0,30.0,20,0.7857852514984464,27.36975009521393,0.1303428903441129
hill_valley,xgb,Meta_WOA,123,50.0,30.0,20,0.7857852514984464,27.36975009521393,0.1303428903441129
hill_valley,xgb,Meta_GWO,256,50.0,30.0,20,0.7857852514984464,27.36975009521393,0.1303428903441129
hill_valley,xgb,Meta_PSO,256,50.0,30.0,20,0.7857852514984464,27.36975009521393,0.1303428903441129
hill_valley,xgb,Meta_WOA,256,50.0,30.0,20,0.7857852514984464,27.36975009521393,0.1303428903441129
hill_valley,xgb,Meta_GWO,512,50.0,30.0,20,0.7857852514984464,27.36975009521393,0.1303428903441129
hill_valley,xgb,Meta_PSO,512,50.0,30.0,20,0.7857852514984464,27.36975009521393,0.1303428903441129
hill_valley,xgb,Meta_WOA,512,50.0,30.0,20,0.7857852514984464,27.36975009521393,0.1303428903441129
hill_valley,xgb,Meta_GWO,777,50.0,30.0,20,0.7857852514984464,27.36975009521393,0.1303428903441129
hill_valley,xgb,Meta_PSO,777,50.0,30.0,20,0.7857852514984464,27.36975009521393,0.1303428903441129
hill_valley,xgb,Meta_WOA,777,50.0,30.0,20,0.7857852514984464,27.36975009521393,0.1303428903441129
hill_valley,xgb,Meta_GWO,1000,50.0,30.0,20,0.7857852514984464,27.36975009521393,0.1303428903441129
hill_valley,xgb,Meta_PSO,1000,50.0,30.0,20,0.7857852514984464,27.36975009521393,0.1303428903441129
hill_valley,xgb,Meta_WOA,1000,50.0,30.0,20,0.7857852514984464,27.36975009521393,0.1303428903441129
hill_valley,xgb,Meta_GWO,2024,50.0,30.0,20,0.7857852514984464,27.36975009521393,0.1303428903441129
hill_valley,xgb,Meta_PSO,2024,50.0,30.0,20,0.7857852514984464,27.36975009521393,0.1303428903441129
hill_valley,xgb,Meta_WOA,2024,50.0,30.0,20,0.7857852514984464,27.36975009521393,0.1303428903441129
hill_valley,xgb,Meta_GWO,0,50.0,50.0,20,0.7857852514984464,27.36975009521393,0.1303428903441129
hill_valley,xgb,Meta_PSO,0,50.0,50.0,20,0.7857852514984464,27.36975009521393,0.1303428903441129
hill_valley,xgb,Meta_WOA,0,50.0,50.0,20,0.7857852514984464,27.36975009521393,0.1303428903441129
hill_valley,xgb,Meta_GWO,7,50.0,50.0,20,0.7857852514984464,27.36975009521393,0.1303428903441129
hill_valley,xgb,Meta_PSO,7,50.0,50.0,20,0.7857852514984464,27.36975009521393,0.1303428903441129
hill_valley,xgb,Meta_WOA,7,50.0,50.0,20,0.7857852514984464,27.36975009521393,0.1303428903441129
hill_valley,xgb,Meta_GWO,42,50.0,50.0,20,0.7857852514984464,27.36975009521393,0.1303428903441129
hill_valley,xgb,Meta_PSO,42,50.0,50.0,20,0.7857852514984464,27.36975009521393,0.1303428903441129
hill_valley,xgb,Meta_WOA,42,50.0,50.0,20,0.7857852514984464,27.36975009521393,0.1303428903441129
hill_valley,xgb,Meta_GWO,99,50.0,50.0,20,0.7857852514984464,27.36975009521393,0.1303428903441129
hill_valley,xgb,Meta_PSO,99,50.0,50.0,20,0.7857852514984464,27.36975009521393,0.1303428903441129
hill_valley,xgb,Meta_WOA,99,50.0,50.0,20,0.7857852514984464,27.36975009521393,0.1303428903441129
hill_valley,xgb,Meta_GWO,123,50.0,50.0,20,0.7857852514984464,27.36975009521393,0.1303428903441129
hill_valley,xgb,Meta_PSO,123,50.0,50.0,20,0.7857852514984464,27.36975009521393,0.1303428903441129
hill_valley,xgb,Meta_WOA,123,50.0,50.0,20,0.7857852514984464,27.36975009521393,0.1303428903441129
hill_valley,xgb,Meta_GWO,256,50.0,50.0,20,0.7857852514984464,27.36975009521393,0.1303428903441129
hill_valley,xgb,Meta_PSO,256,50.0,50.0,20,0.7857852514984464,27.36975009521393,0.1303428903441129
hill_valley,xgb,Meta_WOA,256,50.0,50.0,20,0.7857852514984464,27.36975009521393,0.1303428903441129
hill_valley,xgb,Meta_GWO,512,50.0,50.0,20,0.7857852514984464,27.36975009521393,0.1303428903441129
hill_valley,xgb,Meta_PSO,512,50.0,50.0,20,0.7857852514984464,27.36975009521393,0.1303428903441129
hill_valley,xgb,Meta_WOA,512,50.0,50.0,20,0.7857852514984464,27.36975009521393,0.1303428903441129
hill_valley,xgb,Meta_GWO,777,50.0,50.0,20,0.7857852514984464,27.36975009521393,0.1303428903441129
hill_valley,xgb,Meta_PSO,777,50.0,50.0,20,0.7857852514984464,27.36975009521393,0.1303428903441129
hill_valley,xgb,Meta_WOA,777,50.0,50.0,20,0.7090222498187144,31.43028656461167,0.128600981648874
hill_valley,xgb,Meta_GWO,1000,50.0,50.0,20,0.7857852514984464,27.36975009521393,0.1303428903441129
hill_valley,xgb,Meta_PSO,1000,50.0,50.0,20,0.7090222498187144,31.430286564611674,0.128600981648874
hill_valley,xgb,Meta_WOA,1000,50.0,50.0,20,0.7857852514984464,27.36975009521393,0.1303428903441129
hill_valley,xgb,Meta_GWO,2024,50.0,50.0,20,0.7857852514984464,27.36975009521393,0.1303428903441129
hill_valley,xgb,Meta_PSO,2024,50.0,50.0,20,0.7857852514984464,27.36975009521393,0.1303428903441129
hill_valley,xgb,Meta_WOA,2024,50.0,50.0,20,0.7857852514984464,27.36975009521393,0.1303428903441129
hill_valley,xgb,EvoCluster_PSO,0,20.0,30.0,3,0.7857852514984464,27.36975009521393,0.1303428903441129
hill_valley,xgb,EvoCluster_PSO,7,20.0,30.0,3,0.7857852514984464,27.36975009521393,0.1303428903441129
hill_valley,xgb,EvoCluster_PSO,42,20.0,30.0,3,0.7857852514984464,27.36975009521393,0.1303428903441129
hill_valley,xgb,EvoCluster_PSO,99,20.0,30.0,3,0.7857852514984464,27.36975009521393,0.1303428903441129
hill_valley,xgb,EvoCluster_PSO,123,20.0,30.0,3,0.7857852514984464,27.36975009521393,0.1303428903441129
hill_valley,xgb,EvoCluster_PSO,256,20.0,30.0,3,0.7857852514984464,27.36975009521393,0.1303428903441129
hill_valley,xgb,EvoCluster_PSO,512,20.0,30.0,3,0.7857852514984464,27.36975009521393,0.1303428903441129
hill_valley,xgb,EvoCluster_PSO,777,20.0,30.0,3,0.7857852514984464,27.36975009521393,0.1303428903441129
hill_valley,xgb,EvoCluster_PSO,1000,20.0,30.0,3,0.7857852514984464,27.36975009521393,0.1303428903441129
hill_valley,xgb,EvoCluster_PSO,2024,20.0,30.0,3,0.7857852514984464,27.36975009521393,0.1303428903441129
hill_valley,xgb,EvoCluster_PSO,0,20.0,50.0,3,0.7857852514984464,27.36975009521393,0.1303428903441129
hill_valley,xgb,EvoCluster_PSO,7,20.0,50.0,3,0.7857852514984464,27.36975009521393,0.1303428903441129
hill_valley,xgb,EvoCluster_PSO,42,20.0,50.0,3,0.7857852514984464,27.36975009521393,0.1303428903441129
hill_valley,xgb,EvoCluster_PSO,99,20.0,50.0,5,0.7389195051438301,27.76307347713907,0.1357904989794229
hill_valley,xgb,EvoCluster_PSO,123,20.0,50.0,3,0.7857852514984464,27.36975009521393,0.1303428903441129
hill_valley,xgb,EvoCluster_PSO,256,20.0,50.0,3,0.7857852514984464,27.36975009521393,0.1303428903441129
hill_valley,xgb,EvoCluster_PSO,512,20.0,50.0,3,0.7857852514984464,27.36975009521393,0.1303428903441129
hill_valley,xgb,EvoCluster_PSO,777,20.0,50.0,3,0.7857852514984464,27.36975009521393,0.1303428903441129
hill_valley,xgb,EvoCluster_PSO,1000,20.0,50.0,3,0.7857852514984464,27.36975009521393,0.1303428903441129
hill_valley,xgb,EvoCluster_PSO,2024,20.0,50.0,3,0.7857852514984464,27.36975009521393,0.1303428903441129
hill_valley,xgb,EvoCluster_PSO,0,50.0,30.0,3,0.7857852514984464,27.36975009521393,0.1303428903441129
hill_valley,xgb,EvoCluster_PSO,7,50.0,30.0,3,0.7857852514984464,27.36975009521393,0.1303428903441129
hill_valley,xgb,EvoCluster_PSO,42,50.0,30.0,3,0.7857852514984464,27.36975009521393,0.1303428903441129
hill_valley,xgb,EvoCluster_PSO,99,50.0,30.0,3,0.7857852514984464,27.36975009521393,0.1303428903441129
hill_valley,xgb,EvoCluster_PSO,123,50.0,30.0,3,0.7857852514984464,27.36975009521393,0.1303428903441129
hill_valley,xgb,EvoCluster_PSO,256,50.0,30.0,3,0.7857852514984464,27.36975009521393,0.1303428903441129
hill_valley,xgb,EvoCluster_PSO,512,50.0,30.0,3,0.7857852514984464,27.36975009521393,0.1303428903441129
hill_valley,xgb,EvoCluster_PSO,777,50.0,30.0,3,0.7857852514984464,27.36975009521393,0.1303428903441129
hill_valley,xgb,EvoCluster_PSO,1000,50.0,30.0,3,0.7857852514984464,27.36975009521393,0.1303428903441129
hill_valley,xgb,EvoCluster_PSO,2024,50.0,30.0,3,0.7857852514984464,27.36975009521393,0.1303428903441129
hill_valley,xgb,EvoCluster_PSO,0,50.0,50.0,3,0.7857852514984464,27.36975009521393,0.1303428903441129
hill_valley,xgb,EvoCluster_PSO,7,50.0,50.0,3,0.7857852514984464,27.36975009521393,0.1303428903441129
hill_valley,xgb,EvoCluster_PSO,42,50.0,50.0,3,0.7857852514984464,27.36975009521393,0.1303428903441129
hill_valley,xgb,EvoCluster_PSO,99,50.0,50.0,3,0.7857852514984464,27.36975009521393,0.1303428903441129
hill_valley,xgb,EvoCluster_PSO,123,50.0,50.0,3,0.7857852514984464,27.36975009521393,0.1303428903441129
hill_valley,xgb,EvoCluster_PSO,256,50.0,50.0,3,0.7857852514984464,27.36975009521393,0.1303428903441129
hill_valley,xgb,EvoCluster_PSO,512,50.0,50.0,3,0.7857852514984464,27.36975009521393,0.1303428903441129
hill_valley,xgb,EvoCluster_PSO,777,50.0,50.0,3,0.7857852514984464,27.36975009521393,0.1303428903441129
hill_valley,xgb,EvoCluster_PSO,1000,50.0,50.0,3,0.7857852514984464,27.36975009521393,0.1303428903441129
hill_valley,xgb,EvoCluster_PSO,2024,50.0,50.0,3,0.7857852514984464,27.36975009521393,0.1303428903441129
