,dataset,classifier,method,pop_size,iterations,num_clusters_mean,silhouette_mean,silhouette_std,ch_mean,ch_std,db_mean,db_std,n_seeds
0,blood-transfusion,rf,AffinityPropagation,,,7.0,0.4110934623859931,0.0,52.836031357789565,0.0,0.815133634919192,0.0,10
1,blood-transfusion,rf,EvoCluster_PSO,20.0,30.0,4.8,0.3311862489450424,0.0670707125695129,8.258297654990459,2.7228301670568005,0.4213009243017951,0.03942224400559926,10
2,blood-transfusion,rf,EvoCluster_PSO,20.0,50.0,5.0,0.3218628351287723,0.054568765078615,8.971093922254738,3.103012948082433,0.42696014558985657,0.04952911237722096,10
3,blood-transfusion,rf,EvoCluster_PSO,50.0,30.0,5.2,0.30249734752826873,0.0925291193803576,9.183165409998269,2.794418512687266,0.4350552195841061,0.04264221591806702,10
4,blood-transfusion,rf,EvoCluster_PSO,50.0,50.0,5.0,0.32423973621625063,0.10281551308542904,7.357712535327407,1.5822852931254705,0.40963405542756987,0.049616074780766274,10
5,blood-transfusion,rf,Meta_GA,20.0,30.0,7.0,0.25098084223414324,0.059609847863393704,10.97053574092673,4.626707489051044,0.454466759735379,0.0536321623595,10
6,blood-transfusion,rf,Meta_GA,20.0,50.0,7.0,0.2819706564985629,0.0928566326364655,11.117915769025316,7.768493660689181,0.45220019140343465,0.05045507773243568,10
7,blood-transfusion,rf,Meta_GA,50.0,30.0,7.0,0.35298759678879316,0.05655266336570549,8.23795411081119,3.0811203450983813,0.3986507795595244,0.0473514414532648,10
8,blood-transfusion,rf,Meta_GA,50.0,50.0,7.0,0.30734764663608843,0.05715113178848192,9.224278082498934,3.26871015280532,0.4172568092696894,0.04225674648276505,10
9,blood-transfusion,rf,Meta_GWO,20.0,30.0,7.0,0.2731890134011722,0.06141606532436514,10.809674206060816,3.4905526854056355,0.4709498747450988,0.04776148781607748,10
10,blood-transfusion,rf,Meta_GWO,20.0,50.0,7.0,0.2764409763844107,0.08860237491531542,10.49072853883791,3.918303364523009,0.4542611694098488,0.04828844841298368,10
11,blood-transfusion,rf,Meta_GWO,50.0,30.0,7.0,0.27813622048124875,0.07693570575965486,8.54139157416958,2.5902766693253634,0.4322673576483453,0.034232455965410635,10
12,blood-transfusion,rf,Meta_GWO,50.0,50.0,7.0,0.326750466214932,0.09779267901040485,7.212660941022365,1.0517454313582193,0.39765765134711584,0.03391073107043127,10
13,blood-transfusion,rf,Meta_PSO,20.0,30.0,7.0,0.2665602978871072,0.05494494390298409,13.003863849924425,5.56104141159633,0.493892765031977,0.07570076468525248,10
14,blood-transfusion,rf,Meta_PSO,20.0,50.0,7.0,0.26701570706926936,0.0722202002061567,11.833094055769537,4.083648894414378,0.4797181657126304,0.043214921422013206,10
15,blood-transfusion,rf,Meta_PSO,50.0,30.0,7.0,0.2931140135543986,0.06337052188963554,9.072516621575584,2.5860524655108184,0.4556845223598903,0.039622014272887966,10
16,blood-transfusion,rf,Meta_PSO,50.0,50.0,7.0,0.3017689635438073,0.060746479127430794,9.183688390498968,2.8436110271500183,0.42369047008359145,0.04669561115827262,10
17,blood-transfusion,rf,Meta_WOA,20.0,30.0,7.0,0.378149699418887,0.06436912096631874,7.082429539624473,2.6376623657006535,0.4042089291037132,0.04195923587796373,10
18,blood-transfusion,rf,Meta_WOA,20.0,50.0,7.0,0.40870339478435935,0.04177883371426259,6.368422899878421,1.6893971318485723,0.39413815480219305,0.04343334611888908,10
19,blood-transfusion,rf,Meta_WOA,50.0,30.0,7.0,0.4131390134746913,0.020626639302073143,5.577568233169447,0.4221304853491155,0.3754935418167334,0.012070347303663966,10
20,blood-transfusion,rf,Meta_WOA,50.0,50.0,7.0,0.39783415976614245,0.04205388740080721,6.332918334482608,1.2261018693621575,0.38189487124290267,0.025835590986831997,10
21,blood-transfusion,svm,AffinityPropagation,,,9.0,0.4118655962918563,0.0,50.79398987348656,0.0,0.7821811573291788,0.0,10
22,blood-transfusion,svm,EvoCluster_PSO,20.0,30.0,6.7,0.31630599809965887,0.06915155072351116,12.718081619243986,2.001817796393727,0.41330266443725555,0.03880813427046057,10
23,blood-transfusion,svm,EvoCluster_PSO,20.0,50.0,6.7,0.35470554351589856,0.03071860605589062,11.217750268439156,2.149315365679047,0.38009679835434784,0.040422327884511854,10
24,blood-transfusion,svm,EvoCluster_PSO,50.0,30.0,7.1,0.3363670486697302,0.04413895624255051,11.425223535102633,1.9002188184228246,0.38109025358321,0.04037453415964296,10
25,blood-transfusion,svm,EvoCluster_PSO,50.0,50.0,6.9,0.3640097534164415,0.023949039637329424,9.482086932586352,2.0548154934342953,0.35479826608658965,0.024259361173246445,10
26,blood-transfusion,svm,Meta_GA,20.0,30.0,9.0,0.28638266482840735,0.09848693941143799,12.12189967377025,1.3236268102928905,0.42655411599212456,0.03194484749038058,10
27,blood-transfusion,svm,Meta_GA,20.0,50.0,9.0,0.31219657654387967,0.08716950863408197,12.93427974449225,3.444622045274341,0.4012566800717967,0.045674561920571705,10
28,blood-transfusion,svm,Meta_GA,50.0,30.0,9.0,0.36318393335883753,0.010451005499285843,9.395486270450998,0.8479646679469917,0.34152525412918355,0.009180815520705753,10
29,blood-transfusion,svm,Meta_GA,50.0,50.0,9.0,0.3413281499923477,0.03901379133333388,9.735485810318787,2.400339573778984,0.3425532507771491,0.020804234458476328,10
30,blood-transfusion,svm,Meta_GWO,20.0,30.0,9.0,0.28605670631832875,0.07816750848872502,12.499082590557904,2.5330985616932415,0.40731590726889344,0.04734446626657066,10
31,blood-transfusion,svm,Meta_GWO,20.0,50.0,9.0,0.3390706898457374,0.0521779976990719,12.57134369550483,2.7998285654428234,0.4039932448565732,0.050549564299879765,10
32,blood-transfusion,svm,Meta_GWO,50.0,30.0,9.0,0.36191125376056854,0.00905593043831729,10.381597515800523,1.0934718396545355,0.36703218823544326,0.03139208492778248,10
33,blood-transfusion,svm,Meta_GWO,50.0,50.0,9.0,0.36068544230841504,0.02030156373768069,11.116695660276292,1.818664451045308,0.37452820901795997,0.036274930392814715,10
34,blood-transfusion,svm,Meta_PSO,20.0,30.0,9.0,0.30037998984373987,0.06979022069716247,15.182332694732867,5.116714282107835,0.44005183669977443,0.06312870942741675,10
35,blood-transfusion,svm,Meta_PSO,20.0,50.0,9.0,0.2814367854440539,0.09524394774925476,13.752634944044186,1.9169359459835078,0.4352433542227021,0.03443956017773168,10
36,blood-transfusion,svm,Meta_PSO,50.0,30.0,9.0,0.29201776408589536,0.08747214583708457,11.237861451655593,1.7511514009471159,0.40636767568136245,0.045150940622141776,10
37,blood-transfusion,svm,Meta_PSO,50.0,50.0,9.0,0.3037773597494755,0.09090407860811596,11.230288252702934,1.9476614466231685,0.38580674173269436,0.038189145855652876,10
38,blood-transfusion,svm,Meta_WOA,20.0,30.0,9.0,0.3653032654739161,0.08127841460256935,9.599319570364035,3.909513897309694,0.40380751718299557,0.06304781202354294,10
39,blood-transfusion,svm,Meta_WOA,20.0,50.0,9.0,0.3804659372942038,0.03270208658601729,8.707935545243746,3.3735227935144105,0.3840737797373266,0.037577647167328844,10
40,blood-transfusion,svm,Meta_WOA,50.0,30.0,9.0,0.39861410326561647,0.044187040161079064,8.262536747015764,2.8579171401689814,0.37780904520851727,0.029418558050166785,10
41,blood-transfusion,svm,Meta_WOA,50.0,50.0,9.0,0.41306263999717363,0.024879483793935692,7.626016345818425,2.425566223256273,0.3680150256840158,0.020634645511023297,10
42,blood-transfusion,xgb,AffinityPropagation,,,8.0,0.4023082882225947,0.0,59.567785226692784,0.0,0.7578786830348536,0.0,10
43,blood-transfusion,xgb,EvoCluster_PSO,20.0,30.0,4.8,0.36025506589318046,0.06138026295234995,9.536331316447876,3.5462856881603737,0.4060099567230848,0.036867700524259445,10
44,blood-transfusion,xgb,EvoCluster_PSO,20.0,50.0,5.9,0.3201059053026918,0.04225130720580678,10.743162674948488,5.1480181647407175,0.4135216860935097,0.048485777663863944,10
45,blood-transfusion,xgb,EvoCluster_PSO,50.0,30.0,5.4,0.3434462190861,0.04445434747865178,10.329288615008178,4.434833925602255,0.41036287703880936,0.046429283429143764,10
46,blood-transfusion,xgb,EvoCluster_PSO,50.0,50.0,5.0,0.3641574299670202,0.06021757754451793,8.715365255386471,4.486587028930114,0.38703984292378724,0.04831020892664123,10
47,blood-transfusion,xgb,Meta_GA,20.0,30.0,8.0,0.30122269251385386,0.02147613134040198,11.419735429374215,5.857573443433363,0.4368758055710093,0.054130400696844584,10
48,blood-transfusion,xgb,Meta_GA,20.0,50.0,8.0,0.29395200239386554,0.036854854415095534,14.000869360812507,3.521178328560742,0.4327824358640071,0.029845938379335957,10
49,blood-transfusion,xgb,Meta_GA,50.0,30.0,8.0,0.3079959489710156,0.03771418954696019,8.784693079768655,3.006414440816612,0.395470961278479,0.026235904434794968,10
50,blood-transfusion,xgb,Meta_GA,50.0,50.0,8.0,0.27078928900220833,0.03770382597532778,8.313381812392503,3.2224997962875315,0.39102564729538125,0.03373092851969602,10
51,blood-transfusion,xgb,Meta_GWO,20.0,30.0,8.0,0.28749346088636474,0.034334375012235754,12.206060439844427,3.927433232258548,0.4434446497240473,0.03524338331346737,10
52,blood-transfusion,xgb,Meta_GWO,20.0,50.0,8.0,0.2937256031094093,0.033865920648952046,13.49427660202602,3.9254483195442433,0.4498958560361027,0.02899410271554925,10
53,blood-transfusion,xgb,Meta_GWO,50.0,30.0,8.0,0.276152968364529,0.061314472201554664,9.576423771260966,3.677130967320669,0.41439170791446356,0.03216668853820854,10
54,blood-transfusion,xgb,Meta_GWO,50.0,50.0,8.0,0.30493653701742335,0.07572734830987954,8.194048071464136,1.401175815291247,0.405571676755176,0.036881807574870716,10
55,blood-transfusion,xgb,Meta_PSO,20.0,30.0,8.0,0.3029243997744989,0.0390852442991896,16.049147646803238,7.512895116692347,0.4771947650606447,0.03140779688058324,10
56,blood-transfusion,xgb,Meta_PSO,20.0,50.0,8.0,0.3037918067651528,0.04516727386940874,9.405477023697602,4.527288219827798,0.41226681201568366,0.04223034666905278,10
57,blood-transfusion,xgb,Meta_PSO,50.0,30.0,8.0,0.29480007861575797,0.06725853296910708,10.056332997789964,3.805300992877373,0.4247691072194801,0.03426951349466769,10
58,blood-transfusion,xgb,Meta_PSO,50.0,50.0,8.0,0.27073346739445486,0.04854312469773468,10.970934118338615,3.7439880825295515,0.42758333135736865,0.03641380030180536,10
59,blood-transfusion,xgb,Meta_WOA,20.0,30.0,8.0,0.37318621143655173,0.05461726736814957,9.198638970686254,3.7013563338255806,0.40102396368900833,0.04968929313971817,10
60,blood-transfusion,xgb,Meta_WOA,20.0,50.0,8.0,0.3948228195373001,0.052335798366975245,6.8336168217890165,1.8106592710548424,0.3920529986109219,0.030447798840164252,10
61,blood-transfusion,xgb,Meta_WOA,50.0,30.0,8.0,0.40808772121376685,0.061781050707483076,6.186294886895055,0.31819423319492907,0.35970812169585564,0.01197883844836891,10
62,blood-transfusion,xgb,Meta_WOA,50.0,50.0,8.0,0.4150338982799043,0.02045977017306801,6.218908178857253,0.4037520904258173,0.35825745058950764,0.009680831799533775,10
63,column,rf,AffinityPropagation,,,4.0,0.21921032747476094,0.0,6.884052932647867,0.0,0.9523197212125976,0.0,10
64,column,rf,EvoCluster_PSO,20.0,30.0,4.0,0.23687139015788494,0.059003540295672535,4.040273566686896,1.5513524553071762,0.5003159103456477,0.03183529554642729,10
65,column,rf,EvoCluster_PSO,20.0,50.0,4.0,0.19680783169622112,0.011102574583284862,2.8981479546278908,0.1567182590630244,0.4821309678456086,0.0074742936789767,10
66,column,rf,EvoCluster_PSO,50.0,30.0,4.0,0.21974019001517825,0.05190928123851251,3.405020469088965,1.0944075604333507,0.4875970602036953,0.013322618745294036,10
67,column,rf,EvoCluster_PSO,50.0,50.0,4.0,0.19766559345142756,0.010190479805964004,2.9485779141026787,0.053234811515997016,0.4798490371689774,0.004079200194100371,10
68,column,rf,Meta_GA,20.0,30.0,4.0,0.2547648145686879,0.06563108447677356,4.1278698057289684,1.4254036287713863,0.5031834345082493,0.027705492346993727,10
69,column,rf,Meta_GA,20.0,50.0,4.0,0.2561415137095879,0.055326670737113344,4.255810198152662,1.6004256674894217,0.511699163114241,0.03723416136943309,10
70,column,rf,Meta_GA,50.0,30.0,4.0,0.1955559637072467,0.008894980014999795,2.9595985670982596,0.04646715302452628,0.479004562499894,0.003560617840827338,10
71,column,rf,Meta_GA,50.0,50.0,4.0,0.20807695773881568,0.03910850405708827,3.207524497831006,0.793079723785222,0.48215984601347905,0.010019663884554173,10
72,column,rf,Meta_GWO,20.0,30.0,4.0,0.22688026615808826,0.052352845611353636,3.7819996426783318,1.5115797121243955,0.5036996467489041,0.041102537691968394,10
73,column,rf,Meta_GWO,20.0,50.0,4.0,0.22903647074710806,0.04691914669515287,3.411367816581427,1.0811344477615705,0.4886930282033977,0.011178300208440269,10
74,column,rf,Meta_GWO,50.0,30.0,4.0,0.2184883220262038,0.05209820702600825,3.466471081559334,1.0517174260397273,0.4844706548579808,0.013125591373519239,10
75,column,rf,Meta_GWO,50.0,50.0,4.0,0.19258857220785944,0.0074755717284480695,2.9201892606190536,0.1594092506649122,0.48044201850744184,0.007410880920123636,10
76,column,rf,Meta_PSO,20.0,30.0,4.0,0.2560166825576623,0.06470603473609612,4.066419193258599,1.4878549793004046,0.5063098398539638,0.025353442152933076,10
77,column,rf,Meta_PSO,20.0,50.0,4.0,0.23648044353510894,0.056279862249048136,3.630905093830548,1.270504137406872,0.4924412930554472,0.012930833267135483,10
78,column,rf,Meta_PSO,50.0,30.0,4.0,0.2184883220262038,0.052098207026008266,3.466471081559334,1.0517174260397273,0.4844706548579808,0.013125591373519247,10
79,column,rf,Meta_PSO,50.0,50.0,4.0,0.21018658748299654,0.03867170866611527,3.196503844835425,0.7973217590547806,0.4830043206825625,0.009921406220620729,10
80,column,rf,Meta_WOA,20.0,30.0,4.0,0.21135193116545045,0.042031752810605866,2.7983092313318494,0.984988590976482,0.5245484161108801,0.04170731666319214,10
81,column,rf,Meta_WOA,20.0,50.0,4.0,0.21671049873014908,0.058703887134167076,3.6936284618227857,1.5733704739730856,0.5085002715641331,0.033482084300947484,10
82,column,rf,Meta_WOA,50.0,30.0,4.0,0.20631832515572932,0.0417836146817815,2.9315584495484046,0.9580579275110317,0.5117565855026096,0.042385786791095725,10
83,column,rf,Meta_WOA,50.0,50.0,4.0,0.2093288257277901,0.03922740200148615,3.1460738853606367,0.8277879350045138,0.4852862513591936,0.011029922300890617,10
84,column,svm,AffinityPropagation,,,5.9,0.2146670651478814,0.01483826741175144,15.014046040456318,1.7773806022191319,1.151260122859436,0.06929936960431837,10
85,column,svm,EvoCluster_PSO,20.0,30.0,2.3,0.41158256479309585,0.08350002902801841,4.964041772766878,0.2538136411034455,0.40941915495511827,0.018814215632944564,10
86,column,svm,EvoCluster_PSO,20.0,50.0,2.2,0.41775261886710185,0.06398860486775855,4.969939957633146,0.23516194286530107,0.4089486557269679,0.01732636643463819,10
87,column,svm,EvoCluster_PSO,50.0,30.0,2.0,0.43798759243496727,0.0,5.04430469347762,0.0,0.40346957757615315,0.0,10
88,column,svm,EvoCluster_PSO,50.0,50.0,2.3,0.41660339696477244,0.0676227636160709,5.649584164559676,1.9140617495613206,0.423955803137641,0.06478313343426331,10
89,column,svm,Meta_GA,20.0,30.0,6.0,0.3740276326907376,0.09621502370110413,5.922398933278602,2.185194311592932,0.45146496226039573,0.07906726261426363,10
90,column,svm,Meta_GA,20.0,50.0,6.0,0.27819116694759033,0.16681687942638182,5.030767326715176,1.86298453492547,0.4698046782151823,0.0716098460073457,10
91,column,svm,Meta_GA,50.0,30.0,6.0,0.42935093986827433,0.027311493470289147,4.9875285918331915,0.1795417978616227,0.40818472375457027,0.014910601424436863,10
92,column,svm,Meta_GA,50.0,50.0,6.0,0.43798759243496727,0.0,5.04430469347762,0.0,0.40346957757615315,0.0,10
93,column,svm,Meta_GWO,20.0,30.0,6.0,0.31271576960778175,0.09057374710761001,5.524618279550434,2.0221747123574483,0.5059545076246483,0.09343605750480646,10
94,column,svm,Meta_GWO,20.0,50.0,6.0,0.3388624030147885,0.09673329611890936,4.774328075036047,0.47367965045661725,0.4552049837808652,0.07717354598680147,10
95,column,svm,Meta_GWO,50.0,30.0,6.0,0.4034409821681953,0.04459948207704201,4.81720028689991,0.29319052817526386,0.4223301622898218,0.024348910165257562,10
96,column,svm,Meta_GWO,50.0,50.0,6.0,0.4207142873015813,0.036415324627052194,4.930752490188764,0.2393890638154969,0.41289986993298744,0.01988080189924915,10
97,column,svm,Meta_PSO,20.0,30.0,6.0,0.29693260470329524,0.12107968067208723,5.99790045742838,2.592493627140319,0.4998679711241273,0.09463057003399314,10
98,column,svm,Meta_PSO,20.0,50.0,6.0,0.3745798943589106,0.11492841660560334,4.607263313675456,0.8503257317870957,0.4365668742451569,0.06016807616402492,10
99,column,svm,Meta_PSO,50.0,30.0,6.0,0.3776682876680909,0.11101354078847972,4.757302168698837,0.525033970298493,0.42680092446308376,0.0435126693180969,10
100,column,svm,Meta_PSO,50.0,50.0,6.0,0.41207763473488834,0.041718995389964056,4.873976388544337,0.27425462636978215,0.4176150161114046,0.022776319894932767,10
101,column,svm,Meta_WOA,20.0,30.0,6.0,0.3482540464264453,0.12371874353632728,4.81338981711641,2.0084907260240152,0.4835913071282283,0.1278396612065576,10
102,column,svm,Meta_WOA,20.0,50.0,6.0,0.40182219551040166,0.088294327237417,4.880800072469876,0.3642515378498079,0.41817216663333784,0.03339411229577272,10
103,column,svm,Meta_WOA,50.0,30.0,6.0,0.4115470796184769,0.0836122430029831,4.932849547782675,0.35245211734193593,0.41152326509324955,0.025467996117290743,10
104,column,svm,Meta_WOA,50.0,50.0,6.0,0.42935093986827433,0.027311493470289147,4.9875285918331915,0.1795417978616227,0.40818472375457027,0.014910601424436863,10
105,column,xgb,AffinityPropagation,,,4.0,0.22381222882922067,0.0,8.215383663249959,0.0,0.8626328524250712,0.0,10
106,column,xgb,EvoCluster_PSO,20.0,30.0,3.6,0.25452473595387637,0.026827159034079708,3.714137408303575,0.3124155191242869,0.43472814639184926,0.023209873574227546,10
107,column,xgb,EvoCluster_PSO,20.0,50.0,3.9,0.25525504529683035,0.03198870588371103,3.8580142492150244,0.2602925784313798,0.42104372400113377,0.017103993688913695,10
108,column,xgb,EvoCluster_PSO,50.0,30.0,4.0,0.2733162513544415,0.0258479457122522,4.009794414186205,0.12904916236978461,0.41224219743460233,0.0074703198307879675,10
109,column,xgb,EvoCluster_PSO,50.0,50.0,4.0,0.2855766602987681,0.0,4.067741340452188,0.0,0.40870450423131155,3.204937810639273e-17,10
110,column,xgb,Meta_GA,20.0,30.0,4.0,0.26097318908509265,0.03176384091024578,3.934201340336074,0.1797677402178499,0.41559877314321325,0.008915806335193895,10
111,column,xgb,Meta_GA,20.0,50.0,4.0,0.24854747349072168,0.03186964974025939,3.840962118901795,0.1951804774067902,0.418774231357144,0.00866664121315609,10
112,column,xgb,Meta_GA,50.0,30.0,4.0,0.27940512916409366,0.01951609503621449,4.029944803527123,0.11952314434986405,0.4103827920856169,0.005307212189001934,10
113,column,xgb,Meta_GA,50.0,50.0,4.0,0.2855766602987681,0.0,4.067741340452188,0.0,0.40870450423131144,0.0,10
114,column,xgb,Meta_GWO,20.0,30.0,4.0,0.2609731890850927,0.03176384091024578,3.9342013403360747,0.17976774021785014,0.41559877314321325,0.008915806335193899,10
115,column,xgb,Meta_GWO,20.0,50.0,4.0,0.2670257149712197,0.03147079850549963,3.81681594230036,0.32069803607026337,0.4251409951274859,0.02251645785107567,10
116,column,xgb,Meta_GWO,50.0,30.0,4.0,0.27940512916409366,0.019516095036214483,4.029944803527123,0.119523144349864,0.4103827920856169,0.005307212189001954,10
117,column,xgb,Meta_GWO,50.0,50.0,4.0,0.27940512916409366,0.01951609503621449,4.029944803527123,0.11952314434986405,0.4103827920856169,0.0053072121890019456,10
118,column,xgb,Meta_PSO,20.0,30.0,4.0,0.2670620668947449,0.029811327591134935,3.9543517296769912,0.18257461876079517,0.41373936779422776,0.00810690052843123,10
119,column,xgb,Meta_PSO,20.0,50.0,4.0,0.2855766602987681,0.0,4.067741340452188,2.9605947323337506e-16,0.40870450423131155,3.204937810639273e-17,10
120,column,xgb,Meta_PSO,50.0,30.0,4.0,0.2855766602987681,0.0,4.067741340452188,0.0,0.40870450423131144,2.6168207644729584e-17,10
121,column,xgb,Meta_PSO,50.0,50.0,4.0,0.27323359802941927,0.026021460048285986,3.9921482666020567,0.15936419246648528,0.41206107993992236,0.007076282918669262,10
122,column,xgb,Meta_WOA,20.0,30.0,4.0,0.25300953402096904,0.030254514162150786,3.8092205549922853,0.2829342006263737,0.4262853724125941,0.020247317285009354,10
123,column,xgb,Meta_WOA,20.0,50.0,4.0,0.25677024722973774,0.028636990818768932,3.762931102526314,0.3092148568972559,0.429486497980389,0.022795466957156438,10
124,column,xgb,Meta_WOA,50.0,30.0,4.0,0.2550496179254848,0.03217927160002453,3.9493432461634534,0.13543838667943936,0.41782041348155874,0.009624172682122168,10
125,column,xgb,Meta_WOA,50.0,50.0,4.0,0.2612211490601592,0.031442829805166585,3.9871397830885194,0.10405616311595738,0.4161421256272533,0.009601927933959514,10
126,congressional-voting,rf,AffinityPropagation,,,3.0,0.08466447451262489,0.0,2.033613445378151,0.0,1.0609261957329534,0.0,10
127,congressional-voting,rf,EvoCluster_PSO,20.0,30.0,2.0,0.1750337823513386,0.0,2.0973612374886264,0.0,0.5766041194884569,0.0,10
128,congressional-voting,rf,EvoCluster_PSO,20.0,50.0,2.0,0.1750337823513386,0.0,2.0973612374886264,0.0,0.5766041194884569,0.0,10
129,congressional-voting,rf,EvoCluster_PSO,50.0,30.0,2.0,0.1750337823513386,0.0,2.0973612374886264,0.0,0.5766041194884569,0.0,10
130,congressional-voting,rf,EvoCluster_PSO,50.0,50.0,2.0,0.1750337823513386,0.0,2.0973612374886264,0.0,0.5766041194884569,0.0,10
131,congressional-voting,rf,Meta_GA,20.0,30.0,3.0,0.1750337823513386,0.0,2.0973612374886264,0.0,0.5766041194884569,0.0,10
132,congressional-voting,rf,Meta_GA,20.0,50.0,3.0,0.1750337823513386,0.0,2.0973612374886264,0.0,0.5766041194884569,0.0,10
133,congressional-voting,rf,Meta_GA,50.0,30.0,3.0,0.1750337823513386,0.0,2.0973612374886264,0.0,0.5766041194884569,0.0,10
134,congressional-voting,rf,Meta_GA,50.0,50.0,3.0,0.1750337823513386,0.0,2.0973612374886264,0.0,0.5766041194884569,0.0,10
135,congressional-voting,rf,Meta_GWO,20.0,30.0,3.0,0.16625099465662876,0.027773613320982635,2.0884473131231145,0.028188303885489565,0.5782677586861882,0.005260889069566244,10
136,congressional-voting,rf,Meta_GWO,20.0,50.0,3.0,0.1750337823513386,0.0,2.0973612374886264,0.0,0.5766041194884569,0.0,10
137,congressional-voting,rf,Meta_GWO,50.0,30.0,3.0,0.1750337823513386,0.0,2.0973612374886264,0.0,0.5766041194884569,0.0,10
138,congressional-voting,rf,Meta_GWO,50.0,50.0,3.0,0.1750337823513386,0.0,2.0973612374886264,0.0,0.5766041194884569,0.0,10
139,congressional-voting,rf,Meta_PSO,20.0,30.0,3.0,0.1750337823513386,0.0,2.0973612374886264,0.0,0.5766041194884569,0.0,10
140,congressional-voting,rf,Meta_PSO,20.0,50.0,3.0,0.1750337823513386,0.0,2.0973612374886264,0.0,0.5766041194884569,0.0,10
141,congressional-voting,rf,Meta_PSO,50.0,30.0,3.0,0.1750337823513386,0.0,2.0973612374886264,0.0,0.5766041194884569,0.0,10
142,congressional-voting,rf,Meta_PSO,50.0,50.0,3.0,0.1750337823513386,0.0,2.0973612374886264,0.0,0.5766041194884569,0.0,10
143,congressional-voting,rf,Meta_WOA,20.0,30.0,3.0,0.1750337823513386,0.0,2.0973612374886264,0.0,0.5766041194884569,0.0,10
144,congressional-voting,rf,Meta_WOA,20.0,50.0,3.0,0.1750337823513386,0.0,2.0973612374886264,0.0,0.5766041194884569,0.0,10
145,congressional-voting,rf,Meta_WOA,50.0,30.0,3.0,0.1750337823513386,0.0,2.0973612374886264,0.0,0.5766041194884569,0.0,10
146,congressional-voting,rf,Meta_WOA,50.0,50.0,3.0,0.1750337823513386,0.0,2.0973612374886264,0.0,0.5766041194884569,0.0,10
147,congressional-voting,svm,AffinityPropagation,,,3.0,0.12361403436861718,0.0,2.137931034482759,0.0,0.5605363681345747,0.0,10
148,congressional-voting,svm,EvoCluster_PSO,20.0,30.0,3.0,0.12361403436861718,0.0,2.137931034482759,0.0,0.5605363681345747,0.0,10
149,congressional-voting,svm,EvoCluster_PSO,20.0,50.0,3.0,0.12361403436861718,0.0,2.137931034482759,0.0,0.5605363681345747,0.0,10
150,congressional-voting,svm,EvoCluster_PSO,50.0,30.0,3.0,0.12361403436861718,0.0,2.137931034482759,0.0,0.5605363681345747,0.0,10
151,congressional-voting,svm,EvoCluster_PSO,50.0,50.0,3.0,0.12361403436861718,0.0,2.137931034482759,0.0,0.5605363681345747,0.0,10
152,congressional-voting,svm,Meta_GA,20.0,30.0,3.0,0.12361403436861718,0.0,2.137931034482759,0.0,0.5605363681345747,0.0,10
153,congressional-voting,svm,Meta_GA,20.0,50.0,3.0,0.1297758335523746,0.019485319905239874,2.1245270360928488,0.042387164665345714,0.5632237052554349,0.008498106142637171,10
154,congressional-voting,svm,Meta_GA,50.0,30.0,3.0,0.12361403436861718,0.0,2.137931034482759,0.0,0.5605363681345747,0.0,10
155,congressional-voting,svm,Meta_GA,50.0,50.0,3.0,0.12361403436861718,0.0,2.137931034482759,0.0,0.5605363681345747,0.0,10
156,congressional-voting,svm,Meta_GWO,20.0,30.0,3.0,0.12361403436861718,0.0,2.137931034482759,0.0,0.5605363681345747,0.0,10
157,congressional-voting,svm,Meta_GWO,20.0,50.0,3.0,0.12361403436861718,0.0,2.137931034482759,0.0,0.5605363681345747,0.0,10
158,congressional-voting,svm,Meta_GWO,50.0,30.0,3.0,0.12361403436861718,0.0,2.137931034482759,0.0,0.5605363681345747,0.0,10
159,congressional-voting,svm,Meta_GWO,50.0,50.0,3.0,0.12361403436861718,0.0,2.137931034482759,0.0,0.5605363681345747,0.0,10
160,congressional-voting,svm,Meta_PSO,20.0,30.0,3.0,0.12361403436861718,0.0,2.137931034482759,0.0,0.5605363681345747,0.0,10
161,congressional-voting,svm,Meta_PSO,20.0,50.0,3.0,0.12361403436861718,0.0,2.137931034482759,0.0,0.5605363681345747,0.0,10
162,congressional-voting,svm,Meta_PSO,50.0,30.0,3.0,0.12361403436861718,0.0,2.137931034482759,0.0,0.5605363681345747,0.0,10
163,congressional-voting,svm,Meta_PSO,50.0,50.0,3.0,0.12361403436861718,0.0,2.137931034482759,0.0,0.5605363681345747,0.0,10
164,congressional-voting,svm,Meta_WOA,20.0,30.0,3.0,0.1297758335523746,0.019485319905239877,2.1245270360928488,0.04238716466534574,0.5632237052554349,0.008498106142637163,10
165,congressional-voting,svm,Meta_WOA,20.0,50.0,3.0,0.14209943191988947,0.02976431780206383,2.0977190393130285,0.06474746352450145,0.5685983794971551,0.012981071554134705,10
166,congressional-voting,svm,Meta_WOA,50.0,30.0,3.0,0.12361403436861718,0.0,2.137931034482759,0.0,0.5605363681345747,0.0,10
167,congressional-voting,svm,Meta_WOA,50.0,50.0,3.0,0.12361403436861718,0.0,2.137931034482759,0.0,0.5605363681345747,0.0,10
168,congressional-voting,xgb,AffinityPropagation,,,4.0,0.14544135959801718,0.007763666378309938,2.626814919500616,0.0029384336525385625,0.8268333711874332,0.056925181609732436,10
169,congressional-voting,xgb,EvoCluster_PSO,20.0,30.0,3.0,0.11451728538111088,0.05244865056768675,1.8723316771693905,0.019984797024207565,0.6371850747887073,0.01587385626457911,10
170,congressional-voting,xgb,EvoCluster_PSO,20.0,50.0,3.4,0.09461442186157007,0.04806998226494263,1.8799153744301087,0.01831636902235186,0.6311613698631631,0.014548629580656518,10
171,congressional-voting,xgb,EvoCluster_PSO,50.0,30.0,2.6,0.13442014890065168,0.04806998226494263,1.8647479799086724,0.018316369022351873,0.6432087797142516,0.014548629580656537,10
172,congressional-voting,xgb,EvoCluster_PSO,50.0,50.0,3.6,0.08466299010179966,0.0419589204541494,1.8837072230604677,0.015987837619366122,0.6281495174003908,0.012699085011663306,10
173,congressional-voting,xgb,Meta_GA,20.0,30.0,4.0,0.11451728538111088,0.05244865056768676,1.8723316771693905,0.019984797024207586,0.6371850747887073,0.01587385626457905,10
174,congressional-voting,xgb,Meta_GA,20.0,50.0,4.0,0.119009709790972,0.06052409968403372,1.8218685116961963,0.14073353190133345,0.6480259912208114,0.0232474247734234,10
175,congressional-voting,xgb,Meta_GA,50.0,30.0,4.0,0.08466299010179966,0.0419589204541494,1.8837072230604677,0.015987837619366105,0.6281495174003908,0.012699085011663313,10
176,congressional-voting,xgb,Meta_GA,50.0,50.0,4.0,0.11451728538111088,0.05244865056768675,1.8723316771693905,0.01998479702420756,0.6371850747887073,0.0158738562645791,10
177,congressional-voting,xgb,Meta_GWO,20.0,30.0,4.0,0.10774753927928479,0.049034429293440776,1.8377910613269701,0.07497984093375255,0.648840185468837,0.028378229625589693,10
178,congressional-voting,xgb,Meta_GWO,20.0,50.0,4.0,0.13442014890065168,0.04806998226494263,1.8647479799086724,0.018316369022351862,0.6432087797142516,0.014548629580656572,10
179,congressional-voting,xgb,Meta_GWO,50.0,30.0,4.0,0.13442014890065168,0.048069982264942634,1.8647479799086724,0.018316369022351862,0.6432087797142516,0.014548629580656497,10
180,congressional-voting,xgb,Meta_GWO,50.0,50.0,4.0,0.10456585362134048,0.05138897263534713,1.8761235257997495,0.019581022128960065,0.6341732223259352,0.015553139239400382,10
181,congressional-voting,xgb,Meta_PSO,20.0,30.0,4.0,0.15432301242019247,0.031469190340612054,1.8571642826479544,0.011990878214524528,0.6492324846397959,0.009524313758747434,10
182,congressional-voting,xgb,Meta_PSO,20.0,50.0,4.0,0.11451728538111088,0.05244865056768676,1.8723316771693905,0.019984797024207537,0.6371850747887073,0.015873856264579097,10
183,congressional-voting,xgb,Meta_PSO,50.0,30.0,4.0,0.11451728538111088,0.05244865056768675,1.8723316771693905,0.01998479702420749,0.6371850747887073,0.01587385626457905,10
184,congressional-voting,xgb,Meta_PSO,50.0,50.0,4.0,0.11451728538111088,0.05244865056768675,1.8723316771693905,0.019984797024207548,0.6371850747887072,0.015873856264579128,10
185,congressional-voting,xgb,Meta_WOA,20.0,30.0,4.0,0.14054615823496824,0.05082973210430146,1.8154377098925898,0.13381499087671847,0.6555652481123275,0.02311139773239937,10
186,congressional-voting,xgb,Meta_WOA,20.0,50.0,4.0,0.15432301242019247,0.031469190340612054,1.8571642826479544,0.011990878214524523,0.6492324846397959,0.009524313758747436,10
187,congressional-voting,xgb,Meta_WOA,50.0,30.0,4.0,0.13442014890065168,0.048069982264942614,1.8647479799086724,0.01831636902235186,0.6432087797142516,0.014548629580656542,10
188,congressional-voting,xgb,Meta_WOA,50.0,50.0,4.0,0.15432301242019247,0.03146919034061205,1.8571642826479544,0.01199087821452453,0.6492324846397959,0.009524313758747438,10
189,contraceptive-method-choice,rf,AffinityPropagation,,,15.0,0.20679084365544603,0.0,20.88212298356422,0.0,1.338638348900487,0.0,10
190,contraceptive-method-choice,rf,EvoCluster_PSO,20.0,30.0,2.5,0.2731436924732971,0.04508879403558368,3.0259910730706556,0.0759051573660821,0.5473613512408833,0.007361613984472093,10
191,contraceptive-method-choice,rf,EvoCluster_PSO,20.0,50.0,2.1,0.29817072963061075,0.026464005309243532,3.029961534066807,0.09584767904726951,0.5461530331142271,0.008800351702381921,10
192,contraceptive-method-choice,rf,EvoCluster_PSO,50.0,30.0,2.1,0.30194216338668173,0.026582967218126217,3.069375723412633,0.061741893691102376,0.5425777435868796,0.005781103078852237,10
193,contraceptive-method-choice,rf,EvoCluster_PSO,50.0,50.0,2.0,0.3103484357241686,0.0,3.0889002245242194,0.0,0.5407495982751411,0.0,10
194,contraceptive-method-choice,rf,Meta_GA,20.0,30.0,15.0,0.10940422594008561,0.15525962047172773,4.1757317423430305,1.7491009090876788,0.7449888094094368,0.20344818273935428,10
195,contraceptive-method-choice,rf,Meta_GA,20.0,50.0,15.0,0.1370505002152862,0.10161521529965667,3.080164938358687,0.49703460954351364,0.6261861498850128,0.07162068946122828,10
196,contraceptive-method-choice,rf,Meta_GA,50.0,30.0,15.0,0.2715746210147457,0.09076822044609031,3.5041459879059405,1.3545274018081963,0.5719397562272033,0.09488647439817871,10
197,contraceptive-method-choice,rf,Meta_GA,50.0,50.0,15.0,0.3103484357241686,0.0,3.0889002245242194,0.0,0.5407495982751411,0.0,10
198,contraceptive-method-choice,rf,Meta_GWO,20.0,30.0,15.0,0.04021574677108468,0.1245079246557422,5.675128275438753,2.9459494820835506,0.9238000808778108,0.3079055976125891,10
199,contraceptive-method-choice,rf,Meta_GWO,20.0,50.0,15.0,0.04843890510756923,0.13256654973142398,5.212555818348823,1.3711502677961374,0.8391610299579447,0.2055883349067755,10
200,contraceptive-method-choice,rf,Meta_GWO,50.0,30.0,15.0,0.14608900450359572,0.1064243001334538,3.233503584404059,1.1892953548076652,0.6582232996536155,0.17941832739763403,10
201,contraceptive-method-choice,rf,Meta_GWO,50.0,50.0,15.0,0.1984832955999737,0.1149903068836067,3.184668199346521,0.5479146537701975,0.6090212772918985,0.1163312473460712,10
202,contraceptive-method-choice,rf,Meta_PSO,20.0,30.0,15.0,-0.05793862929822684,0.08726742621753368,4.859729117693921,1.5762037858991205,0.9523022298628702,0.09836246218491121,10
203,contraceptive-method-choice,rf,Meta_PSO,20.0,50.0,15.0,-0.03934704857944811,0.10365970636279605,5.611485818851047,2.4117397620792334,1.0167945623336079,0.10442800449759579,10
204,contraceptive-method-choice,rf,Meta_PSO,50.0,30.0,15.0,0.019791075297502344,0.11248993948858906,3.6900173037065285,1.3152874762861766,0.8046353554119747,0.16968129913269672,10
205,contraceptive-method-choice,rf,Meta_PSO,50.0,50.0,15.0,0.04207138944449651,0.12378888449875716,4.519770989387515,1.9877624775136127,0.8456641685907929,0.16393682584916885,10
206,contraceptive-method-choice,rf,Meta_WOA,20.0,30.0,15.0,0.04641107928141526,0.15609003258245666,4.0149652636271345,2.045293150626155,0.8467134642600762,0.1945294225962398,10
207,contraceptive-method-choice,rf,Meta_WOA,20.0,50.0,15.0,0.1743219078179799,0.1181845487933289,3.830556410337214,2.5098811019304956,0.690235158941072,0.20306960236255198,10
208,contraceptive-method-choice,rf,Meta_WOA,50.0,30.0,15.0,0.15829229569707692,0.11980901139453877,3.5763339991951426,1.3192241477331852,0.7079650423392411,0.17400117395914108,10
209,contraceptive-method-choice,rf,Meta_WOA,50.0,50.0,15.0,0.2815776944532923,0.06418855471281291,2.919142806020521,0.34205102567140777,0.5594861593176097,0.041221893851130474,10
210,contraceptive-method-choice,svm,AffinityPropagation,,,16.0,0.2351680394231995,0.0,21.37366032945496,3.1331989578411767e-15,1.1759669207670276,2.220446049250313e-16,10
211,contraceptive-method-choice,svm,EvoCluster_PSO,20.0,30.0,4.5,0.15794714194429646,0.16744955049882762,3.477030847639137,1.6315152680353138,0.6953413351662974,0.19730470704408362,10
212,contraceptive-method-choice,svm,EvoCluster_PSO,20.0,50.0,2.4,0.2573889938335103,0.022833060196694146,2.735014849197985,0.03596539986979352,0.5792845266825695,0.0036908015922108286,10
213,contraceptive-method-choice,svm,EvoCluster_PSO,50.0,30.0,3.4,0.23188702247830456,0.06285927756402672,3.319006481851357,1.8227747168714246,0.6046701001580198,0.08284071673066268,10
214,contraceptive-method-choice,svm,EvoCluster_PSO,50.0,50.0,2.7,0.24410533170202955,0.02132726814688012,2.7466938255834648,0.03343151356679957,0.57807851373269,0.0034339373032379605,10
215,contraceptive-method-choice,svm,Meta_GA,20.0,30.0,16.0,-0.04338097983462745,0.07282978382847216,5.260299632631886,2.7815014187592926,0.9409408585970971,0.16659212789324865,10
216,contraceptive-method-choice,svm,Meta_GA,20.0,50.0,16.0,0.014537176161302906,0.0553997133082339,5.401817392880299,2.3608794035900296,0.8392596585567953,0.11661559271784078,10
217,contraceptive-method-choice,svm,Meta_GA,50.0,30.0,16.0,0.13545579266414792,0.09020505978966503,4.013470402096475,2.7798394420837886,0.6930435038734581,0.16838981440875758,10
218,contraceptive-method-choice,svm,Meta_GA,50.0,50.0,16.0,0.1670895384719992,0.10714560727604044,3.2298024124699767,1.3508250179408159,0.618467751850247,0.08012823539642523,10
219,contraceptive-method-choice,svm,Meta_GWO,20.0,30.0,16.0,-0.05514268515305861,0.06321824206157678,5.985862621675774,1.998835094760101,1.02292951311013,0.13962611715246537,10
220,contraceptive-method-choice,svm,Meta_GWO,20.0,50.0,16.0,-0.017210852997658836,0.10949274952346702,5.768945375953238,1.9674519933934902,0.8847849614852483,0.17908750064866685,10
221,contraceptive-method-choice,svm,Meta_GWO,50.0,30.0,16.0,-0.043169939584154896,0.060758381838539655,5.373743394909532,1.8466266594268874,0.8899577959757027,0.1584700037274054,10
222,contraceptive-method-choice,svm,Meta_GWO,50.0,50.0,16.0,-0.02444734204894285,0.03625414788992414,5.013762848540111,1.6158183828752695,0.8323438010575777,0.12200259537997825,10
223,contraceptive-method-choice,svm,Meta_PSO,20.0,30.0,16.0,-0.028771832977051125,0.04985188742052596,7.322688865594856,3.0667291585638714,1.1548432389639038,0.11289468726799218,10
224,contraceptive-method-choice,svm,Meta_PSO,20.0,50.0,16.0,-0.07676978867024903,0.0502305909577625,5.931877696047552,1.8738554951277326,1.1047728763070375,0.08896480219391427,10
225,contraceptive-method-choice,svm,Meta_PSO,50.0,30.0,16.0,-0.0368619507761815,0.06647053111702418,6.488726685664669,2.6606869466114262,1.055353041874519,0.09184051624763806,10
226,contraceptive-method-choice,svm,Meta_PSO,50.0,50.0,16.0,-0.05883493959870086,0.06905088312671907,5.753500602362334,1.945067048445894,1.0114156992071919,0.11980310332370997,10
227,contraceptive-method-choice,svm,Meta_WOA,20.0,30.0,16.0,0.06301917309537862,0.12461168341626833,4.123971047744232,2.321228673250542,0.925375393584955,0.23001456564987247,10
228,contraceptive-method-choice,svm,Meta_WOA,20.0,50.0,16.0,0.06574181266192017,0.15331588364367513,3.317382551738165,1.7498912831969684,0.841478106031263,0.18748631404212182,10
229,contraceptive-method-choice,svm,Meta_WOA,50.0,30.0,16.0,0.17442317166271581,0.1291380353403713,3.3208305596920935,2.139560498608589,0.6993883483018479,0.17287834525404527,10
230,contraceptive-method-choice,svm,Meta_WOA,50.0,50.0,16.0,0.0744188274045042,0.17551135635917955,2.84640170023816,1.649991008407416,0.7841006852152358,0.17841344572587015,10
231,contraceptive-method-choice,xgb,AffinityPropagation,,,16.0,0.2128867480965165,0.0,18.778178175919926,2.3684757858670005e-15,1.249451625869796,0.0,10
232,contraceptive-method-choice,xgb,EvoCluster_PSO,20.0,30.0,3.0,0.249681871363835,0.09046624763522121,3.0726827584799734,0.21837211455613753,0.5766635257919929,0.08458454088515219,10
233,contraceptive-method-choice,xgb,EvoCluster_PSO,20.0,50.0,2.3,0.2841521890450905,0.026283985182303835,3.079183817099401,0.06144271338716198,0.5433096088513094,0.0054112466497986305,10
234,contraceptive-method-choice,xgb,EvoCluster_PSO,50.0,30.0,2.2,0.2875469738475531,0.017901067296812935,3.0662763654761105,0.0679622334122004,0.5443587357680499,0.006036915609426936,10
235,contraceptive-method-choice,xgb,EvoCluster_PSO,50.0,50.0,2.5,0.27530244346244864,0.027669174613799766,3.0693179189120143,0.06247724992562551,0.5441937925342822,0.005500850454792921,10
236,contraceptive-method-choice,xgb,Meta_GA,20.0,30.0,16.0,0.06504783271286702,0.12586884497112877,3.881846026251167,1.5892665217913462,0.7521148464995131,0.1763381649610626,10
237,contraceptive-method-choice,xgb,Meta_GA,20.0,50.0,16.0,0.04949620034409249,0.13013598839014534,3.4671899599693297,1.1031623118289797,0.7364100876060743,0.13181578850665598,10
238,contraceptive-method-choice,xgb,Meta_GA,50.0,30.0,16.0,0.2630585793671746,0.029286441004577543,3.0296237518361195,0.07993981587136183,0.5481960147456169,0.007026209202008863,10
239,contraceptive-method-choice,xgb,Meta_GA,50.0,50.0,16.0,0.2726749604987536,0.03650315703769173,3.1080712520013356,0.0001496390163190053,0.5409440059876957,0.0004946669920386194,10
240,contraceptive-method-choice,xgb,Meta_GWO,20.0,30.0,16.0,0.01919411801598777,0.053058190607016935,5.963102618463989,2.4578937880312264,0.9532392763596708,0.24637530200830324,10
241,contraceptive-method-choice,xgb,Meta_GWO,20.0,50.0,16.0,0.036066621820592136,0.11318658861446726,3.166654157840874,0.5620674071339721,0.6808540953910585,0.09568731371917986,10
242,contraceptive-method-choice,xgb,Meta_GWO,50.0,30.0,16.0,0.06841659756514243,0.11351099792015056,3.9104104169483236,1.7960244394736407,0.7944589760202166,0.24718982766233477,10
243,contraceptive-method-choice,xgb,Meta_GWO,50.0,50.0,16.0,0.1854927473035329,0.10536460716530349,3.6121118223470807,1.6940083923458946,0.6157434368391311,0.13974636074180277,10
244,contraceptive-method-choice,xgb,Meta_PSO,20.0,30.0,16.0,-0.042868038082396684,0.08076521770462906,5.133920667966115,1.5558069171641613,0.9972383356477657,0.13612220278111167,10
245,contraceptive-method-choice,xgb,Meta_PSO,20.0,50.0,16.0,-0.005339764664000659,0.0429143475831476,5.3117094661240065,1.3227270391539334,1.0145417601075102,0.10397711787620431,10
246,contraceptive-method-choice,xgb,Meta_PSO,50.0,30.0,16.0,-0.036461005540635354,0.08896943698726935,3.9707390150700412,1.894319595135817,0.8805869092526522,0.11386834528461791,10
247,contraceptive-method-choice,xgb,Meta_PSO,50.0,50.0,16.0,0.06747431472390138,0.09629627086167315,4.352071243338121,2.250057824631398,0.757731103885672,0.16125850963640115,10
248,contraceptive-method-choice,xgb,Meta_WOA,20.0,30.0,16.0,0.15268879893581933,0.1402833208037901,3.3301268641168122,1.5472578343749175,0.7054854333463842,0.20184048379484562,10
249,contraceptive-method-choice,xgb,Meta_WOA,20.0,50.0,16.0,0.2181302077318863,0.06936962817780266,2.565946233097118,0.5297782775514225,0.6080022073173306,0.06802500932892791,10
250,contraceptive-method-choice,xgb,Meta_WOA,50.0,30.0,16.0,0.21214810143723958,0.09911481357553358,2.8724618689571977,1.0984984540463518,0.6450440355041667,0.14384788209080365,10
251,contraceptive-method-choice,xgb,Meta_WOA,50.0,50.0,16.0,0.23635309679834632,0.06896354447808822,3.1120137153011163,0.9728208894061184,0.624382129373899,0.09823131709092078,10
252,credit-approval,rf,AffinityPropagation,,,7.0,0.07845992519666029,0.0,3.8885862834385185,0.0,1.170550663212928,0.0,10
253,credit-approval,rf,EvoCluster_PSO,20.0,30.0,2.0,0.35629762958914596,0.0,3.6926764240741194,0.0,0.4828193925934167,0.0,10
254,credit-approval,rf,EvoCluster_PSO,20.0,50.0,2.0,0.35629762958914596,0.0,3.6926764240741194,0.0,0.4828193925934167,0.0,10
255,credit-approval,rf,EvoCluster_PSO,50.0,30.0,2.0,0.35629762958914596,0.0,3.6926764240741194,0.0,0.4828193925934167,0.0,10
256,credit-approval,rf,EvoCluster_PSO,50.0,50.0,2.0,0.35629762958914596,0.0,3.6926764240741194,0.0,0.4828193925934167,0.0,10
257,credit-approval,rf,Meta_GA,20.0,30.0,7.0,0.35629762958914596,0.0,3.6926764240741194,0.0,0.4828193925934167,0.0,10
258,credit-approval,rf,Meta_GA,20.0,50.0,7.0,0.35629762958914596,0.0,3.6926764240741194,0.0,0.4828193925934167,0.0,10
259,credit-approval,rf,Meta_GA,50.0,30.0,7.0,0.35629762958914596,0.0,3.6926764240741194,0.0,0.4828193925934167,0.0,10
260,credit-approval,rf,Meta_GA,50.0,50.0,7.0,0.35629762958914596,0.0,3.6926764240741194,0.0,0.4828193925934167,0.0,10
261,credit-approval,rf,Meta_GWO,20.0,30.0,7.0,0.35629762958914596,0.0,3.6926764240741194,0.0,0.4828193925934167,0.0,10
262,credit-approval,rf,Meta_GWO,20.0,50.0,7.0,0.35629762958914596,0.0,3.6926764240741194,0.0,0.4828193925934167,0.0,10
263,credit-approval,rf,Meta_GWO,50.0,30.0,7.0,0.35629762958914596,0.0,3.6926764240741194,0.0,0.4828193925934167,0.0,10
264,credit-approval,rf,Meta_GWO,50.0,50.0,7.0,0.35629762958914596,0.0,3.6926764240741194,0.0,0.4828193925934167,0.0,10
265,credit-approval,rf,Meta_PSO,20.0,30.0,7.0,0.35629762958914596,0.0,3.6926764240741194,0.0,0.4828193925934167,0.0,10
266,credit-approval,rf,Meta_PSO,20.0,50.0,7.0,0.35629762958914596,0.0,3.6926764240741194,0.0,0.4828193925934167,0.0,10
267,credit-approval,rf,Meta_PSO,50.0,30.0,7.0,0.35629762958914596,0.0,3.6926764240741194,0.0,0.4828193925934167,0.0,10
268,credit-approval,rf,Meta_PSO,50.0,50.0,7.0,0.35629762958914596,0.0,3.6926764240741194,0.0,0.4828193925934167,0.0,10
269,credit-approval,rf,Meta_WOA,20.0,30.0,7.0,0.34144410075281006,0.03133220882661656,3.5752358744678965,0.3058148977390886,0.4937619244501148,0.024973233557981037,10
270,credit-approval,rf,Meta_WOA,20.0,50.0,7.0,0.34834144940530615,0.02515965085563108,3.696978229766219,0.013603504038514578,0.4844449828674778,0.005140567808249938,10
271,credit-approval,rf,Meta_WOA,50.0,30.0,7.0,0.35629762958914596,0.0,3.6926764240741194,0.0,0.4828193925934167,0.0,10
272,credit-approval,rf,Meta_WOA,50.0,50.0,7.0,0.35629762958914596,0.0,3.6926764240741194,0.0,0.4828193925934167,0.0,10
273,credit-approval,svm,AffinityPropagation,,,6.0,0.06525379613892618,0.0,3.1903056093117446,0.0,1.4931084554049896,0.0,10
274,credit-approval,svm,EvoCluster_PSO,20.0,30.0,2.0,0.317640782147672,0.0,3.208807294361988,0.0,0.5276766694695795,0.0,10
275,credit-approval,svm,EvoCluster_PSO,20.0,50.0,2.0,0.317640782147672,0.0,3.208807294361988,0.0,0.5276766694695795,0.0,10
276,credit-approval,svm,EvoCluster_PSO,50.0,30.0,2.0,0.317640782147672,0.0,3.208807294361988,0.0,0.5276766694695795,0.0,10
277,credit-approval,svm,EvoCluster_PSO,50.0,50.0,2.0,0.317640782147672,0.0,3.208807294361988,0.0,0.5276766694695795,0.0,10
278,credit-approval,svm,Meta_GA,20.0,30.0,6.0,0.317640782147672,0.0,3.208807294361988,0.0,0.5276766694695795,0.0,10
279,credit-approval,svm,Meta_GA,20.0,50.0,6.0,0.311129421862941,0.020590729165712366,3.13765732901249,0.2249959459464689,0.5345134583033637,0.021619824596364443,10
280,credit-approval,svm,Meta_GA,50.0,30.0,6.0,0.317640782147672,0.0,3.208807294361988,0.0,0.5276766694695795,0.0,10
281,credit-approval,svm,Meta_GA,50.0,50.0,6.0,0.317640782147672,0.0,3.208807294361988,0.0,0.5276766694695795,0.0,10
282,credit-approval,svm,Meta_GWO,20.0,30.0,6.0,0.317640782147672,0.0,3.208807294361988,0.0,0.5276766694695795,0.0,10
283,credit-approval,svm,Meta_GWO,20.0,50.0,6.0,0.311129421862941,0.020590729165712366,3.13765732901249,0.22499594594646896,0.5345134583033637,0.02161982459636444,10
284,credit-approval,svm,Meta_GWO,50.0,30.0,6.0,0.317640782147672,0.0,3.208807294361988,0.0,0.5276766694695795,0.0,10
285,credit-approval,svm,Meta_GWO,50.0,50.0,6.0,0.317640782147672,0.0,3.208807294361988,0.0,0.5276766694695795,0.0,10
286,credit-approval,svm,Meta_PSO,20.0,30.0,6.0,0.317640782147672,0.0,3.208807294361988,0.0,0.5276766694695795,0.0,10
287,credit-approval,svm,Meta_PSO,20.0,50.0,6.0,0.317640782147672,0.0,3.208807294361988,0.0,0.5276766694695795,0.0,10
288,credit-approval,svm,Meta_PSO,50.0,30.0,6.0,0.317640782147672,0.0,3.208807294361988,0.0,0.5276766694695795,0.0,10
289,credit-approval,svm,Meta_PSO,50.0,50.0,6.0,0.317640782147672,0.0,3.208807294361988,0.0,0.5276766694695795,0.0,10
290,credit-approval,svm,Meta_WOA,20.0,30.0,6.0,0.311129421862941,0.020590729165712352,3.13765732901249,0.2249959459464689,0.5345134583033637,0.021619824596364474,10
291,credit-approval,svm,Meta_WOA,20.0,50.0,6.0,0.27166170441278276,0.06302408562627132,2.8078519411400107,0.5583245720211845,0.5748198489459284,0.07269046780215462,10
292,credit-approval,svm,Meta_WOA,50.0,30.0,6.0,0.317640782147672,0.0,3.208807294361988,0.0,0.5276766694695795,0.0,10
293,credit-approval,svm,Meta_WOA,50.0,50.0,6.0,0.317640782147672,0.0,3.208807294361988,0.0,0.5276766694695795,0.0,10
294,credit-approval,xgb,AffinityPropagation,,,8.0,0.08514661660226035,0.0,4.397583548980494,0.0,1.1596358496654662,0.0,10
295,credit-approval,xgb,EvoCluster_PSO,20.0,30.0,2.0,0.3971315213714064,0.0,4.336988769989628,0.0,0.4498849070763609,0.0,10
296,credit-approval,xgb,EvoCluster_PSO,20.0,50.0,2.2,0.38752617599589784,0.030374769099172392,4.310339697730304,0.08427176586987675,0.4533995697089345,0.011114339126015995,10
297,credit-approval,xgb,EvoCluster_PSO,50.0,30.0,2.0,0.3971315213714064,0.0,4.336988769989628,0.0,0.4498849070763609,0.0,10
298,credit-approval,xgb,EvoCluster_PSO,50.0,50.0,2.0,0.3971315213714064,0.0,4.336988769989628,0.0,0.4498849070763609,0.0,10
299,credit-approval,xgb,Meta_GA,20.0,30.0,8.0,0.3971315213714064,0.0,4.336988769989628,0.0,0.4498849070763609,0.0,10
300,credit-approval,xgb,Meta_GA,20.0,50.0,8.0,0.3971315213714064,0.0,4.336988769989628,0.0,0.4498849070763609,0.0,10
301,credit-approval,xgb,Meta_GA,50.0,30.0,8.0,0.3971315213714064,0.0,4.336988769989628,0.0,0.4498849070763609,0.0,10
302,credit-approval,xgb,Meta_GA,50.0,50.0,8.0,0.3971315213714064,0.0,4.336988769989628,0.0,0.4498849070763609,0.0,10
303,credit-approval,xgb,Meta_GWO,20.0,30.0,8.0,0.385779418767609,0.03589850045992766,4.211896237416913,0.39557732120858385,0.4581622645401775,0.02617530259305532,10
304,credit-approval,xgb,Meta_GWO,20.0,50.0,8.0,0.3971315213714064,0.0,4.336988769989628,0.0,0.4498849070763609,0.0,10
305,credit-approval,xgb,Meta_GWO,50.0,30.0,8.0,0.3971315213714064,0.0,4.336988769989628,0.0,0.4498849070763609,0.0,10
306,credit-approval,xgb,Meta_GWO,50.0,50.0,8.0,0.3971315213714064,0.0,4.336988769989628,0.0,0.4498849070763609,0.0,10
307,credit-approval,xgb,Meta_PSO,20.0,30.0,8.0,0.3971315213714064,0.0,4.336988769989628,0.0,0.4498849070763609,0.0,10
308,credit-approval,xgb,Meta_PSO,20.0,50.0,8.0,0.3971315213714064,0.0,4.336988769989628,0.0,0.4498849070763609,0.0,10
309,credit-approval,xgb,Meta_PSO,50.0,30.0,8.0,0.3971315213714064,0.0,4.336988769989628,0.0,0.4498849070763609,0.0,10
310,credit-approval,xgb,Meta_PSO,50.0,50.0,8.0,0.3971315213714064,0.0,4.336988769989628,0.0,0.4498849070763609,0.0,10
311,credit-approval,xgb,Meta_WOA,20.0,30.0,8.0,0.37652673522998165,0.0437196453402864,4.069364151146042,0.5656976387225628,0.46756696081423044,0.037371625622789624,10
312,credit-approval,xgb,Meta_WOA,20.0,50.0,8.0,0.3971315213714064,0.0,4.336988769989628,0.0,0.4498849070763609,0.0,10
313,credit-approval,xgb,Meta_WOA,50.0,30.0,8.0,0.387878837833779,0.029259554447646746,4.194456683718757,0.45072603227156816,0.45928960335041386,0.02974026092810638,10
314,credit-approval,xgb,Meta_WOA,50.0,50.0,8.0,0.3971315213714064,0.0,4.336988769989628,0.0,0.4498849070763609,0.0,10
315,cylinder-bands,rf,AffinityPropagation,,,6.0,0.03635595414408331,0.0,1.9721038398250363,0.0,1.8790347997350267,0.0,10
316,cylinder-bands,rf,EvoCluster_PSO,20.0,30.0,2.0,0.08547899291312644,0.0,1.3840294374030429,0.0,0.8162835199820627,0.0,10
317,cylinder-bands,rf,EvoCluster_PSO,20.0,50.0,2.0,0.08547899291312644,0.0,1.3840294374030429,0.0,0.8162835199820627,0.0,10
318,cylinder-bands,rf,EvoCluster_PSO,50.0,30.0,2.0,0.08425599430640146,0.003867461172463454,1.3792874092173542,0.014995609795492583,0.8176901070758161,0.004448018943657759,10
319,cylinder-bands,rf,EvoCluster_PSO,50.0,50.0,2.0,0.08425599430640146,0.0038674611724634545,1.3792874092173542,0.01499560979549257,0.8176901070758161,0.004448018943657751,10
320,cylinder-bands,rf,Meta_GA,20.0,30.0,6.0,0.08547899291312644,0.0,1.3840294374030429,0.0,0.8162835199820627,0.0,10
321,cylinder-bands,rf,Meta_GA,20.0,50.0,6.0,0.08547899291312644,0.0,1.3840294374030429,0.0,0.8162835199820627,0.0,10
322,cylinder-bands,rf,Meta_GA,50.0,30.0,6.0,0.08547899291312644,0.0,1.3840294374030429,0.0,0.8162835199820627,0.0,10
323,cylinder-bands,rf,Meta_GA,50.0,50.0,6.0,0.08547899291312644,0.0,1.3840294374030429,0.0,0.8162835199820627,0.0,10
324,cylinder-bands,rf,Meta_GWO,20.0,30.0,6.0,0.07967844455996895,0.009779837713293157,1.3588754233282956,0.04314561557153093,0.8240169229758582,0.013338430185154744,10
325,cylinder-bands,rf,Meta_GWO,20.0,50.0,6.0,0.08547899291312644,0.0,1.3840294374030429,0.0,0.8162835199820627,0.0,10
326,cylinder-bands,rf,Meta_GWO,50.0,30.0,6.0,0.08547899291312644,0.0,1.3840294374030429,0.0,0.8162835199820627,0.0,10
327,cylinder-bands,rf,Meta_GWO,50.0,50.0,6.0,0.08303299569967648,0.005156614896617936,1.3745453810316652,0.019994146393990067,0.8190966941695695,0.005930691924876973,10
328,cylinder-bands,rf,Meta_PSO,20.0,30.0,6.0,0.08319021803991018,0.007237741650726478,1.3738234444585136,0.03227418348832092,0.8194469279320836,0.010003574290350696,10
329,cylinder-bands,rf,Meta_PSO,20.0,50.0,6.0,0.08547899291312644,0.0,1.3840294374030429,0.0,0.8162835199820627,0.0,10
330,cylinder-bands,rf,Meta_PSO,50.0,30.0,6.0,0.08547899291312644,0.0,1.3840294374030429,0.0,0.8162835199820627,0.0,10
331,cylinder-bands,rf,Meta_PSO,50.0,50.0,6.0,0.08547899291312644,0.0,1.3840294374030429,0.0,0.8162835199820627,0.0,10
332,cylinder-bands,rf,Meta_WOA,20.0,30.0,6.0,0.08058699848622652,0.006315537648374288,1.3650613246602874,0.024487728253892012,0.8219098683570765,0.00726358451879661,10
333,cylinder-bands,rf,Meta_WOA,20.0,50.0,6.0,0.0818099970929515,0.005907644523372148,1.3698033528459763,0.022906172326621996,0.820503281263323,0.006794461167303046,10
334,cylinder-bands,rf,Meta_WOA,50.0,30.0,6.0,0.07802782269207964,0.012028908277817387,1.3617268085971415,0.0469258733047967,0.8232810032339195,0.014595713676942117,10
335,cylinder-bands,rf,Meta_WOA,50.0,50.0,6.0,0.08547899291312644,0.0,1.3840294374030429,0.0,0.8162835199820627,0.0,10
336,cylinder-bands,svm,AffinityPropagation,,,10.0,0.03716679849853856,0.0,1.934257933461145,0.0,1.876222994519713,0.0,10
337,cylinder-bands,svm,EvoCluster_PSO,20.0,30.0,2.6,0.10844252191661677,0.010079526973158913,1.586708944722192,0.012894920238182435,0.7691061066883316,0.0026962113921745194,10
338,cylinder-bands,svm,EvoCluster_PSO,20.0,50.0,2.4,0.11302146740750305,0.010598349263469408,1.587404917785363,0.005841826049833588,0.7686952307271914,0.0007945603551903094,10
339,cylinder-bands,svm,EvoCluster_PSO,50.0,30.0,2.4,0.11254724493608743,0.010291867414609692,1.5844464152219473,0.012304636547145866,0.7694138385906524,0.002603485517206019,10
340,cylinder-bands,svm,EvoCluster_PSO,50.0,50.0,2.6,0.10891674438803238,0.010598349263469406,1.5896674472856078,0.005841826049833611,0.7683874988248705,0.0007945603551903021,10
341,cylinder-bands,svm,Meta_GA,20.0,30.0,10.0,0.12028246850361315,0.0019994975030766123,1.5769628536580422,0.012474142085121416,0.7707479102587552,0.0030299167907257103,10
342,cylinder-bands,svm,Meta_GA,20.0,50.0,10.0,0.11459960644582276,0.009697666958074383,1.583315150471825,0.011819508044412362,0.7695677045418129,0.002540376261905179,10
343,cylinder-bands,svm,Meta_GA,50.0,30.0,10.0,0.11302146740750305,0.010598349263469408,1.5874049177853633,0.005841826049833646,0.7686952307271914,0.0007945603551903138,10
344,cylinder-bands,svm,Meta_GA,50.0,50.0,10.0,0.11917855193670905,0.00649013695282549,1.5840111235349963,0.003577373247047711,0.7691568285806727,0.0004865668600152168,10
345,cylinder-bands,svm,Meta_GWO,20.0,30.0,10.0,0.11570352301272686,0.008194735362683642,1.5762668805948707,0.016480488149731166,0.7711587862198954,0.003734221557119094,10
346,cylinder-bands,svm,Meta_GWO,20.0,50.0,10.0,0.11302146740750305,0.010598349263469406,1.5874049177853633,0.005841826049833613,0.7686952307271914,0.0007945603551903068,10
347,cylinder-bands,svm,Meta_GWO,50.0,30.0,10.0,0.11459960644582276,0.009697666958074388,1.583315150471825,0.01181950804441234,0.7695677045418129,0.002540376261905207,10
348,cylinder-bands,svm,Meta_GWO,50.0,50.0,10.0,0.10686438287829707,0.009913847952317619,1.59079871203573,0.005464527897902082,0.76823363287371,0.0007432431555588786,10
349,cylinder-bands,svm,Meta_PSO,20.0,30.0,10.0,0.11712619042697373,0.008653515937100653,1.5851423882851186,0.004769830996063704,0.7690029626295123,0.000648755813353611,10
350,cylinder-bands,svm,Meta_PSO,20.0,50.0,10.0,0.11712619042697373,0.008653515937100655,1.5851423882851186,0.004769830996063707,0.7690029626295123,0.0006487558133535949,10
351,cylinder-bands,svm,Meta_PSO,50.0,30.0,10.0,0.11917855193670905,0.006490136952825484,1.5840111235349963,0.0035773732470478965,0.7691568285806727,0.00048656686001523954,10
352,cylinder-bands,svm,Meta_PSO,50.0,50.0,10.0,0.11507382891723839,0.009913847952317617,1.5862736530352408,0.005464527897902119,0.7688490966783518,0.0007432431555588829,10
353,cylinder-bands,svm,Meta_WOA,20.0,30.0,10.0,0.11335801187060779,0.014153866595181532,1.552210969815517,0.07141578511258066,0.7775333106917641,0.019295456372223525,10
354,cylinder-bands,svm,Meta_WOA,20.0,50.0,10.0,0.11642728468346333,0.00884508261455264,1.5554579311673105,0.047469043244393945,0.7762352669732977,0.01232624152665309,10
355,cylinder-bands,svm,Meta_WOA,50.0,30.0,10.0,0.1132710066068239,0.011049016371227507,1.5636374657943872,0.050113337507089135,0.7744903193440547,0.012823994300950325,10
356,cylinder-bands,svm,Meta_WOA,50.0,50.0,10.0,0.11737572962629457,0.009075400558648052,1.5613749362941425,0.04879008021286549,0.7747980512463755,0.012660230018620553,10
357,cylinder-bands,xgb,AffinityPropagation,,,5.0,0.045690886545411265,0.0,2.1184867500963622,0.0,2.2710443906724835,2.0934566115783667e-16,10
358,cylinder-bands,xgb,EvoCluster_PSO,20.0,30.0,2.1,0.09382343248638488,0.0068408876134178394,1.4399504506729301,0.015149411405312063,0.7996116484983773,0.004050129215869801,10
359,cylinder-bands,xgb,EvoCluster_PSO,20.0,50.0,2.4,0.08905646656232408,0.010816389785899248,1.4449947239660599,0.012137982488310318,0.798843412344968,0.004709645255138958,10
360,cylinder-bands,xgb,EvoCluster_PSO,50.0,30.0,2.3,0.09117484590675436,0.01007900677337311,1.4483981270546231,0.0037354142797159868,0.7974262417573859,0.0007694578895956538,10
361,cylinder-bands,xgb,EvoCluster_PSO,50.0,50.0,2.5,0.08700174063874451,0.010997097968798787,1.4499447355012076,0.004075671116385104,0.7971076559240012,0.0008395473864650433,10
362,cylinder-bands,xgb,Meta_GA,20.0,30.0,5.0,0.09534795117476422,0.006598258781279271,1.4468515186080384,0.0024454026698310107,0.7977448275907704,0.0005037284318790925,10
363,cylinder-bands,xgb,Meta_GA,20.0,50.0,5.0,0.09051653876305628,0.01128215648753332,1.4477408258462021,0.0032197789016676017,0.7975099696034371,0.0006743149033832728,10
364,cylinder-bands,xgb,Meta_GA,50.0,30.0,5.0,0.09117484590675436,0.01007900677337311,1.4483981270546231,0.003735414279715934,0.7974262417573857,0.0007694578895956932,10
365,cylinder-bands,xgb,Meta_GA,50.0,50.0,5.0,0.09041258656256469,0.009838367530557099,1.444947593087069,0.01228022460645731,0.7983596522111893,0.0032087153225145363,10
366,cylinder-bands,xgb,Meta_GWO,20.0,30.0,5.0,0.0853631057186926,0.013630017814401478,1.441635156853433,0.025213169809424146,0.8003707926651531,0.010070251164536352,10
367,cylinder-bands,xgb,Meta_GWO,20.0,50.0,5.0,0.09021236116400061,0.008038536753266342,1.4338226869611144,0.019379525921664614,0.801319176489292,0.005131068798984624,10
368,cylinder-bands,xgb,Meta_GWO,50.0,30.0,5.0,0.08908829327274943,0.010774911469981741,1.4491714312779154,0.003993325837817184,0.7972669488406935,0.0008225850846906268,10
369,cylinder-bands,xgb,Meta_GWO,50.0,50.0,5.0,0.09382343248638488,0.0068408876134178394,1.4399504506729301,0.015149411405312022,0.7996116484983773,0.004050129215869829,10
370,cylinder-bands,xgb,Meta_PSO,20.0,30.0,5.0,0.09458569183057455,0.006768528671208033,1.4434009846404843,0.011444274731959053,0.7986782380445738,0.003049049965793741,10
371,cylinder-bands,xgb,Meta_PSO,20.0,50.0,5.0,0.09667224446457948,0.0024104756953855907,1.442627680417192,0.010911546481248442,0.7988375309612661,0.0029517030258303166,10
372,cylinder-bands,xgb,Meta_PSO,50.0,30.0,5.0,0.08491518800473957,0.01077491146998174,1.4507180397244999,0.003993325837817071,0.7969483630073089,0.0008225850846906972,10
373,cylinder-bands,xgb,Meta_PSO,50.0,50.0,5.0,0.08908829327274943,0.01077491146998174,1.4491714312779151,0.003993325837817152,0.7972669488406935,0.0008225850846906562,10
374,cylinder-bands,xgb,Meta_WOA,20.0,30.0,5.0,0.08831980516270707,0.017377141130622296,1.4226301753050588,0.04687416341077435,0.8048825282045737,0.013727714691372033,10
375,cylinder-bands,xgb,Meta_WOA,20.0,50.0,5.0,0.09306117314219521,0.0068184534789110605,1.4364999167053762,0.01736605077667756,0.8005450589521808,0.0046448105717122315,10
376,cylinder-bands,xgb,Meta_WOA,50.0,30.0,5.0,0.09249913919656962,0.008725862396866969,1.4441742888637765,0.011897567569245248,0.7985189451278816,0.00313440160955612,10
377,cylinder-bands,xgb,Meta_WOA,50.0,50.0,5.0,0.09249913919656962,0.008725862396866972,1.4441742888637765,0.011897567569245222,0.7985189451278816,0.0031344016095561176,10
378,diabetes,rf,AffinityPropagation,,,9.0,0.12712785493899958,0.0,8.512324486442981,1.4503892858778862e-15,1.1952527370713821,0.0,10
379,diabetes,rf,EvoCluster_PSO,20.0,30.0,2.0,0.3807340598569402,0.03659978786495366,4.347531850420765,0.5696869172973051,0.4546621665320828,0.03914882930323591,10
380,diabetes,rf,EvoCluster_PSO,20.0,50.0,2.0,0.39230792901016465,0.0,4.527682671606711,0.0,0.442282219699346,0.0,10
381,diabetes,rf,EvoCluster_PSO,50.0,30.0,2.0,0.39230792901016465,0.0,4.527682671606711,0.0,0.442282219699346,0.0,10
382,diabetes,rf,EvoCluster_PSO,50.0,50.0,2.0,0.39230792901016465,0.0,4.527682671606711,0.0,0.442282219699346,0.0,10
383,diabetes,rf,Meta_GA,20.0,30.0,9.0,0.3233244502243002,0.10558049816593428,4.1574531942462585,0.653893903985381,0.5177633982493814,0.15208985352997545,10
384,diabetes,rf,Meta_GA,20.0,50.0,9.0,0.39230792901016465,0.0,4.527682671606711,0.0,0.442282219699346,0.0,10
385,diabetes,rf,Meta_GA,50.0,30.0,9.0,0.39230792901016465,0.0,4.527682671606711,0.0,0.442282219699346,0.0,10
386,diabetes,rf,Meta_GA,50.0,50.0,9.0,0.39230792901016465,0.0,4.527682671606711,0.0,0.442282219699346,0.0,10
387,diabetes,rf,Meta_GWO,20.0,30.0,9.0,0.3190713880890899,0.11164509317647131,4.059644695506156,0.8628128376519175,0.49069057549251005,0.09202986288966446,10
388,diabetes,rf,Meta_GWO,20.0,50.0,9.0,0.39230792901016465,0.0,4.527682671606711,0.0,0.442282219699346,0.0,10
389,diabetes,rf,Meta_GWO,50.0,30.0,9.0,0.30560563509226923,0.12286299837184515,4.019067998068519,0.672660954859882,0.48829115992638866,0.061813102986085826,10
390,diabetes,rf,Meta_GWO,50.0,50.0,9.0,0.3631303583319966,0.061512727957636286,4.372777737952439,0.326772979634781,0.4564389489930173,0.029919182758350732,10
391,diabetes,rf,Meta_PSO,20.0,30.0,9.0,0.2187451447055336,0.14833307577830585,3.805063559704382,0.6159449062447995,0.5479709818828877,0.09811314945079158,10
392,diabetes,rf,Meta_PSO,20.0,50.0,9.0,0.34619897844972913,0.10023100781291454,4.315118875668675,0.4584112955489719,0.46562501849418964,0.050980220084003415,10
393,diabetes,rf,Meta_PSO,50.0,30.0,9.0,0.39230792901016465,0.0,4.527682671606711,0.0,0.442282219699346,0.0,10
394,diabetes,rf,Meta_PSO,50.0,50.0,9.0,0.39230792901016465,0.0,4.527682671606711,0.0,0.442282219699346,0.0,10
395,diabetes,rf,Meta_WOA,20.0,30.0,9.0,0.33065343311739914,0.08305289304956635,4.0263300772403365,0.6785655566072442,0.48288350148083825,0.05282246225970408,10
396,diabetes,rf,Meta_WOA,20.0,50.0,9.0,0.35093231325233004,0.06867546705081605,4.1066203233009935,0.7160596978593131,0.4735800161851847,0.051098944130962366,10
397,diabetes,rf,Meta_WOA,50.0,30.0,9.0,0.3684452800026034,0.05030688124603338,4.217451825774693,0.6540240488464885,0.46242382862105746,0.0424622399553175,10
398,diabetes,rf,Meta_WOA,50.0,50.0,9.0,0.39230792901016465,0.0,4.527682671606711,0.0,0.442282219699346,0.0,10
399,diabetes,svm,AffinityPropagation,,,9.0,0.2189460067358727,0.0,9.61624207463073,0.0,1.1659440461257997,0.0,10
400,diabetes,svm,EvoCluster_PSO,20.0,30.0,2.1,0.36114693810684806,0.049635530250752874,4.139418419738603,0.24373988403226604,0.470634565869301,0.02750747438693441,10
401,diabetes,svm,EvoCluster_PSO,20.0,50.0,2.2,0.35808013377962994,0.059333617062822384,4.115841594408744,0.31829635207057266,0.4715089245708569,0.030272439375838393,10
402,diabetes,svm,EvoCluster_PSO,50.0,30.0,2.0,0.3768430709531048,0.0,4.21649573875533,0.0,0.46193593869515537,0.0,10
403,diabetes,svm,EvoCluster_PSO,50.0,50.0,2.0,0.3768430709531048,0.0,4.21649573875533,0.0,0.46193593869515537,0.0,10
404,diabetes,svm,Meta_GA,20.0,30.0,9.0,0.2694990965394581,0.1424008837347887,3.6668987797453476,0.90359260250634,0.5599095418442804,0.15745733425600256,10
405,diabetes,svm,Meta_GA,20.0,50.0,9.0,0.2832851084520639,0.16270639172667817,3.8433132166289012,0.6079122362245774,0.5194661708860887,0.10472464297716824,10
406,diabetes,svm,Meta_GA,50.0,30.0,9.0,0.3768430709531048,0.0,4.21649573875533,0.0,0.46193593869515537,0.0,10
407,diabetes,svm,Meta_GA,50.0,50.0,9.0,0.3768430709531048,0.0,4.21649573875533,0.0,0.46193593869515537,0.0,10
408,diabetes,svm,Meta_GWO,20.0,30.0,9.0,0.2892857879043683,0.12305149308416277,3.6054542087109747,0.8158465149352487,0.5183377164487408,0.07292525725230634,10
409,diabetes,svm,Meta_GWO,20.0,50.0,9.0,0.31037711424404807,0.1403083503467546,3.937579772482086,0.5882196704929827,0.4960539256182943,0.07213474407643261,10
410,diabetes,svm,Meta_GWO,50.0,30.0,9.0,0.3143623820190276,0.1346124015262849,3.9457270211098425,0.5795548877034358,0.4906104720489262,0.06413637839009258,10
411,diabetes,svm,Meta_GWO,50.0,50.0,9.0,0.3107393071848058,0.11367795737607428,3.81632065710017,0.7573381141928219,0.5070017518329546,0.08402809798632474,10
412,diabetes,svm,Meta_PSO,20.0,30.0,9.0,0.12140362574667832,0.18690811565230653,3.344570142985961,0.7192564321802614,0.6733947749515635,0.17184142119640425,10
413,diabetes,svm,Meta_PSO,20.0,50.0,9.0,0.22592039572704956,0.14846124745898634,3.6401259110115136,0.9659741063929482,0.5785448133993754,0.1566424703571134,10
414,diabetes,svm,Meta_PSO,50.0,30.0,9.0,0.2943361054312803,0.10778900008440259,3.8222016070031244,0.5126984845836499,0.5078505355391292,0.06003802027794235,10
415,diabetes,svm,Meta_PSO,50.0,50.0,9.0,0.3768430709531048,0.0,4.21649573875533,0.0,0.46193593869515537,0.0,10
416,diabetes,svm,Meta_WOA,20.0,30.0,9.0,0.2927437650318917,0.11043279257684768,3.447158852709807,0.9987512421144599,0.5267304728021791,0.08501546585769122,10
417,diabetes,svm,Meta_WOA,20.0,50.0,9.0,0.3117526426720872,0.14104451301535986,3.7593807343413923,0.9954273356889691,0.5106571571646289,0.11387008428103822,10
418,diabetes,svm,Meta_WOA,50.0,30.0,9.0,0.3768430709531048,0.0,4.21649573875533,0.0,0.46193593869515537,0.0,10
419,diabetes,svm,Meta_WOA,50.0,50.0,9.0,0.36114693810684806,0.049635530250752874,4.139418419738603,0.24373988403226604,0.470634565869301,0.02750747438693441,10
420,diabetes,xgb,AffinityPropagation,,,10.0,0.16838290439841008,0.0,9.834213448416834,1.0255800994045674e-15,1.1601448224024966,0.0,10
421,diabetes,xgb,EvoCluster_PSO,20.0,30.0,2.1,0.394373917077979,0.037445534109984954,4.5963696091291055,0.5131402023476577,0.4427156842911103,0.03117076007825957,10
422,diabetes,xgb,EvoCluster_PSO,20.0,50.0,2.1,0.394373917077979,0.03744553410998496,4.5963696091291055,0.5131402023476577,0.4427156842911103,0.031170760078259575,10
423,diabetes,xgb,EvoCluster_PSO,50.0,30.0,2.0,0.4062152346768868,0.0,4.758638788970933,0.0,0.43285862446651546,0.0,10
424,diabetes,xgb,EvoCluster_PSO,50.0,50.0,2.0,0.4062152346768868,0.0,4.758638788970933,0.0,0.43285862446651546,0.0,10
425,diabetes,xgb,Meta_GA,20.0,30.0,10.0,0.3844578203703979,0.06880298520443781,4.640974057009265,0.37208855327208695,0.44534379806641794,0.03948158555829566,10
426,diabetes,xgb,Meta_GA,20.0,50.0,10.0,0.4062152346768868,0.0,4.758638788970933,0.0,0.43285862446651546,0.0,10
427,diabetes,xgb,Meta_GA,50.0,30.0,10.0,0.4062152346768868,0.0,4.758638788970933,0.0,0.43285862446651546,0.0,10
428,diabetes,xgb,Meta_GA,50.0,50.0,10.0,0.4062152346768868,0.0,4.758638788970933,0.0,0.43285862446651546,0.0,10
429,diabetes,xgb,Meta_GWO,20.0,30.0,10.0,0.33251202775654604,0.11797012030588018,4.285720840913213,0.6998353582805107,0.47721534761211626,0.07225932142866773,10
430,diabetes,xgb,Meta_GWO,20.0,50.0,10.0,0.4062152346768868,0.0,4.758638788970933,0.0,0.43285862446651546,0.0,10
431,diabetes,xgb,Meta_GWO,50.0,30.0,10.0,0.3070492588599316,0.12258580443948923,4.125622703534243,0.7408094925615631,0.4891635951733808,0.06963438719648997,10
432,diabetes,xgb,Meta_GWO,50.0,50.0,10.0,0.4062152346768868,0.0,4.758638788970933,0.0,0.43285862446651546,0.0,10
433,diabetes,xgb,Meta_PSO,20.0,30.0,10.0,0.3134277529765833,0.1956139575083117,4.447426903073081,0.6740782686645168,0.5255824300291935,0.20379576457909307,10
434,diabetes,xgb,Meta_PSO,20.0,50.0,10.0,0.360849435795091,0.1036976068139297,4.546416832170989,0.45924862438407604,0.45147372290199783,0.041417881667895146,10
435,diabetes,xgb,Meta_PSO,50.0,30.0,10.0,0.3548658979147565,0.06653078025763721,4.377923986821572,0.5571257150831824,0.46148166659989026,0.03839992416291699,10
436,diabetes,xgb,Meta_PSO,50.0,50.0,10.0,0.38396378154229244,0.07036527315381144,4.659360836968501,0.3139444497645611,0.4408337696712801,0.02521962351762603,10
437,diabetes,xgb,Meta_WOA,20.0,30.0,10.0,0.2817427285288632,0.10515707487413929,3.82831173610562,0.7278264379603832,0.5038424349409982,0.05755889136418709,10
438,diabetes,xgb,Meta_WOA,20.0,50.0,10.0,0.394373917077979,0.037445534109984954,4.5963696091291055,0.5131402023476577,0.4427156842911103,0.03117076007825957,10
439,diabetes,xgb,Meta_WOA,50.0,30.0,10.0,0.4062152346768868,0.0,4.758638788970933,0.0,0.43285862446651546,0.0,10
440,diabetes,xgb,Meta_WOA,50.0,50.0,10.0,0.4062152346768868,0.0,4.758638788970933,0.0,0.43285862446651546,0.0,10
441,german-credit,rf,AffinityPropagation,,,14.0,0.022684673982752722,0.0,2.693027356365378,0.0,1.566636808395669,0.0,10
442,german-credit,rf,EvoCluster_PSO,20.0,30.0,2.1,0.24223081656950235,0.030177644265596118,2.4664146535055784,0.12442622926493525,0.6166660246203988,0.02376759273975267,10
443,german-credit,rf,EvoCluster_PSO,20.0,50.0,2.0,0.24455952921677976,0.007604536094719764,2.4440122347062077,0.0650896325893072,0.6166829638244682,0.007940386402120842,10
444,german-credit,rf,EvoCluster_PSO,50.0,30.0,2.0,0.25177382559926265,0.0,2.5057616820199278,0.0,0.6091500518647087,0.0,10
445,german-credit,rf,EvoCluster_PSO,50.0,50.0,2.0,0.2503309663227661,0.004562721656831859,2.4934117925571835,0.03905377955358429,0.6106566342566606,0.004764231841272508,10
446,german-credit,rf,Meta_GA,20.0,30.0,14.0,0.23340738479891576,0.020781348135011774,2.3748801197765297,0.14229593109318195,0.6268537942384974,0.020424437025955033,10
447,german-credit,rf,Meta_GA,20.0,50.0,14.0,0.24888810704626949,0.006083628875775808,2.4810619030944396,0.05207170607144571,0.6121632166486125,0.006352309121696707,10
448,german-credit,rf,Meta_GA,50.0,30.0,14.0,0.25177382559926265,0.0,2.5057616820199278,0.0,0.6091500518647087,0.0,10
449,german-credit,rf,Meta_GA,50.0,50.0,14.0,0.25177382559926265,0.0,2.5057616820199278,0.0,0.6091500518647087,0.0,10
450,german-credit,rf,Meta_GWO,20.0,30.0,14.0,0.2347795504024302,0.03125481543971244,2.3931818172418824,0.25093297776721696,0.6262308414345641,0.037934091250306744,10
451,german-credit,rf,Meta_GWO,20.0,50.0,14.0,0.24600238849327632,0.007450893265056211,2.456362124168952,0.06377455495561345,0.6151763814325163,0.007779958018291982,10
452,german-credit,rf,Meta_GWO,50.0,30.0,14.0,0.2503309663227661,0.004562721656831863,2.4934117925571835,0.039053779553584286,0.6106566342566606,0.0047642318412725055,10
453,german-credit,rf,Meta_GWO,50.0,50.0,14.0,0.24563090305088314,0.011055171694513826,2.4808843355125276,0.05198106843470503,0.6125653651115298,0.006267081490095309,10
454,german-credit,rf,Meta_PSO,20.0,30.0,14.0,0.24039671026259782,0.020829218161310625,2.4354314642806973,0.13015777302328657,0.61978200181175,0.019284901751325068,10
455,german-credit,rf,Meta_PSO,20.0,50.0,14.0,0.25177382559926265,0.0,2.5057616820199278,0.0,0.6091500518647087,0.0,10
456,german-credit,rf,Meta_PSO,50.0,30.0,14.0,0.25177382559926265,0.0,2.5057616820199278,0.0,0.6091500518647087,0.0,10
457,german-credit,rf,Meta_PSO,50.0,50.0,14.0,0.24707376232737976,0.010792055351230755,2.493234224975272,0.03899538177607588,0.611058782719578,0.004792573586444046,10
458,german-credit,rf,Meta_WOA,20.0,30.0,14.0,0.22375113057771667,0.030562776063494435,2.269270884112642,0.25021915134205075,0.6423609919816672,0.037773683236333004,10
459,german-credit,rf,Meta_WOA,20.0,50.0,14.0,0.23278608165639575,0.025434961375122755,2.3885586928843225,0.15640539591457758,0.6259595530270654,0.022200965237561626,10
460,german-credit,rf,Meta_WOA,50.0,30.0,14.0,0.25177382559926265,0.0,2.5057616820199278,0.0,0.6091500518647087,0.0,10
461,german-credit,rf,Meta_WOA,50.0,50.0,14.0,0.25177382559926265,0.0,2.5057616820199278,0.0,0.6091500518647087,0.0,10
462,german-credit,svm,AffinityPropagation,,,14.0,0.04412209278469421,0.0,3.3019394963961384,0.0,1.6458380897971803,2.220446049250313e-16,10
463,german-credit,svm,EvoCluster_PSO,20.0,30.0,2.0,0.2977954847221039,0.005586118315792396,2.9631485154172017,0.06328179385364742,0.5615503708449626,0.006109868978834718,10
464,german-credit,svm,EvoCluster_PSO,20.0,50.0,2.0,0.29956197043781263,0.0,2.9831599757170784,0.0,0.5596182606271302,0.0,10
465,german-credit,svm,EvoCluster_PSO,50.0,30.0,2.0,0.29956197043781263,0.0,2.9831599757170784,0.0,0.5596182606271302,0.0,10
466,german-credit,svm,EvoCluster_PSO,50.0,50.0,2.0,0.29956197043781263,0.0,2.9831599757170784,0.0,0.5596182606271302,0.0,10
467,german-credit,svm,Meta_GA,20.0,30.0,14.0,0.2977954847221039,0.0055861183157923985,2.9631485154172017,0.06328179385364739,0.5615503708449626,0.006109868978834716,10
468,german-credit,svm,Meta_GA,20.0,50.0,14.0,0.2977954847221039,0.005586118315792401,2.9631485154172017,0.06328179385364738,0.5615503708449626,0.006109868978834719,10
469,german-credit,svm,Meta_GA,50.0,30.0,14.0,0.29956197043781263,0.0,2.9831599757170784,0.0,0.5596182606271302,0.0,10
470,german-credit,svm,Meta_GA,50.0,50.0,14.0,0.29956197043781263,0.0,2.9831599757170784,0.0,0.5596182606271302,0.0,10
471,german-credit,svm,Meta_GWO,20.0,30.0,14.0,0.28243827689514506,0.028975655866202363,2.8313460711884604,0.2766055084577585,0.5768650934511822,0.03290281572913014,10
472,german-credit,svm,Meta_GWO,20.0,50.0,14.0,0.29602899900639507,0.007448157754389862,2.9431370551173246,0.08437572513819647,0.5634824810627952,0.008146491971779617,10
473,german-credit,svm,Meta_GWO,50.0,30.0,14.0,0.29956197043781263,0.0,2.9831599757170784,0.0,0.5596182606271302,0.0,10
474,german-credit,svm,Meta_GWO,50.0,50.0,14.0,0.29956197043781263,0.0,2.9831599757170784,0.0,0.5596182606271302,0.0,10
475,german-credit,svm,Meta_PSO,20.0,30.0,14.0,0.27896570711821683,0.03515666165667479,2.8207927728418456,0.28356170129557884,0.5795779173224448,0.03523319278659415,10
476,german-credit,svm,Meta_PSO,20.0,50.0,14.0,0.29956197043781263,0.0,2.9831599757170784,0.0,0.5596182606271302,0.0,10
477,german-credit,svm,Meta_PSO,50.0,30.0,14.0,0.29956197043781263,0.0,2.9831599757170784,0.0,0.5596182606271302,0.0,10
478,german-credit,svm,Meta_PSO,50.0,50.0,14.0,0.29956197043781263,0.0,2.9831599757170784,0.0,0.5596182606271302,0.0,10
479,german-credit,svm,Meta_WOA,20.0,30.0,14.0,0.2736530018986236,0.041624538135881455,2.7852729963592693,0.29100161465642654,0.5833141706671765,0.03677290986150338,10
480,german-credit,svm,Meta_WOA,20.0,50.0,14.0,0.28996270094123566,0.02477865928909262,2.8860983809355214,0.24483750731238066,0.5704341087239515,0.028078380689119862,10
481,german-credit,svm,Meta_WOA,50.0,30.0,14.0,0.29956197043781263,0.0,2.9831599757170784,0.0,0.5596182606271302,0.0,10
482,german-credit,svm,Meta_WOA,50.0,50.0,14.0,0.29956197043781263,0.0,2.9831599757170784,0.0,0.5596182606271302,0.0,10
483,german-credit,xgb,AffinityPropagation,,,13.0,0.051178120860445556,0.0,3.120906481351841,0.0,1.8918341896629873,0.0,10
484,german-credit,xgb,EvoCluster_PSO,20.0,30.0,2.0,0.26416988908151545,0.046637928271694384,2.664601124154666,0.3756892793706121,0.5992684180515317,0.05631562571798032,10
485,german-credit,xgb,EvoCluster_PSO,20.0,50.0,2.0,0.2754075442985368,0.014695315279740691,2.750052585730406,0.13698974774425124,0.585033425077591,0.015219410174830774,10
486,german-credit,xgb,EvoCluster_PSO,50.0,30.0,2.0,0.28237814438127506,0.0,2.815032528574968,0.0,0.57781422495807,0.0,10
487,german-credit,xgb,EvoCluster_PSO,50.0,50.0,2.0,0.28237814438127506,0.0,2.815032528574968,0.0,0.57781422495807,0.0,10
488,german-credit,xgb,Meta_GA,20.0,30.0,13.0,0.2754075442985368,0.014695315279740691,2.750052585730406,0.13698974774425118,0.585033425077591,0.01521941017483076,10
489,german-credit,xgb,Meta_GA,20.0,50.0,13.0,0.2783222064012868,0.012826002065145474,2.8057171264671683,0.029457887980980663,0.5795022950820485,0.005338146441854813,10
490,german-credit,xgb,Meta_GA,50.0,30.0,13.0,0.28237814438127506,0.0,2.815032528574968,0.0,0.57781422495807,0.0,10
491,german-credit,xgb,Meta_GA,50.0,50.0,13.0,0.28237814438127506,0.0,2.815032528574968,0.0,0.57781422495807,0.0,10
492,german-credit,xgb,Meta_GWO,20.0,30.0,13.0,0.24872658305257223,0.05456414700771027,2.5309691373466414,0.4482015022308637,0.6170460338100239,0.0655146445937515,10
493,german-credit,xgb,Meta_GWO,20.0,50.0,13.0,0.2719222442571677,0.016835598657663223,2.717562614308125,0.15694147211773424,0.5886430251373514,0.017436024789685745,10
494,german-credit,xgb,Meta_GWO,50.0,30.0,13.0,0.27889284433990597,0.011021486459805531,2.782542557152687,0.10274231080818855,0.5814238250178305,0.01141455763112311,10
495,german-credit,xgb,Meta_GWO,50.0,50.0,13.0,0.28237814438127506,0.0,2.815032528574968,0.0,0.57781422495807,0.0,10
496,german-credit,xgb,Meta_PSO,20.0,30.0,13.0,0.2683436064098016,0.04438110589797544,2.701084067841614,0.3603366717876608,0.5947550552819147,0.05357160927779729,10
497,german-credit,xgb,Meta_PSO,20.0,50.0,13.0,0.28237814438127506,0.0,2.815032528574968,0.0,0.57781422495807,0.0,10
498,german-credit,xgb,Meta_PSO,50.0,30.0,13.0,0.28237814438127506,0.0,2.815032528574968,0.0,0.57781422495807,0.0,10
499,german-credit,xgb,Meta_PSO,50.0,50.0,13.0,0.28237814438127506,0.0,2.815032528574968,0.0,0.57781422495807,0.0,10
500,german-credit,xgb,Meta_WOA,20.0,30.0,13.0,0.2454841737297085,0.06947209910661338,2.5424357084174547,0.50268337201835,0.6187927546652192,0.07869668120966183,10
501,german-credit,xgb,Meta_WOA,20.0,50.0,13.0,0.24409779576295162,0.0822625889734573,2.6459506901267904,0.35976691026199215,0.6081395661565809,0.06465731572458458,10
502,german-credit,xgb,Meta_WOA,50.0,30.0,13.0,0.28237814438127506,0.0,2.815032528574968,0.0,0.57781422495807,0.0,10
503,german-credit,xgb,Meta_WOA,50.0,50.0,13.0,0.28237814438127506,0.0,2.815032528574968,0.0,0.57781422495807,0.0,10
504,heart-disease,rf,AffinityPropagation,,,4.0,0.07143119061923181,0.0,1.9752119387016553,0.0,1.154728481375896,0.0,10
505,heart-disease,rf,EvoCluster_PSO,20.0,30.0,3.8,0.10654752054532297,0.02125118201866094,2.0019607075218513,0.09427417776017785,0.6159337872602078,0.015853643388848485,10
506,heart-disease,rf,EvoCluster_PSO,20.0,50.0,3.8,0.0925841481252359,0.032099881401417556,2.005689422523095,0.08426716444244953,0.6193399694033855,0.01839213926722679,10
507,heart-disease,rf,EvoCluster_PSO,50.0,30.0,3.9,0.10276054255889366,0.025463279621987387,2.042801215282523,0.0454243670826739,0.6107363908126782,0.011314730084992968,10
508,heart-disease,rf,EvoCluster_PSO,50.0,50.0,4.0,0.0959362965601488,0.02840683929189892,2.0574021495941626,0.0015050094791018162,0.6090379924853143,0.007592759464673278,10
509,heart-disease,rf,Meta_GA,20.0,30.0,4.0,0.09478597167825542,0.029709601031497865,2.0025838406466585,0.09468275465467564,0.6190774883443728,0.014633691313664486,10
510,heart-disease,rf,Meta_GA,20.0,50.0,4.0,0.09258414812523591,0.032099881401417556,2.005689422523095,0.08426716444244958,0.6193399694033855,0.018392139267226854,10
511,heart-disease,rf,Meta_GA,50.0,30.0,4.0,0.0959362965601488,0.02840683929189892,2.0574021495941626,0.0015050094791016918,0.6090379924853143,0.007592759464673271,10
512,heart-disease,rf,Meta_GA,50.0,50.0,4.0,0.08417474769308125,0.03099440269275537,2.05802528271897,0.0016420999665740013,0.6121816935694793,0.008284379757251813,10
513,heart-disease,rf,Meta_GWO,20.0,30.0,4.0,0.0994320808278346,0.04097585118211514,1.9492901290783142,0.1240577526526777,0.6327722512533883,0.018799241180762982,10
514,heart-disease,rf,Meta_GWO,20.0,50.0,4.0,0.0909989936918261,0.03131208828586174,2.04342434840733,0.04565110147036736,0.6138800918968431,0.011275595494845669,10
515,heart-disease,rf,Meta_GWO,50.0,30.0,4.0,0.1013522692436711,0.02614694205753399,2.011353090687952,0.07449523508212307,0.6178899502040892,0.01598709660833988,10
516,heart-disease,rf,Meta_GWO,50.0,50.0,4.0,0.10276054255889364,0.025463279621987384,2.042801215282523,0.045424367082673854,0.610736390812678,0.011314730084992952,10
517,heart-disease,rf,Meta_PSO,20.0,30.0,4.0,0.09547149481013732,0.029490998104097603,2.0116646572503556,0.0747110876799257,0.6194618007461716,0.015261162234406678,10
518,heart-disease,rf,Meta_PSO,20.0,50.0,4.0,0.10370401412410472,0.026076065913978503,2.0285118475332866,0.060591036959455925,0.6140066396821244,0.013724314556884831,10
519,heart-disease,rf,Meta_PSO,50.0,30.0,4.0,0.11357861986075016,0.0,2.0564674499069517,2.5639502485114184e-16,0.6043224408590667,1.0467283057891834e-16,10
520,heart-disease,rf,Meta_PSO,50.0,50.0,4.0,0.10181707099368258,0.024795522154204303,2.0570905830317594,0.0013136799732590646,0.6074661419432317,0.006627503805801454,10
521,heart-disease,rf,Meta_WOA,20.0,30.0,4.0,0.11896314534334448,0.035547851159960744,1.8823480588671764,0.08184552365485502,0.6420641192042896,0.01620673593719678,10
522,heart-disease,rf,Meta_WOA,20.0,50.0,4.0,0.10689159660183692,0.016680580497664167,1.894982701534126,0.07370844504024927,0.6374695403255244,0.01272223913107227,10
523,heart-disease,rf,Meta_WOA,50.0,30.0,4.0,0.10817651524241594,0.021046602859446352,1.9967521563763118,0.07820816056268062,0.6195883485314531,0.01710412686875115,10
524,heart-disease,rf,Meta_WOA,50.0,50.0,4.0,0.10161021767700026,0.027231143027939893,1.9879829063350187,0.09616271993206081,0.6207758866717366,0.015704355797574423,10
525,heart-disease,svm,AffinityPropagation,,,4.0,0.11437825978376315,0.0,2.62780712874203,0.0,0.5558265023705752,0.0,10
526,heart-disease,svm,EvoCluster_PSO,20.0,30.0,3.3,0.1455380861956351,0.021657228924190332,2.436374012476454,0.15128960946476008,0.5710417578417223,0.017230777789114596,10
527,heart-disease,svm,EvoCluster_PSO,20.0,50.0,3.4,0.14219924871874137,0.023944494848931432,2.495451137555561,0.11391389991910478,0.5629894841799864,0.0061649131682301435,10
528,heart-disease,svm,EvoCluster_PSO,50.0,30.0,3.7,0.12828875425125225,0.02239802400601873,2.5616291331487955,0.10655669627213646,0.5594079932752808,0.005766748223682087,10
529,heart-disease,svm,EvoCluster_PSO,50.0,50.0,3.8,0.12365192276208922,0.01955059817619407,2.583688465013207,0.09301030980409229,0.5582141629737123,0.005033630523576243,10
530,heart-disease,svm,Meta_GA,20.0,30.0,4.0,0.1329255857404153,0.023944494848931443,2.539569801284384,0.11391389991910479,0.5606018235768493,0.006164913168230161,10
531,heart-disease,svm,Meta_GA,20.0,50.0,4.0,0.13227658873428066,0.023182470561137054,2.5210609046770363,0.1478042208477221,0.564031045256933,0.0144978349320318,10
532,heart-disease,svm,Meta_GA,50.0,30.0,4.0,0.11901509127292617,0.014662948632145551,2.6057477968776186,0.06975773235306916,0.5570203326721438,0.0037752228926821894,10
533,heart-disease,svm,Meta_GA,50.0,50.0,4.0,0.11437825978376315,0.0,2.62780712874203,0.0,0.5558265023705753,8.275113844157577e-17,10
534,heart-disease,svm,Meta_GWO,20.0,30.0,4.0,0.14412222317929343,0.03420711073531487,2.4007175227094577,0.19050192681039296,0.5757421220638933,0.02179027231473932,10
535,heart-disease,svm,Meta_GWO,20.0,50.0,4.0,0.13960326069420276,0.02185346168376508,2.42141555112617,0.19138688445947966,0.5767063709003212,0.02229698761322137,10
536,heart-disease,svm,Meta_GWO,50.0,30.0,4.0,0.1276397572451176,0.021425972009603216,2.543120236541448,0.14536629728937386,0.5628372149553644,0.014646980010414227,10
537,heart-disease,svm,Meta_GWO,50.0,50.0,4.0,0.12365192276208922,0.019550598176194076,2.583688465013207,0.09301030980409218,0.5582141629737123,0.005033630523576256,10
538,heart-disease,svm,Meta_PSO,20.0,30.0,4.0,0.1329255857404153,0.023944494848931443,2.539569801284384,0.11391389991910478,0.5606018235768493,0.00616491316823017,10
539,heart-disease,svm,Meta_PSO,20.0,50.0,4.0,0.131627591728146,0.022373624102475304,2.5025520080696886,0.17307371717206116,0.5674602669370168,0.018874213163662862,10
540,heart-disease,svm,Meta_PSO,50.0,30.0,4.0,0.12365192276208922,0.01955059817619407,2.583688465013207,0.09301030980409224,0.5582141629737123,0.005033630523576272,10
541,heart-disease,svm,Meta_PSO,50.0,50.0,4.0,0.11901509127292617,0.014662948632145551,2.6057477968776186,0.06975773235306919,0.5570203326721438,0.003775222892682181,10
542,heart-disease,svm,Meta_WOA,20.0,30.0,4.0,0.15959000933094422,0.031274948753630266,2.3587052827622235,0.18163704939103864,0.580181554612948,0.021736096366492937,10
543,heart-disease,svm,Meta_WOA,20.0,50.0,4.0,0.15024563201870816,0.02915038040785863,2.4085693135515447,0.1800592006813093,0.5750147410765509,0.02063525948522631,10
544,heart-disease,svm,Meta_WOA,50.0,30.0,4.0,0.1508946290248428,0.029321346084161457,2.427078210158892,0.1678644778736314,0.5715855193964672,0.018366655755421943,10
545,heart-disease,svm,Meta_WOA,50.0,50.0,4.0,0.14683608020790442,0.02239802400601873,2.4733918056911492,0.10655669627213643,0.5641833144815548,0.005766748223682094,10
546,heart-disease,xgb,AffinityPropagation,,,4.0,0.14880944688430062,0.0,3.789228520088325,0.0,1.4876297410071555,0.0,10
547,heart-disease,xgb,EvoCluster_PSO,20.0,30.0,2.0,0.12780932869272504,0.026984201508433784,1.7766868774704925,0.2174282418194552,0.6975586105213075,0.04762381527246658,10
548,heart-disease,xgb,EvoCluster_PSO,20.0,50.0,2.5,0.09584699686652254,0.056952043191499914,1.7120806405227067,0.18648825406838782,0.7107018747278291,0.03604988314699227,10
549,heart-disease,xgb,EvoCluster_PSO,50.0,30.0,2.0,0.14358879100099486,0.0,1.9062505803629377,0.0,0.6696951629611902,0.0,10
550,heart-disease,xgb,EvoCluster_PSO,50.0,50.0,2.0,0.14358879100099486,0.0,1.9062505803629377,0.0,0.6696951629611902,0.0,10
551,heart-disease,xgb,Meta_GA,20.0,30.0,4.0,0.07180463241810339,0.06791442010068437,1.6414856307299885,0.3430237449582209,0.7384687461705106,0.09652742238845598,10
552,heart-disease,xgb,Meta_GA,20.0,50.0,4.0,0.12767961599382718,0.02730102549920007,1.8306852521098844,0.14882169168696102,0.6856399934919207,0.030498607401610416,10
553,heart-disease,xgb,Meta_GA,50.0,30.0,4.0,0.14358879100099486,0.0,1.9062505803629377,0.0,0.6696951629611902,0.0,10
554,heart-disease,xgb,Meta_GA,50.0,50.0,4.0,0.14358879100099486,0.0,1.9062505803629377,0.0,0.6696951629611902,0.0,10
555,heart-disease,xgb,Meta_GWO,20.0,30.0,4.0,0.09853042480696601,0.05421447268600034,1.7464562963606127,0.16880015233843032,0.7081013523627995,0.040613010183075816,10
556,heart-disease,xgb,Meta_GWO,20.0,50.0,4.0,0.11087502203511299,0.05481994160632156,1.774820388907535,0.22572194888832578,0.6986306267351908,0.04880731458610895,10
557,heart-disease,xgb,Meta_GWO,50.0,30.0,4.0,0.12844348768780883,0.025473651127306454,1.8113287847744703,0.15636374367863498,0.690597070249611,0.03378619805173186,10
558,heart-disease,xgb,Meta_GWO,50.0,50.0,4.0,0.14358879100099486,0.0,1.9062505803629377,0.0,0.6696951629611902,0.0,10
559,heart-disease,xgb,Meta_PSO,20.0,30.0,4.0,0.08055786720897037,0.059641263713127335,1.7306002099852242,0.17844533484996106,0.7085758569148106,0.04040148047170033,10
560,heart-disease,xgb,Meta_PSO,20.0,50.0,4.0,0.13182624006838622,0.02611110293399097,1.8663693254694493,0.11214662897651256,0.6783087520819151,0.02308730399276782,10
561,heart-disease,xgb,Meta_PSO,50.0,30.0,4.0,0.12353299191926811,0.02776134560332246,1.795001178750319,0.16996838501794095,0.6929712349019266,0.034754402596809834,10
562,heart-disease,xgb,Meta_PSO,50.0,50.0,4.0,0.13673673583692697,0.021668100971573342,1.8826969314936008,0.07448317763495461,0.6759345874295994,0.019730792608758468,10
563,heart-disease,xgb,Meta_WOA,20.0,30.0,4.0,0.12767961599382718,0.02730102549920007,1.8306852521098844,0.14882169168696097,0.6856399934919207,0.030498607401610422,10
564,heart-disease,xgb,Meta_WOA,20.0,50.0,4.0,0.11600812498392148,0.040881333530056005,1.7735454979555727,0.18084252883408797,0.696651804149248,0.03849825238327515,10
565,heart-disease,xgb,Meta_WOA,50.0,30.0,4.0,0.12006368913577758,0.03249796993127458,1.8264880705759612,0.14703488066771855,0.6869223412026397,0.030019524296636527,10
566,heart-disease,xgb,Meta_WOA,50.0,50.0,4.0,0.13182624006838622,0.02611110293399096,1.8663693254694498,0.11214662897651252,0.6783087520819151,0.023087303992767826,10
567,hill_valley,rf,AffinityPropagation,,,42.0,0.47161790654740077,0.22906263351973585,3418.7522642690624,1812.6190377765786,0.29071008220039374,0.03044438580396401,10
568,hill_valley,rf,EvoCluster_PSO,20.0,30.0,3.0,0.7562378250438266,0.03137008794970327,24.86696252426454,2.2865348789487663,0.1522044717538301,0.01982492844382186,10
569,hill_valley,rf,EvoCluster_PSO,20.0,50.0,2.4,0.7687928965019535,0.021341535647158242,24.423643100015504,0.009210449672967039,0.14456142518740564,0.001833643768648485,10
570,hill_valley,rf,EvoCluster_PSO,50.0,30.0,2.0,0.775541682643023,0.0,24.4265556999396,0.0,0.14398157611477524,0.0,10
571,hill_valley,rf,EvoCluster_PSO,50.0,50.0,2.0,0.775541682643023,0.0,24.4265556999396,0.0,0.14398157611477524,0.0,10
572,hill_valley,rf,Meta_GA,20.0,30.0,20.0,0.7529090534153363,0.021216269889430737,33.79874489525608,12.085233802468256,0.1749295005404296,0.03103400186062759,10
573,hill_valley,rf,Meta_GA,20.0,50.0,20.0,0.7672551948100319,0.013557839703215316,32.62946684071025,13.837497893126102,0.16377491456377996,0.032174754443863286,10
574,hill_valley,rf,Meta_GA,50.0,30.0,20.0,0.775541682643023,0.0,24.4265556999396,0.0,0.14398157611477524,0.0,10
575,hill_valley,rf,Meta_GA,50.0,50.0,20.0,0.775541682643023,0.0,24.4265556999396,0.0,0.14398157611477524,0.0,10
576,hill_valley,rf,Meta_GWO,20.0,30.0,20.0,0.7680197656822452,0.023786389966709433,24.74790025953601,1.0161807220283772,0.14365808559514576,0.0010229668435005675,10
577,hill_valley,rf,Meta_GWO,20.0,50.0,20.0,0.775541682643023,0.0,24.4265556999396,0.0,0.14398157611477524,0.0,10
578,hill_valley,rf,Meta_GWO,50.0,30.0,20.0,0.771594387036127,0.012482444715767843,25.339412523049397,2.8867067386523964,0.1472541835854217,0.010348893494925411,10
579,hill_valley,rf,Meta_GWO,50.0,50.0,20.0,0.775541682643023,0.0,24.4265556999396,0.0,0.14398157611477524,0.0,10
580,hill_valley,rf,Meta_PSO,20.0,30.0,20.0,0.7489034779446557,0.028153908028423356,44.06080771800383,25.473627069391593,0.19029563822504908,0.03951648510799033,10
581,hill_valley,rf,Meta_PSO,20.0,50.0,20.0,0.7488364563336543,0.03177655107961301,26.655660471337615,7.904933603043384,0.15924353867347424,0.020679486519619518,10
582,hill_valley,rf,Meta_PSO,50.0,30.0,20.0,0.7485883385655898,0.02978504817614315,26.745874698489377,4.138287600139245,0.1594595684453755,0.024184023660784277,10
583,hill_valley,rf,Meta_PSO,50.0,50.0,20.0,0.775541682643023,0.0,24.4265556999396,0.0,0.14398157611477524,0.0,10
584,hill_valley,rf,Meta_WOA,20.0,30.0,20.0,0.775541682643023,0.0,24.4265556999396,0.0,0.14398157611477524,0.0,10
585,hill_valley,rf,Meta_WOA,20.0,50.0,20.0,0.775541682643023,0.0,24.4265556999396,0.0,0.14398157611477524,0.0,10
586,hill_valley,rf,Meta_WOA,50.0,30.0,20.0,0.775541682643023,0.0,24.4265556999396,0.0,0.14398157611477524,0.0,10
587,hill_valley,rf,Meta_WOA,50.0,50.0,20.0,0.775541682643023,0.0,24.4265556999396,0.0,0.14398157611477524,0.0,10
588,hill_valley,svm,AffinityPropagation,,,45.4,0.526364952171738,0.20801350445821445,8680.361723979662,4145.707549871671,0.3100318728680352,0.046528579865035925,10
589,hill_valley,svm,EvoCluster_PSO,20.0,30.0,2.7,0.8750912443001699,0.01867161880900913,71.56804387270334,2.934943923516745,0.07464377746115648,0.0037066398825692007,10
590,hill_valley,svm,EvoCluster_PSO,20.0,50.0,2.6,0.8769348079066448,0.0164198706423681,71.09776035341253,2.3488100875170175,0.07443020823873887,0.0034576876405991606,10
591,hill_valley,svm,EvoCluster_PSO,50.0,30.0,2.2,0.8864793897642589,0.010823447989389518,69.8370246053116,1.1109464109317897,0.07241029001815788,0.002538745370382041,10
592,hill_valley,svm,EvoCluster_PSO,50.0,50.0,2.1,0.889046395847972,0.008117585992042145,69.57354052904155,0.8332098081988457,0.07180817368543675,0.0019040590277865299,10
593,hill_valley,svm,Meta_GA,20.0,30.0,20.0,0.8743678018229317,0.015867385785524768,71.36124442968257,2.272533986720781,0.07503232457146,0.00335663726002661,10
594,hill_valley,svm,Meta_GA,20.0,50.0,20.0,0.8762113654294066,0.013255962415778444,70.89096091039175,1.3606259191796066,0.07481875534904239,0.0031093153721445444,10
595,hill_valley,svm,Meta_GA,50.0,30.0,20.0,0.891613401931685,0.0,69.31005645277152,0.0,0.07120605735271562,0.0,10
596,hill_valley,svm,Meta_GA,50.0,50.0,20.0,0.891613401931685,0.0,69.31005645277152,0.0,0.07120605735271562,0.0,10
597,hill_valley,svm,Meta_GWO,20.0,30.0,20.0,0.8795018139903579,0.01651686997769714,70.8342762771425,2.39063416118968,0.07382809190601775,0.003440718011920026,10
598,hill_valley,svm,Meta_GWO,20.0,50.0,20.0,0.8864793897642589,0.01082344798938949,69.8370246053116,1.110946410931793,0.07241029001815788,0.0025387453703820373,10
599,hill_valley,svm,Meta_GWO,50.0,30.0,20.0,0.8864793897642589,0.01082344798938949,69.8370246053116,1.1109464109317901,0.07241029001815788,0.0025387453703820373,10
600,hill_valley,svm,Meta_GWO,50.0,50.0,20.0,0.889046395847972,0.00811758599204214,69.57354052904155,0.8332098081988465,0.07180817368543675,0.0019040590277865305,10
601,hill_valley,svm,Meta_PSO,20.0,30.0,20.0,0.8787783715131197,0.013529309986736909,70.62747683412172,1.388683013664743,0.07421663901632126,0.0031734317129775503,10
602,hill_valley,svm,Meta_PSO,20.0,50.0,20.0,0.8795018139903579,0.016516869977697125,70.8342762771425,2.3906341611896873,0.07382809190601775,0.0034407180119200276,10
603,hill_valley,svm,Meta_PSO,50.0,30.0,20.0,0.8839123836805458,0.012399817422948758,70.10050868158163,1.27274900528361,0.073012406350879,0.0029084982074985993,10
604,hill_valley,svm,Meta_PSO,50.0,50.0,20.0,0.8839123836805458,0.012399817422948774,70.10050868158163,1.2727490052836146,0.073012406350879,0.0029084982074986,10
605,hill_valley,svm,Meta_WOA,20.0,30.0,20.0,0.891613401931685,0.0,69.31005645277152,0.0,0.07120605735271562,0.0,10
606,hill_valley,svm,Meta_WOA,20.0,50.0,20.0,0.891613401931685,0.0,69.31005645277152,0.0,0.07120605735271562,0.0,10
607,hill_valley,svm,Meta_WOA,50.0,30.0,20.0,0.891613401931685,0.0,69.31005645277152,0.0,0.07120605735271562,0.0,10
608,hill_valley,svm,Meta_WOA,50.0,50.0,20.0,0.891613401931685,0.0,69.31005645277152,0.0,0.07120605735271562,0.0,10
609,hill_valley,xgb,AffinityPropagation,,,49.3,0.48727749620199023,0.2192204249504895,8124.536231459526,4488.624269794426,0.21795776087705945,0.013316646780645775,10
610,hill_valley,xgb,EvoCluster_PSO,20.0,30.0,2.5,0.8149886411655387,0.025890909051949535,35.30357752491375,1.4513669442520107,0.11197594131804738,0.0060990335383988795,10
611,hill_valley,xgb,EvoCluster_PSO,20.0,50.0,2.1,0.821634942269865,0.017634274877774834,35.56327934069074,1.291392501144468,0.1108179492079909,0.005301190152186775,10
612,hill_valley,xgb,EvoCluster_PSO,50.0,30.0,2.0,0.8272113896197906,0.0,35.97165350637855,0.0,0.10914156568893443,0.0,10
613,hill_valley,xgb,EvoCluster_PSO,50.0,50.0,2.5,0.8193299939795289,0.024923161364148003,35.92030678119564,0.16237260196872347,0.11004254879133464,0.0028491587369093487,10
614,hill_valley,xgb,Meta_GA,20.0,30.0,20.0,0.8106864764435253,0.026772701460930852,38.167911005718786,6.784628815330298,0.12218263226093587,0.024230439046283265,10
615,hill_valley,xgb,Meta_GA,20.0,50.0,20.0,0.7995072319138982,0.03126134048908184,38.98800435139933,16.05677698349097,0.12420804518594109,0.024583399726820658,10
616,hill_valley,xgb,Meta_GA,50.0,30.0,20.0,0.8272113896197906,0.0,35.97165350637855,0.0,0.10914156568893443,0.0,10
617,hill_valley,xgb,Meta_GA,50.0,50.0,20.0,0.8272113896197906,0.0,35.97165350637855,0.0,0.10914156568893443,0.0,10
618,hill_valley,xgb,Meta_GWO,20.0,30.0,20.0,0.7993291528701627,0.02939045812962471,33.92978267793949,2.1523208352407783,0.11752348328421687,0.008835316920311299,10
619,hill_valley,xgb,Meta_GWO,20.0,50.0,20.0,0.8272113896197906,0.0,35.97165350637855,0.0,0.10914156568893443,0.0,10
620,hill_valley,xgb,Meta_GWO,50.0,30.0,20.0,0.8272113896197906,0.0,35.97165350637855,0.0,0.10914156568893443,0.0,10
621,hill_valley,xgb,Meta_GWO,50.0,50.0,20.0,0.8272113896197906,0.0,35.97165350637855,0.0,0.10914156568893443,0.0,10
622,hill_valley,xgb,Meta_PSO,20.0,30.0,20.0,0.7926828517658364,0.029895215330408505,33.6700808621625,2.0318810810116665,0.11868147539427334,0.008360799086724864,10
623,hill_valley,xgb,Meta_PSO,20.0,50.0,20.0,0.7970242045798266,0.032553689560581064,34.28681011844439,2.0705463551797414,0.11674808286756058,0.008344597056907908,10
624,hill_valley,xgb,Meta_PSO,50.0,30.0,20.0,0.821634942269865,0.017634274877774827,35.56327934069074,1.2913925011444665,0.11081794920799093,0.005301190152186785,10
625,hill_valley,xgb,Meta_PSO,50.0,50.0,20.0,0.8272113896197906,0.0,35.97165350637855,0.0,0.10914156568893443,0.0,10
626,hill_valley,xgb,Meta_WOA,20.0,30.0,20.0,0.8272113896197906,0.0,35.97165350637855,0.0,0.10914156568893443,0.0,10
627,hill_valley,xgb,Meta_WOA,20.0,50.0,20.0,0.8272113896197906,0.0,35.97165350637855,0.0,0.10914156568893443,0.0,10
628,hill_valley,xgb,Meta_WOA,50.0,30.0,20.0,0.8272113896197906,0.0,35.97165350637855,0.0,0.10914156568893443,0.0,10
629,hill_valley,xgb,Meta_WOA,50.0,50.0,20.0,0.8272113896197906,0.0,35.97165350637855,0.0,0.10914156568893443,0.0,10
630,horse-colic,rf,AffinityPropagation,,,3.0,0.1350483197803688,0.0,2.4175560317237363,3.6259732146947156e-16,1.0361022593902345,0.0,10
631,horse-colic,rf,EvoCluster_PSO,20.0,30.0,2.6,0.12631133307923711,0.029851431792557604,1.7993894115792475,0.17093646931027218,0.674118371580106,0.03616259776587949,10
632,horse-colic,rf,EvoCluster_PSO,20.0,50.0,2.3,0.1327698746293866,0.017961200605055683,1.7796149403552537,0.18692934396235053,0.6810064529639303,0.04203949979405329,10
633,horse-colic,rf,EvoCluster_PSO,50.0,30.0,2.6,0.14025315431402158,0.0021883300347812986,1.8995211979187043,0.09345199563088023,0.6537215891271644,0.022464617236503746,10
634,horse-colic,rf,EvoCluster_PSO,50.0,50.0,2.7,0.13285847540759366,0.02224360832538116,1.8675522058863883,0.1506092206749844,0.65956972593184,0.03251565201224297,10
635,horse-colic,rf,Meta_GA,20.0,30.0,3.0,0.13117764138649732,0.030525881803586948,1.8416329220944867,0.1208376204059601,0.6677414275356375,0.029656761358282886,10
636,horse-colic,rf,Meta_GA,20.0,50.0,3.0,0.133706011985665,0.022554497504495143,1.8313584036115635,0.14181625382478932,0.6682702347754303,0.030727789290765917,10
637,horse-colic,rf,Meta_GA,50.0,30.0,3.0,0.13855808115787888,0.0,1.9719088024683535,0.0,0.6363205714399837,8.275113844157577e-17,10
638,horse-colic,rf,Meta_GA,50.0,50.0,3.0,0.13898184944691455,0.0013400729935052836,1.9538119013309412,0.05722742618511491,0.6406708258617788,0.013756712374091519,10
639,horse-colic,rf,Meta_GWO,20.0,30.0,3.0,0.133706011985665,0.022554497504495136,1.8313584036115635,0.14181625382478924,0.6682702347754303,0.030727789290765924,10
640,horse-colic,rf,Meta_GWO,20.0,50.0,3.0,0.14025315431402158,0.0021883300347813033,1.8995211979187043,0.09345199563088025,0.6537215891271644,0.022464617236503753,10
641,horse-colic,rf,Meta_GWO,50.0,30.0,3.0,0.13931292009097268,0.0016062694967528316,1.9284607207065618,0.09317883694805233,0.6462830066025096,0.02121222780594645,10
642,horse-colic,rf,Meta_GWO,50.0,50.0,3.0,0.13855808115787888,0.0,1.9719088024683535,0.0,0.6363205714399838,6.409875621278546e-17,10
643,horse-colic,rf,Meta_PSO,20.0,30.0,3.0,0.14016045666904403,0.0020858937116192793,1.892266918431737,0.10492817025055005,0.6549835154460999,0.02436759354646849,10
644,horse-colic,rf,Meta_PSO,20.0,50.0,3.0,0.13931292009097268,0.0016062694967528355,1.9284607207065618,0.09317883694805228,0.6462830066025095,0.02121222780594645,10
645,horse-colic,rf,Meta_PSO,50.0,30.0,3.0,0.13855808115787888,0.0,1.9719088024683535,0.0,0.6363205714399837,7.401486830834377e-17,10
646,horse-colic,rf,Meta_PSO,50.0,50.0,3.0,0.13898184944691455,0.0013400729935052836,1.9538119013309412,0.05722742618511491,0.6406708258617788,0.013756712374091519,10
647,horse-colic,rf,Meta_WOA,20.0,30.0,3.0,0.13662549993609263,0.01451680774230087,1.8012655332409735,0.14699811695528503,0.6756649781479032,0.03313127373521891,10
648,horse-colic,rf,Meta_WOA,20.0,50.0,3.0,0.14110069089209293,0.002188330034781292,1.8633273956438796,0.09345199563088027,0.6624220979707547,0.022464617236503778,10
649,horse-colic,rf,Meta_WOA,50.0,30.0,3.0,0.14067692260305725,0.0022334549891754748,1.881424296781292,0.09537904364185817,0.6580718435489595,0.022927853956819202,10
650,horse-colic,rf,Meta_WOA,50.0,50.0,3.0,0.1415244591811286,0.002046995309834673,1.8452304945064673,0.08741633744026228,0.6667723523925498,0.02101372525600337,10
651,horse-colic,svm,AffinityPropagation,,,4.0,0.07519120917330786,0.0,2.2788137589466344,0.0,1.2594884836401554,0.0,10
652,horse-colic,svm,EvoCluster_PSO,20.0,30.0,2.0,0.262051831598225,0.0,2.6895943338598816,0.0,0.5708356003553053,0.0,10
653,horse-colic,svm,EvoCluster_PSO,20.0,50.0,2.0,0.262051831598225,0.0,2.6895943338598816,0.0,0.5708356003553053,0.0,10
654,horse-colic,svm,EvoCluster_PSO,50.0,30.0,2.0,0.262051831598225,0.0,2.6895943338598816,0.0,0.5708356003553053,0.0,10
655,horse-colic,svm,EvoCluster_PSO,50.0,50.0,2.0,0.262051831598225,0.0,2.6895943338598816,0.0,0.5708356003553053,0.0,10
656,horse-colic,svm,Meta_GA,20.0,30.0,4.0,0.262051831598225,0.0,2.6895943338598816,0.0,0.5708356003553053,0.0,10
657,horse-colic,svm,Meta_GA,20.0,50.0,4.0,0.262051831598225,0.0,2.6895943338598816,0.0,0.5708356003553053,0.0,10
658,horse-colic,svm,Meta_GA,50.0,30.0,4.0,0.2464432349052942,0.04935871662863305,2.6373825048490405,0.16510830047751332,0.5824716580163226,0.03679644519386597,10
659,horse-colic,svm,Meta_GA,50.0,50.0,4.0,0.262051831598225,0.0,2.6895943338598816,0.0,0.5708356003553053,0.0,10
660,horse-colic,svm,Meta_GWO,20.0,30.0,4.0,0.262051831598225,0.0,2.6895943338598816,0.0,0.5708356003553053,0.0,10
661,horse-colic,svm,Meta_GWO,20.0,50.0,4.0,0.262051831598225,0.0,2.6895943338598816,0.0,0.5708356003553053,0.0,10
662,horse-colic,svm,Meta_GWO,50.0,30.0,4.0,0.262051831598225,0.0,2.6895943338598816,0.0,0.5708356003553053,0.0,10
663,horse-colic,svm,Meta_GWO,50.0,50.0,4.0,0.262051831598225,0.0,2.6895943338598816,0.0,0.5708356003553053,0.0,10
664,horse-colic,svm,Meta_PSO,20.0,30.0,4.0,0.262051831598225,0.0,2.6895943338598816,0.0,0.5708356003553053,0.0,10
665,horse-colic,svm,Meta_PSO,20.0,50.0,4.0,0.262051831598225,0.0,2.6895943338598816,0.0,0.5708356003553053,0.0,10
666,horse-colic,svm,Meta_PSO,50.0,30.0,4.0,0.262051831598225,0.0,2.6895943338598816,0.0,0.5708356003553053,0.0,10
667,horse-colic,svm,Meta_PSO,50.0,50.0,4.0,0.262051831598225,0.0,2.6895943338598816,0.0,0.5708356003553053,0.0,10
668,horse-colic,svm,Meta_WOA,20.0,30.0,4.0,0.24621672761095156,0.050074995585398026,2.5682469977539304,0.38373397008879223,0.5901804835965269,0.061173892112280456,10
669,horse-colic,svm,Meta_WOA,20.0,50.0,4.0,0.24737254861566224,0.046419968643047996,2.6393003233359447,0.15904362592011898,0.5818269951966633,0.03475784236091627,10
670,horse-colic,svm,Meta_WOA,50.0,30.0,4.0,0.262051831598225,0.0,2.6895943338598816,0.0,0.5708356003553053,0.0,10
671,horse-colic,svm,Meta_WOA,50.0,50.0,4.0,0.262051831598225,0.0,2.6895943338598816,0.0,0.5708356003553053,0.0,10
672,horse-colic,xgb,AffinityPropagation,,,2.0,0.15240926485436723,0.0,1.838158594382359,0.0,0.6716114253611082,0.0,10
673,horse-colic,xgb,EvoCluster_PSO,20.0,30.0,2.0,0.14383256540813646,0.027121905056794047,1.7885638976239693,0.15683220162188097,0.6827912281153548,0.03535364049484288,10
674,horse-colic,xgb,EvoCluster_PSO,20.0,50.0,2.0,0.144384671498551,0.016917328200688874,1.7766288919784596,0.12971600223244018,0.6837962797345708,0.025687928518403774,10
675,horse-colic,xgb,EvoCluster_PSO,50.0,30.0,2.0,0.142127800016551,0.022318438348303677,1.7612942425734204,0.16602634221348567,0.6878014363257647,0.03541299536646467,10
676,horse-colic,xgb,EvoCluster_PSO,50.0,50.0,2.0,0.144384671498551,0.016917328200688867,1.7766288919784596,0.12971600223244018,0.6837962797345708,0.025687928518403777,10
677,horse-colic,xgb,Meta_GA,20.0,30.0,2.0,0.14037237482064285,0.019381234259016958,1.7458640407765096,0.14860834976930443,0.689888706921302,0.029429219220550036,10
678,horse-colic,xgb,Meta_GA,20.0,50.0,2.0,0.14839696817645912,0.012687996150516651,1.8073937431804095,0.09728700167433013,0.6777038525478394,0.019265946388802833,10
679,horse-colic,xgb,Meta_GA,50.0,30.0,2.0,0.14839696817645912,0.012687996150516651,1.8073937431804095,0.0972870016743301,0.6777038525478394,0.01926594638880283,10
680,horse-colic,xgb,Meta_GA,50.0,50.0,2.0,0.142127800016551,0.02231843834830368,1.7612942425734204,0.1660263422134857,0.6878014363257647,0.03541299536646463,10
681,horse-colic,xgb,Meta_GWO,20.0,30.0,2.0,0.144384671498551,0.016917328200688867,1.7766288919784596,0.12971600223244015,0.6837962797345708,0.025687928518403784,10
682,horse-colic,xgb,Meta_GWO,20.0,50.0,2.0,0.1358586318566429,0.02734778443259007,1.7151947419664313,0.20234165501308393,0.6978990201036901,0.04370816114933231,10
683,horse-colic,xgb,Meta_GWO,50.0,30.0,2.0,0.15240926485436723,0.0,1.838158594382359,0.0,0.6716114253611082,0.0,10
684,horse-colic,xgb,Meta_GWO,50.0,50.0,2.0,0.15240926485436723,0.0,1.838158594382359,0.0,0.6716114253611082,0.0,10
685,horse-colic,xgb,Meta_PSO,20.0,30.0,2.0,0.15240926485436723,0.0,1.838158594382359,0.0,0.6716114253611082,0.0,10
686,horse-colic,xgb,Meta_PSO,20.0,50.0,2.0,0.15240926485436723,0.0,1.838158594382359,0.0,0.6716114253611082,0.0,10
687,horse-colic,xgb,Meta_PSO,50.0,30.0,2.0,0.15240926485436723,0.0,1.838158594382359,0.0,0.6716114253611082,0.0,10
688,horse-colic,xgb,Meta_PSO,50.0,50.0,2.0,0.15240926485436723,0.0,1.838158594382359,0.0,0.6716114253611082,0.0,10
689,horse-colic,xgb,Meta_WOA,20.0,30.0,2.0,0.1450756431893478,0.02319094795941775,1.785062643695698,0.16790413870183055,0.6837316776910357,0.03832760317853353,10
690,horse-colic,xgb,Meta_WOA,20.0,50.0,2.0,0.14037237482064285,0.01938123425901695,1.7458640407765096,0.1486083497693044,0.689888706921302,0.029429219220550036,10
691,horse-colic,xgb,Meta_WOA,50.0,30.0,2.0,0.15240926485436723,0.0,1.838158594382359,0.0,0.6716114253611082,0.0,10
692,horse-colic,xgb,Meta_WOA,50.0,50.0,2.0,0.15240926485436723,0.0,1.838158594382359,0.0,0.6716114253611082,0.0,10
693,kc1,rf,AffinityPropagation,,,10.9,0.28364654696113645,0.0017771601006818247,54.46773276124047,0.6983879053376109,0.8494882059378026,0.024890128102495978,10
694,kc1,rf,EvoCluster_PSO,20.0,30.0,2.0,0.6231266505493341,0.0,11.68456518514188,0.0,0.24431533205809278,0.0,10
695,kc1,rf,EvoCluster_PSO,20.0,50.0,2.0,0.6231266505493341,0.0,11.68456518514188,0.0,0.24431533205809278,0.0,10
696,kc1,rf,EvoCluster_PSO,50.0,30.0,2.0,0.6231266505493341,0.0,11.68456518514188,0.0,0.24431533205809278,0.0,10
697,kc1,rf,EvoCluster_PSO,50.0,50.0,2.0,0.6231266505493341,0.0,11.68456518514188,0.0,0.24431533205809278,0.0,10
698,kc1,rf,Meta_GA,20.0,30.0,11.0,0.6231266505493341,0.0,11.68456518514188,0.0,0.24431533205809278,0.0,10
699,kc1,rf,Meta_GA,20.0,50.0,11.0,0.6231266505493341,0.0,11.68456518514188,0.0,0.24431533205809278,0.0,10
700,kc1,rf,Meta_GA,50.0,30.0,11.0,0.6231266505493341,0.0,11.68456518514188,0.0,0.24431533205809278,0.0,10
701,kc1,rf,Meta_GA,50.0,50.0,11.0,0.6231266505493341,0.0,11.68456518514188,0.0,0.24431533205809278,0.0,10
702,kc1,rf,Meta_GWO,20.0,30.0,11.0,0.6231266505493341,0.0,11.68456518514188,0.0,0.24431533205809278,0.0,10
703,kc1,rf,Meta_GWO,20.0,50.0,11.0,0.6231266505493341,0.0,11.68456518514188,0.0,0.24431533205809278,0.0,10
704,kc1,rf,Meta_GWO,50.0,30.0,11.0,0.6231266505493341,0.0,11.68456518514188,0.0,0.24431533205809278,0.0,10
705,kc1,rf,Meta_GWO,50.0,50.0,11.0,0.6231266505493341,0.0,11.68456518514188,0.0,0.24431533205809278,0.0,10
706,kc1,rf,Meta_PSO,20.0,30.0,11.0,0.6231266505493341,0.0,11.68456518514188,0.0,0.24431533205809278,0.0,10
707,kc1,rf,Meta_PSO,20.0,50.0,11.0,0.6231266505493341,0.0,11.68456518514188,0.0,0.24431533205809278,0.0,10
708,kc1,rf,Meta_PSO,50.0,30.0,11.0,0.6231266505493341,0.0,11.68456518514188,0.0,0.24431533205809278,0.0,10
709,kc1,rf,Meta_PSO,50.0,50.0,11.0,0.6231266505493341,0.0,11.68456518514188,0.0,0.24431533205809278,0.0,10
710,kc1,rf,Meta_WOA,20.0,30.0,11.0,0.6056215602318623,0.05535595605017098,11.561633610424822,0.38874377245707337,0.24851889751626924,0.0132928411414468,10
711,kc1,rf,Meta_WOA,20.0,50.0,11.0,0.6231266505493341,0.0,11.68456518514188,0.0,0.24431533205809278,0.0,10
712,kc1,rf,Meta_WOA,50.0,30.0,11.0,0.6231266505493341,0.0,11.68456518514188,0.0,0.24431533205809278,0.0,10
713,kc1,rf,Meta_WOA,50.0,50.0,11.0,0.6231266505493341,0.0,11.68456518514188,0.0,0.24431533205809278,0.0,10
714,kc1,svm,AffinityPropagation,,,11.0,0.26624160592487195,0.0,58.97221851214765,0.0,0.9939190172412481,0.0,10
715,kc1,svm,EvoCluster_PSO,20.0,30.0,2.0,0.6491819761176709,0.0,14.052140878344693,0.0,0.22882080450541215,0.0,10
716,kc1,svm,EvoCluster_PSO,20.0,50.0,2.0,0.6491819761176709,0.0,14.052140878344693,0.0,0.22882080450541215,0.0,10
717,kc1,svm,EvoCluster_PSO,50.0,30.0,2.0,0.6491819761176709,0.0,14.052140878344693,0.0,0.22882080450541215,0.0,10
718,kc1,svm,EvoCluster_PSO,50.0,50.0,2.0,0.6491819761176709,0.0,14.052140878344693,0.0,0.22882080450541215,0.0,10
719,kc1,svm,Meta_GA,20.0,30.0,11.0,0.6491819761176709,0.0,14.052140878344693,0.0,0.22882080450541215,0.0,10
720,kc1,svm,Meta_GA,20.0,50.0,11.0,0.6491819761176709,0.0,14.052140878344693,0.0,0.22882080450541215,0.0,10
721,kc1,svm,Meta_GA,50.0,30.0,11.0,0.6491819761176709,0.0,14.052140878344693,0.0,0.22882080450541215,0.0,10
722,kc1,svm,Meta_GA,50.0,50.0,11.0,0.6491819761176709,0.0,14.052140878344693,0.0,0.22882080450541215,0.0,10
723,kc1,svm,Meta_GWO,20.0,30.0,11.0,0.6491819761176709,0.0,14.052140878344693,0.0,0.22882080450541215,0.0,10
724,kc1,svm,Meta_GWO,20.0,50.0,11.0,0.6491819761176709,0.0,14.052140878344693,0.0,0.22882080450541215,0.0,10
725,kc1,svm,Meta_GWO,50.0,30.0,11.0,0.6491819761176709,0.0,14.052140878344693,0.0,0.22882080450541215,0.0,10
726,kc1,svm,Meta_GWO,50.0,50.0,11.0,0.6491819761176709,0.0,14.052140878344693,0.0,0.22882080450541215,0.0,10
727,kc1,svm,Meta_PSO,20.0,30.0,11.0,0.6491819761176709,0.0,14.052140878344693,0.0,0.22882080450541215,0.0,10
728,kc1,svm,Meta_PSO,20.0,50.0,11.0,0.6491819761176709,0.0,14.052140878344693,0.0,0.22882080450541215,0.0,10
729,kc1,svm,Meta_PSO,50.0,30.0,11.0,0.6491819761176709,0.0,14.052140878344693,0.0,0.22882080450541215,0.0,10
730,kc1,svm,Meta_PSO,50.0,50.0,11.0,0.6491819761176709,0.0,14.052140878344693,0.0,0.22882080450541215,0.0,10
731,kc1,svm,Meta_WOA,20.0,30.0,11.0,0.6491819761176709,0.0,14.052140878344693,0.0,0.22882080450541215,0.0,10
732,kc1,svm,Meta_WOA,20.0,50.0,11.0,0.6491819761176709,0.0,14.052140878344693,0.0,0.22882080450541215,0.0,10
733,kc1,svm,Meta_WOA,50.0,30.0,11.0,0.6491819761176709,0.0,14.052140878344693,0.0,0.22882080450541215,0.0,10
734,kc1,svm,Meta_WOA,50.0,50.0,11.0,0.6491819761176709,0.0,14.052140878344693,0.0,0.22882080450541215,0.0,10
735,kc1,xgb,AffinityPropagation,,,14.0,0.22120651614595382,0.0,52.40097453582423,0.0,0.825040243215953,0.0,10
736,kc1,xgb,EvoCluster_PSO,20.0,30.0,2.0,0.697838236670899,0.0,18.137711976709372,0.0,0.1938851814025876,0.0,10
737,kc1,xgb,EvoCluster_PSO,20.0,50.0,2.0,0.697838236670899,0.0,18.137711976709372,0.0,0.1938851814025876,0.0,10
738,kc1,xgb,EvoCluster_PSO,50.0,30.0,2.0,0.697838236670899,0.0,18.137711976709372,0.0,0.1938851814025876,0.0,10
739,kc1,xgb,EvoCluster_PSO,50.0,50.0,2.0,0.697838236670899,0.0,18.137711976709372,0.0,0.1938851814025876,0.0,10
740,kc1,xgb,Meta_GA,20.0,30.0,14.0,0.697838236670899,0.0,18.137711976709372,0.0,0.1938851814025876,0.0,10
741,kc1,xgb,Meta_GA,20.0,50.0,14.0,0.697838236670899,0.0,18.137711976709372,0.0,0.1938851814025876,0.0,10
742,kc1,xgb,Meta_GA,50.0,30.0,14.0,0.697838236670899,0.0,18.137711976709372,0.0,0.1938851814025876,0.0,10
743,kc1,xgb,Meta_GA,50.0,50.0,14.0,0.697838236670899,0.0,18.137711976709372,0.0,0.1938851814025876,0.0,10
744,kc1,xgb,Meta_GWO,20.0,30.0,14.0,0.697838236670899,0.0,18.137711976709372,0.0,0.1938851814025876,0.0,10
745,kc1,xgb,Meta_GWO,20.0,50.0,14.0,0.697838236670899,0.0,18.137711976709372,0.0,0.1938851814025876,0.0,10
746,kc1,xgb,Meta_GWO,50.0,30.0,14.0,0.697838236670899,0.0,18.137711976709372,0.0,0.1938851814025876,0.0,10
747,kc1,xgb,Meta_GWO,50.0,50.0,14.0,0.697838236670899,0.0,18.137711976709372,0.0,0.1938851814025876,0.0,10
748,kc1,xgb,Meta_PSO,20.0,30.0,14.0,0.697838236670899,0.0,18.137711976709372,0.0,0.1938851814025876,0.0,10
749,kc1,xgb,Meta_PSO,20.0,50.0,14.0,0.697838236670899,0.0,18.137711976709372,0.0,0.1938851814025876,0.0,10
750,kc1,xgb,Meta_PSO,50.0,30.0,14.0,0.697838236670899,0.0,18.137711976709372,0.0,0.1938851814025876,0.0,10
751,kc1,xgb,Meta_PSO,50.0,50.0,14.0,0.697838236670899,0.0,18.137711976709372,0.0,0.1938851814025876,0.0,10
752,kc1,xgb,Meta_WOA,20.0,30.0,14.0,0.697838236670899,0.0,18.137711976709372,0.0,0.1938851814025876,0.0,10
753,kc1,xgb,Meta_WOA,20.0,50.0,14.0,0.697838236670899,0.0,18.137711976709372,0.0,0.1938851814025876,0.0,10
754,kc1,xgb,Meta_WOA,50.0,30.0,14.0,0.697838236670899,0.0,18.137711976709372,0.0,0.1938851814025876,0.0,10
755,kc1,xgb,Meta_WOA,50.0,50.0,14.0,0.697838236670899,0.0,18.137711976709372,0.0,0.1938851814025876,0.0,10
756,mammographic-mass,rf,AffinityPropagation,,,10.9,0.32375194276267705,0.011165080466093075,21.618525004110463,0.804073921739454,0.8579262748413699,0.03634864484843401,10
757,mammographic-mass,rf,EvoCluster_PSO,20.0,30.0,2.0,0.5300969434845552,0.0,7.359697757494918,0.0,0.33653774977157785,0.0,10
758,mammographic-mass,rf,EvoCluster_PSO,20.0,50.0,2.0,0.5300969434845552,0.0,7.359697757494918,0.0,0.33653774977157785,0.0,10
759,mammographic-mass,rf,EvoCluster_PSO,50.0,30.0,2.0,0.5300969434845552,0.0,7.359697757494918,0.0,0.33653774977157785,0.0,10
760,mammographic-mass,rf,EvoCluster_PSO,50.0,50.0,2.0,0.5300969434845552,0.0,7.359697757494918,0.0,0.33653774977157785,0.0,10
761,mammographic-mass,rf,Meta_GA,20.0,30.0,11.0,0.4764723947085658,0.08880114235689693,6.928048153725489,0.7232403089040933,0.3596739868138463,0.039802290441006694,10
762,mammographic-mass,rf,Meta_GA,20.0,50.0,11.0,0.48409502603411025,0.07407012409127815,7.001552237592923,0.5766690732066323,0.3545242197103093,0.02896096802401871,10
763,mammographic-mass,rf,Meta_GA,50.0,30.0,11.0,0.5300969434845552,0.0,7.359697757494918,0.0,0.33653774977157785,0.0,10
764,mammographic-mass,rf,Meta_GA,50.0,50.0,11.0,0.5300969434845552,0.0,7.359697757494918,0.0,0.33653774977157785,0.0,10
765,mammographic-mass,rf,Meta_GWO,20.0,30.0,11.0,0.48409502603411025,0.07407012409127814,7.001552237592923,0.5766690732066321,0.3545242197103093,0.028960968024018704,10
766,mammographic-mass,rf,Meta_GWO,20.0,50.0,11.0,0.5147629710010735,0.04849027862615059,7.240315917527586,0.37751852555848897,0.342533239751155,0.0189594040241802,10
767,mammographic-mass,rf,Meta_GWO,50.0,30.0,11.0,0.5300969434845552,0.0,7.359697757494918,0.0,0.33653774977157785,0.0,10
768,mammographic-mass,rf,Meta_GWO,50.0,50.0,11.0,0.5147629710010735,0.048490278626150594,7.240315917527586,0.3775185255584891,0.342533239751155,0.0189594040241802,10
769,mammographic-mass,rf,Meta_PSO,20.0,30.0,11.0,0.48409502603411025,0.07407012409127814,7.001552237592923,0.5766690732066323,0.3545242197103093,0.028960968024018707,10
770,mammographic-mass,rf,Meta_PSO,20.0,50.0,11.0,0.5147629710010735,0.04849027862615059,7.240315917527586,0.37751852555848897,0.342533239751155,0.018959404024180195,10
771,mammographic-mass,rf,Meta_PSO,50.0,30.0,11.0,0.5147629710010735,0.04849027862615058,7.240315917527586,0.37751852555848897,0.342533239751155,0.0189594040241802,10
772,mammographic-mass,rf,Meta_PSO,50.0,50.0,11.0,0.5300969434845552,0.0,7.359697757494918,0.0,0.33653774977157785,0.0,10
773,mammographic-mass,rf,Meta_WOA,20.0,30.0,11.0,0.5300969434845552,0.0,7.359697757494918,0.0,0.33653774977157785,0.0,10
774,mammographic-mass,rf,Meta_WOA,20.0,50.0,11.0,0.5300969434845552,0.0,7.359697757494918,0.0,0.33653774977157785,0.0,10
775,mammographic-mass,rf,Meta_WOA,50.0,30.0,11.0,0.5300969434845552,0.0,7.359697757494918,0.0,0.33653774977157785,0.0,10
776,mammographic-mass,rf,Meta_WOA,50.0,50.0,11.0,0.5300969434845552,0.0,7.359697757494918,0.0,0.33653774977157785,0.0,10
777,mammographic-mass,svm,AffinityPropagation,,,9.9,0.28991014255964587,0.01491274761410332,20.985819835975406,1.361214294411528,0.894531536015306,0.03741781350283476,10
778,mammographic-mass,svm,EvoCluster_PSO,20.0,30.0,2.0,0.5013244123737893,0.0,6.2772170925180575,0.0,0.3609762981294702,0.0,10
779,mammographic-mass,svm,EvoCluster_PSO,20.0,50.0,2.0,0.5013244123737893,0.0,6.2772170925180575,0.0,0.3609762981294702,0.0,10
780,mammographic-mass,svm,EvoCluster_PSO,50.0,30.0,2.0,0.5013244123737893,0.0,6.2772170925180575,0.0,0.3609762981294702,0.0,10
781,mammographic-mass,svm,EvoCluster_PSO,50.0,50.0,2.0,0.5013244123737893,0.0,6.2772170925180575,0.0,0.3609762981294702,0.0,10
782,mammographic-mass,svm,Meta_GA,20.0,30.0,10.0,0.4657762237581281,0.07497355829275804,5.985058117220428,0.6160191965450728,0.3807955772598312,0.04179828835319796,10
783,mammographic-mass,svm,Meta_GA,20.0,50.0,10.0,0.48485775375707274,0.052072146681262026,6.146457831706482,0.4134970893245747,0.36955334250961214,0.027122995833595776,10
784,mammographic-mass,svm,Meta_GA,50.0,30.0,10.0,0.4840105431930063,0.05475126172146815,6.133420345250751,0.45472524148828286,0.37064387186241543,0.030571552443723306,10
785,mammographic-mass,svm,Meta_GA,50.0,50.0,10.0,0.5013244123737893,0.0,6.2772170925180575,0.0,0.3609762981294702,0.0,10
786,mammographic-mass,svm,Meta_GWO,20.0,30.0,10.0,0.28889631620762113,0.1702037297646401,5.073582097757378,1.0003405046614555,0.4829745819581571,0.09955935470162759,10
787,mammographic-mass,svm,Meta_GWO,20.0,50.0,10.0,0.4840105431930063,0.05475126172146814,6.133420345250751,0.45472524148828286,0.37064387186241543,0.03057155244372329,10
788,mammographic-mass,svm,Meta_GWO,50.0,30.0,10.0,0.4677576882458584,0.07083359845988822,6.054849692210804,0.5505296731846494,0.39038409485812475,0.06641823845635797,10
789,mammographic-mass,svm,Meta_GWO,50.0,50.0,10.0,0.48310913696084834,0.05760175851215761,6.084832507669695,0.6083734748267452,0.3706818198784355,0.030691554607031313,10
790,mammographic-mass,svm,Meta_PSO,20.0,30.0,10.0,0.46527828925064324,0.07606540347691601,5.947553996955174,0.7020290299140082,0.3810139798511102,0.042275584324938546,10
791,mammographic-mass,svm,Meta_PSO,20.0,50.0,10.0,0.46489386154790735,0.0768023446828768,5.892447922821332,0.8111646331023271,0.3803873416274008,0.04092207280937508,10
792,mammographic-mass,svm,Meta_PSO,50.0,30.0,10.0,0.48310913696084834,0.05760175851215761,6.084832507669695,0.6083734748267452,0.3706818198784355,0.03069155460703131,10
793,mammographic-mass,svm,Meta_PSO,50.0,50.0,10.0,0.48310913696084834,0.05760175851215761,6.084832507669695,0.6083734748267452,0.3706818198784355,0.03069155460703131,10
794,mammographic-mass,svm,Meta_WOA,20.0,30.0,10.0,0.4698837563534285,0.09942408415422535,6.108463299725709,0.533646349015928,0.38023938225684184,0.06091522060193142,10
795,mammographic-mass,svm,Meta_WOA,20.0,50.0,10.0,0.48310913696084834,0.05760175851215761,6.084832507669695,0.6083734748267453,0.3706818198784355,0.03069155460703131,10
796,mammographic-mass,svm,Meta_WOA,50.0,30.0,10.0,0.5013244123737893,0.0,6.2772170925180575,0.0,0.3609762981294702,0.0,10
797,mammographic-mass,svm,Meta_WOA,50.0,50.0,10.0,0.5013244123737893,0.0,6.2772170925180575,0.0,0.3609762981294702,0.0,10
798,mammographic-mass,xgb,AffinityPropagation,,,11.0,0.2729101700298269,0.0,18.902797254511835,0.0,0.9331744000844597,7.401486830834377e-17,10
799,mammographic-mass,xgb,EvoCluster_PSO,20.0,30.0,4.0,0.40411109880734913,0.0,5.49323472956304,7.832997394602942e-16,0.3922544098177725,0.0,10
800,mammographic-mass,xgb,EvoCluster_PSO,20.0,50.0,3.9,0.4037950172173721,0.0009995377507747416,5.474208416287801,0.06016648542565288,0.3923665153517166,0.0003545088255728579,10
801,mammographic-mass,xgb,EvoCluster_PSO,50.0,30.0,3.7,0.40819477129125914,0.014059439449322133,5.424133367425375,0.16302730822689968,0.39323155762915574,0.002719035793088718,10
802,mammographic-mass,xgb,EvoCluster_PSO,50.0,50.0,3.9,0.4037950172173721,0.0009995377507747492,5.474208416287801,0.060166485425653206,0.3923665153517166,0.0003545088255728766,10
803,mammographic-mass,xgb,Meta_GA,20.0,30.0,11.0,0.27395588604014887,0.10003834240613732,5.244009423486382,0.7785417137811594,0.45306108917712395,0.049663785668242,10
804,mammographic-mass,xgb,Meta_GA,20.0,50.0,11.0,0.32031550754416926,0.08889014465612281,5.455523142073699,0.6618813693963073,0.42534030902863423,0.03866525164582551,10
805,mammographic-mass,xgb,Meta_GA,50.0,30.0,11.0,0.40411109880734913,0.0,5.49323472956304,5.921189464667501e-16,0.3922544098177725,0.0,10
806,mammographic-mass,xgb,Meta_GA,50.0,50.0,11.0,0.40411109880734913,0.0,5.49323472956304,5.127900497022837e-16,0.3922544098177725,0.0,10
807,mammographic-mass,xgb,Meta_GWO,20.0,30.0,11.0,0.3033184350450028,0.06719170228947519,5.719052303031228,0.6461178226852229,0.4523461206180171,0.05896959531468436,10
808,mammographic-mass,xgb,Meta_GWO,20.0,50.0,11.0,0.3309696366879007,0.07446245849445382,6.231687408443455,1.3343881265618398,0.48097293082890846,0.09626978155810276,10
809,mammographic-mass,xgb,Meta_GWO,50.0,30.0,11.0,0.3760939878405791,0.06985886717487524,5.758912765662814,0.8884816721119198,0.41426123937473436,0.039260986373197485,10
810,mammographic-mass,xgb,Meta_GWO,50.0,50.0,11.0,0.40411109880734913,0.0,5.49323472956304,4.1869132231567334e-16,0.3922544098177725,0.0,10
811,mammographic-mass,xgb,Meta_PSO,20.0,30.0,11.0,0.29290533988642864,0.11268400637988239,5.5250792155281205,0.8554677895438784,0.4719353180766161,0.0863723672992503,10
812,mammographic-mass,xgb,Meta_PSO,20.0,50.0,11.0,0.2984420091487339,0.09354857150491357,5.728192570217816,1.3589584059416868,0.4445371761310681,0.05913594024391234,10
813,mammographic-mass,xgb,Meta_PSO,50.0,30.0,11.0,0.3098967252759065,0.06947190606204884,5.105042041228132,0.29847623301229664,0.41986128250351207,0.020482360085507825,10
814,mammographic-mass,xgb,Meta_PSO,50.0,50.0,11.0,0.39151419749768157,0.050129253181608775,5.315462761152319,0.24979387694717242,0.39929883960877677,0.013856335708010595,10
815,mammographic-mass,xgb,Meta_WOA,20.0,30.0,11.0,0.3717127755594441,0.11976687132888297,5.8294103064490645,1.6550308189669396,0.4683213078001877,0.1245603187130498,10
816,mammographic-mass,xgb,Meta_WOA,20.0,50.0,11.0,0.4279844927816428,0.038026471928412145,5.489577366921633,1.1909534640046577,0.4231620865415162,0.04159333597608907,10
817,mammographic-mass,xgb,Meta_WOA,50.0,30.0,11.0,0.43807230975872297,0.018966301429717777,5.069212518917801,0.18028660533786617,0.4001973933218178,0.00433687315319773,10
818,mammographic-mass,xgb,Meta_WOA,50.0,50.0,11.0,0.42076187033296647,0.023571698453272373,5.235855594287622,0.22339904350057815,0.39605089552936124,0.0042025985921687325,10
819,ozone-level-8hr,rf,AffinityPropagation,,,8.0,0.12328167949310717,0.0,7.192155549909691,0.0,1.3158870718157032,0.0,10
820,ozone-level-8hr,rf,EvoCluster_PSO,20.0,30.0,2.0,0.43698814749899173,0.0,5.375414662278836,0.0,0.4049814787163541,0.0,10
821,ozone-level-8hr,rf,EvoCluster_PSO,20.0,50.0,2.0,0.43698814749899173,0.0,5.375414662278836,0.0,0.4049814787163541,0.0,10
822,ozone-level-8hr,rf,EvoCluster_PSO,50.0,30.0,2.0,0.43698814749899173,0.0,5.375414662278836,0.0,0.4049814787163541,0.0,10
823,ozone-level-8hr,rf,EvoCluster_PSO,50.0,50.0,2.0,0.43698814749899173,0.0,5.375414662278836,0.0,0.4049814787163541,0.0,10
824,ozone-level-8hr,rf,Meta_GA,20.0,30.0,8.0,0.43698814749899173,0.0,5.375414662278836,0.0,0.4049814787163541,0.0,10
825,ozone-level-8hr,rf,Meta_GA,20.0,50.0,8.0,0.43698814749899173,0.0,5.375414662278836,0.0,0.4049814787163541,0.0,10
826,ozone-level-8hr,rf,Meta_GA,50.0,30.0,8.0,0.43698814749899173,0.0,5.375414662278836,0.0,0.4049814787163541,0.0,10
827,ozone-level-8hr,rf,Meta_GA,50.0,50.0,8.0,0.43698814749899173,0.0,5.375414662278836,0.0,0.4049814787163541,0.0,10
828,ozone-level-8hr,rf,Meta_GWO,20.0,30.0,8.0,0.43698814749899173,0.0,5.375414662278836,0.0,0.4049814787163541,0.0,10
829,ozone-level-8hr,rf,Meta_GWO,20.0,50.0,8.0,0.43698814749899173,0.0,5.375414662278836,0.0,0.4049814787163541,0.0,10
830,ozone-level-8hr,rf,Meta_GWO,50.0,30.0,8.0,0.43698814749899173,0.0,5.375414662278836,0.0,0.4049814787163541,0.0,10
831,ozone-level-8hr,rf,Meta_GWO,50.0,50.0,8.0,0.43698814749899173,0.0,5.375414662278836,0.0,0.4049814787163541,0.0,10
832,ozone-level-8hr,rf,Meta_PSO,20.0,30.0,8.0,0.43698814749899173,0.0,5.375414662278836,0.0,0.4049814787163541,0.0,10
833,ozone-level-8hr,rf,Meta_PSO,20.0,50.0,8.0,0.4124037783788652,0.07774260125790937,5.220217492768089,0.4907765420651999,0.42050273198381494,0.04908251246550672,10
834,ozone-level-8hr,rf,Meta_PSO,50.0,30.0,8.0,0.43698814749899173,0.0,5.375414662278836,0.0,0.4049814787163541,0.0,10
835,ozone-level-8hr,rf,Meta_PSO,50.0,50.0,8.0,0.43698814749899173,0.0,5.375414662278836,0.0,0.4049814787163541,0.0,10
836,ozone-level-8hr,rf,Meta_WOA,20.0,30.0,8.0,0.43698814749899173,0.0,5.375414662278836,0.0,0.4049814787163541,0.0,10
837,ozone-level-8hr,rf,Meta_WOA,20.0,50.0,8.0,0.43698814749899173,0.0,5.375414662278836,0.0,0.4049814787163541,0.0,10
838,ozone-level-8hr,rf,Meta_WOA,50.0,30.0,8.0,0.43698814749899173,0.0,5.375414662278836,0.0,0.4049814787163541,0.0,10
839,ozone-level-8hr,rf,Meta_WOA,50.0,50.0,8.0,0.43698814749899173,0.0,5.375414662278836,0.0,0.4049814787163541,0.0,10
840,ozone-level-8hr,svm,AffinityPropagation,,,9.0,0.12196822073554117,0.0,7.172762505789474,0.0,1.3359757279123774,0.0,10
841,ozone-level-8hr,svm,EvoCluster_PSO,20.0,30.0,2.0,0.44039376133045227,0.0,5.39571100376614,0.0,0.4042486350716631,0.0,10
842,ozone-level-8hr,svm,EvoCluster_PSO,20.0,50.0,2.0,0.44039376133045227,0.0,5.39571100376614,0.0,0.4042486350716631,0.0,10
843,ozone-level-8hr,svm,EvoCluster_PSO,50.0,30.0,2.0,0.44039376133045227,0.0,5.39571100376614,0.0,0.4042486350716631,0.0,10
844,ozone-level-8hr,svm,EvoCluster_PSO,50.0,50.0,2.0,0.44039376133045227,0.0,5.39571100376614,0.0,0.4042486350716631,0.0,10
845,ozone-level-8hr,svm,Meta_GA,20.0,30.0,9.0,0.44039376133045227,0.0,5.39571100376614,0.0,0.4042486350716631,0.0,10
846,ozone-level-8hr,svm,Meta_GA,20.0,50.0,9.0,0.44039376133045227,0.0,5.39571100376614,0.0,0.4042486350716631,0.0,10
847,ozone-level-8hr,svm,Meta_GA,50.0,30.0,9.0,0.44039376133045227,0.0,5.39571100376614,0.0,0.4042486350716631,0.0,10
848,ozone-level-8hr,svm,Meta_GA,50.0,50.0,9.0,0.44039376133045227,0.0,5.39571100376614,0.0,0.4042486350716631,0.0,10
849,ozone-level-8hr,svm,Meta_GWO,20.0,30.0,9.0,0.4170554603075779,0.07380218795092044,5.088492448171012,0.9715103751476699,0.4248337971684199,0.06509599822951885,10
850,ozone-level-8hr,svm,Meta_GWO,20.0,50.0,9.0,0.44039376133045227,0.0,5.39571100376614,0.0,0.4042486350716631,0.0,10
851,ozone-level-8hr,svm,Meta_GWO,50.0,30.0,9.0,0.44039376133045227,0.0,5.39571100376614,0.0,0.4042486350716631,0.0,10
852,ozone-level-8hr,svm,Meta_GWO,50.0,50.0,9.0,0.44039376133045227,0.0,5.39571100376614,0.0,0.4042486350716631,0.0,10
853,ozone-level-8hr,svm,Meta_PSO,20.0,30.0,9.0,0.44039376133045227,0.0,5.39571100376614,0.0,0.4042486350716631,0.0,10
854,ozone-level-8hr,svm,Meta_PSO,20.0,50.0,9.0,0.44039376133045227,0.0,5.39571100376614,0.0,0.4042486350716631,0.0,10
855,ozone-level-8hr,svm,Meta_PSO,50.0,30.0,9.0,0.44039376133045227,0.0,5.39571100376614,0.0,0.4042486350716631,0.0,10
856,ozone-level-8hr,svm,Meta_PSO,50.0,50.0,9.0,0.44039376133045227,0.0,5.39571100376614,0.0,0.4042486350716631,0.0,10
857,ozone-level-8hr,svm,Meta_WOA,20.0,30.0,9.0,0.44039376133045227,0.0,5.39571100376614,0.0,0.4042486350716631,0.0,10
858,ozone-level-8hr,svm,Meta_WOA,20.0,50.0,9.0,0.4156598859990127,0.07821538141000113,5.209816110946269,0.5878512667036716,0.418416488998879,0.04480268796656389,10
859,ozone-level-8hr,svm,Meta_WOA,50.0,30.0,9.0,0.44039376133045227,0.0,5.39571100376614,0.0,0.4042486350716631,0.0,10
860,ozone-level-8hr,svm,Meta_WOA,50.0,50.0,9.0,0.44039376133045227,0.0,5.39571100376614,0.0,0.4042486350716631,0.0,10
861,ozone-level-8hr,xgb,AffinityPropagation,,,9.0,0.0875335378086803,0.0,6.300487161179184,0.0,1.4155837971231107,0.0,10
862,ozone-level-8hr,xgb,EvoCluster_PSO,20.0,30.0,2.0,0.4378413569970361,0.0,5.306313793553344,0.0,0.4075500137006002,0.0,10
863,ozone-level-8hr,xgb,EvoCluster_PSO,20.0,50.0,2.0,0.4378413569970361,0.0,5.306313793553344,0.0,0.4075500137006002,0.0,10
864,ozone-level-8hr,xgb,EvoCluster_PSO,50.0,30.0,2.0,0.4378413569970361,0.0,5.306313793553344,0.0,0.4075500137006002,0.0,10
865,ozone-level-8hr,xgb,EvoCluster_PSO,50.0,50.0,2.0,0.4378413569970361,0.0,5.306313793553344,0.0,0.4075500137006002,0.0,10
866,ozone-level-8hr,xgb,Meta_GA,20.0,30.0,9.0,0.4378413569970361,0.0,5.306313793553344,0.0,0.4075500137006002,0.0,10
867,ozone-level-8hr,xgb,Meta_GA,20.0,50.0,9.0,0.4378413569970361,0.0,5.306313793553344,0.0,0.4075500137006002,0.0,10
868,ozone-level-8hr,xgb,Meta_GA,50.0,30.0,9.0,0.4378413569970361,0.0,5.306313793553344,0.0,0.4075500137006002,0.0,10
869,ozone-level-8hr,xgb,Meta_GA,50.0,50.0,9.0,0.4378413569970361,0.0,5.306313793553344,0.0,0.4075500137006002,0.0,10
870,ozone-level-8hr,xgb,Meta_GWO,20.0,30.0,9.0,0.40459052777008264,0.10514835444646863,5.149957797252712,0.4944410741348567,0.42023724658039086,0.04012055310511575,10
871,ozone-level-8hr,xgb,Meta_GWO,20.0,50.0,9.0,0.4378413569970361,0.0,5.306313793553344,0.0,0.4075500137006002,0.0,10
872,ozone-level-8hr,xgb,Meta_GWO,50.0,30.0,9.0,0.4378413569970361,0.0,5.306313793553344,0.0,0.4075500137006002,0.0,10
873,ozone-level-8hr,xgb,Meta_GWO,50.0,50.0,9.0,0.4378413569970361,0.0,5.306313793553344,0.0,0.4075500137006002,0.0,10
874,ozone-level-8hr,xgb,Meta_PSO,20.0,30.0,9.0,0.4378413569970361,0.0,5.306313793553344,0.0,0.4075500137006002,0.0,10
875,ozone-level-8hr,xgb,Meta_PSO,20.0,50.0,9.0,0.4378413569970361,0.0,5.306313793553344,0.0,0.4075500137006002,0.0,10
876,ozone-level-8hr,xgb,Meta_PSO,50.0,30.0,9.0,0.4378413569970361,0.0,5.306313793553344,0.0,0.4075500137006002,0.0,10
877,ozone-level-8hr,xgb,Meta_PSO,50.0,50.0,9.0,0.4378413569970361,0.0,5.306313793553344,0.0,0.4075500137006002,0.0,10
878,ozone-level-8hr,xgb,Meta_WOA,20.0,30.0,9.0,0.37399725926185,0.10315848700145697,4.455999062246589,1.3730554395253838,0.4628018949108224,0.0898132680291675,10
879,ozone-level-8hr,xgb,Meta_WOA,20.0,50.0,9.0,0.4378413569970361,0.0,5.306313793553344,0.0,0.4075500137006002,0.0,10
880,ozone-level-8hr,xgb,Meta_WOA,50.0,30.0,9.0,0.4378413569970361,0.0,5.306313793553344,0.0,0.4075500137006002,0.0,10
881,ozone-level-8hr,xgb,Meta_WOA,50.0,50.0,9.0,0.4378413569970361,0.0,5.306313793553344,0.0,0.4075500137006002,0.0,10
882,phoneme,rf,AffinityPropagation,,,17.0,0.3398090913594045,0.0,51.10345366969061,0.0,0.9609888746574018,0.0,10
883,phoneme,rf,EvoCluster_PSO,20.0,30.0,2.1,0.4074686609193215,0.04904676640245797,5.053807233813173,0.27805083521316143,0.42178513749716745,0.021411650604929014,10
884,phoneme,rf,EvoCluster_PSO,20.0,50.0,2.4,0.40012509046714273,0.0722691751892554,5.138477301122137,0.010300572877073257,0.4220954928332639,0.022393080350980997,10
885,phoneme,rf,EvoCluster_PSO,50.0,30.0,2.2,0.4078688806481094,0.047781160494953095,5.217793724395551,0.24051998052490595,0.4221651539112873,0.022613368021797652,10
886,phoneme,rf,EvoCluster_PSO,50.0,50.0,2.0,0.42297861028912037,0.0,5.141734628271747,0.0,0.41501417905963767,0.0,10
887,phoneme,rf,Meta_GA,20.0,30.0,17.0,0.05861120176368869,0.06001014508604543,12.765720370857299,7.33529115740016,0.7565295822003448,0.102603060062135,10
888,phoneme,rf,Meta_GA,20.0,50.0,17.0,0.11445221825026,0.1544022884870906,8.69076423512415,5.058610580879861,0.6437571360804724,0.13288660853362613,10
889,phoneme,rf,Meta_GA,50.0,30.0,17.0,0.23085471263322166,0.16829943729009209,8.950770327487572,5.567965439067615,0.5452664066559658,0.12029202152868794,10
890,phoneme,rf,Meta_GA,50.0,50.0,17.0,0.37924324151669614,0.09227019392573904,4.9401589224312525,0.4312606737639918,0.4279970011651743,0.02773527697667547,10
891,phoneme,rf,Meta_GWO,20.0,30.0,17.0,0.022083086617470726,0.08950915769317641,12.804252183521147,6.945414158324402,0.8030517043193628,0.13903863529831462,10
892,phoneme,rf,Meta_GWO,20.0,50.0,17.0,0.012064221598830388,0.07906297874950291,10.390316381850358,5.346389246907633,0.717947502070495,0.1129627566390912,10
893,phoneme,rf,Meta_GWO,50.0,30.0,17.0,0.0721513803801429,0.12486817590057568,14.36713754488746,8.441700576666054,0.7802696752598003,0.14144636403376248,10
894,phoneme,rf,Meta_GWO,50.0,50.0,17.0,0.05854171213690794,0.13239226448422853,9.731792004432341,6.515578328292694,0.6913660749454109,0.1417065961699559,10
895,phoneme,rf,Meta_PSO,20.0,30.0,17.0,0.01890567332717834,0.07681409640276,10.683731167373669,4.2879363117723495,0.8080924677564196,0.05074528529907441,10
896,phoneme,rf,Meta_PSO,20.0,50.0,17.0,0.019234969874754572,0.06683494639877179,11.171301957419152,4.660113487012509,0.8080558240077484,0.07002731754266528,10
897,phoneme,rf,Meta_PSO,50.0,30.0,17.0,0.02877041325987213,0.08717572715457207,10.546110984012891,8.593961281447974,0.7562707049692733,0.07411516126841151,10
898,phoneme,rf,Meta_PSO,50.0,50.0,17.0,0.09396340461270394,0.10144838486748345,12.52523699176312,7.329130661374369,0.7295268079077275,0.09435514586315279,10
899,phoneme,rf,Meta_WOA,20.0,30.0,17.0,0.34707030381139603,0.1655845053230375,5.207282448017845,0.2882965280474878,0.46818998097348336,0.11214411135593473,10
900,phoneme,rf,Meta_WOA,20.0,50.0,17.0,0.3302942341215308,0.1738094603162991,6.009579900350059,2.042286263967387,0.4900342933949432,0.15003658798148878,10
901,phoneme,rf,Meta_WOA,50.0,30.0,17.0,0.4201380222425059,0.008982728121550482,5.055966087268713,0.27122394115913023,0.41895358695302587,0.012457501575552506,10
902,phoneme,rf,Meta_WOA,50.0,50.0,17.0,0.3920168269136927,0.0657067738752814,4.829356659614798,0.698233535701691,0.43637813142066406,0.045892013846087897,10
903,phoneme,svm,AffinityPropagation,,,25.0,0.3242177677277873,0.0,97.15509708300013,0.0,0.952894210925453,0.0,10
904,phoneme,svm,EvoCluster_PSO,20.0,30.0,2.0,0.5592522884861236,0.0,8.660586603351376,0.0,0.32163892036721325,0.0,10
905,phoneme,svm,EvoCluster_PSO,20.0,50.0,2.0,0.5592522884861236,0.0,8.660586603351376,0.0,0.32163892036721325,0.0,10
906,phoneme,svm,EvoCluster_PSO,50.0,30.0,2.0,0.5592522884861236,0.0,8.660586603351376,0.0,0.32163892036721325,0.0,10
907,phoneme,svm,EvoCluster_PSO,50.0,50.0,2.0,0.5592522884861236,0.0,8.660586603351376,0.0,0.32163892036721325,0.0,10
908,phoneme,svm,Meta_GA,20.0,30.0,20.0,0.14853211665399688,0.14621509481855705,11.950673874749489,8.083725171344966,0.6288686019543275,0.14983091033120988,10
909,phoneme,svm,Meta_GA,20.0,50.0,20.0,0.32671963162249174,0.17745053295391583,6.408040447037521,1.6071522342482498,0.41841384857879127,0.07358176883904582,10
910,phoneme,svm,Meta_GA,50.0,30.0,20.0,0.5036498623578256,0.11722020666445311,8.049973272663127,1.2872859297576393,0.3443286899416549,0.04783423429308333,10
911,phoneme,svm,Meta_GA,50.0,50.0,20.0,0.49577377117997135,0.13510593661913053,8.028562159621039,1.3333799028113449,0.34712010480505573,0.05412047287835881,10
912,phoneme,svm,Meta_GWO,20.0,30.0,20.0,0.0415844603841052,0.13870589039516956,8.172491466557792,4.2922561482062385,0.6307070976381809,0.13724205345944887,10
913,phoneme,svm,Meta_GWO,20.0,50.0,20.0,0.149100018375895,0.10432667909600808,9.535860179925868,5.52564725371182,0.5922691179984267,0.15335319095175295,10
914,phoneme,svm,Meta_GWO,50.0,30.0,20.0,0.20206636411750822,0.19012378233123375,8.530763847360955,3.164676250956658,0.5545567788487267,0.17038794993351403,10
915,phoneme,svm,Meta_GWO,50.0,50.0,20.0,0.2666916642850375,0.19737037139426647,11.293425304165803,8.314763417863507,0.5102478331722489,0.18591180702129861,10
916,phoneme,svm,Meta_PSO,20.0,30.0,20.0,0.032485937680405676,0.10246746377832137,17.146327106186604,10.859720776776348,0.7273388696697578,0.07433274234122168,10
917,phoneme,svm,Meta_PSO,20.0,50.0,20.0,0.10291667431095093,0.07270612304244342,13.84395191339413,13.843406539639979,0.6576594996211552,0.09761707418287115,10
918,phoneme,svm,Meta_PSO,50.0,30.0,20.0,0.12788555409107044,0.1463747958686979,10.511470267540199,5.409537141311399,0.6372120500506058,0.13870501390333057,10
919,phoneme,svm,Meta_PSO,50.0,50.0,20.0,0.21629069137306262,0.1538162039701534,8.094633602063304,3.4461166283288085,0.5388822309216722,0.1379828155424935,10
920,phoneme,svm,Meta_WOA,20.0,30.0,20.0,0.5592522884861236,0.0,8.660586603351376,0.0,0.32163892036721325,0.0,10
921,phoneme,svm,Meta_WOA,20.0,50.0,20.0,0.5457272577236869,0.04276990263314355,8.2987840420475,1.1441201570029509,0.3314745389104715,0.031102956793283374,10
922,phoneme,svm,Meta_WOA,50.0,30.0,20.0,0.5386305546559598,0.0652116482050656,8.404692773434695,0.8092073417204495,0.3339959705778675,0.03907642382673081,10
923,phoneme,svm,Meta_WOA,50.0,50.0,20.0,0.5592522884861236,0.0,8.660586603351376,0.0,0.32163892036721325,0.0,10
924,phoneme,xgb,AffinityPropagation,,,17.0,0.3308545198302812,0.0,57.727307822884484,0.0,1.0866414798294581,0.0,10
925,phoneme,xgb,EvoCluster_PSO,20.0,30.0,2.6,0.3507109684277799,0.0774460539881602,4.418349061361932,0.2208800398948312,0.469368013484919,0.03177522843599051,10
926,phoneme,xgb,EvoCluster_PSO,20.0,50.0,2.7,0.35667229905987324,0.10909379681436791,4.696071902667349,0.8120210054974055,0.4715799326868969,0.06841901769044564,10
927,phoneme,xgb,EvoCluster_PSO,50.0,30.0,2.2,0.3879257464034923,0.046534065825138256,4.495432225560146,0.02392579230321303,0.44759237270443275,0.002582765649456377,10
928,phoneme,xgb,EvoCluster_PSO,50.0,50.0,3.1,0.3280342611297241,0.1329208417174688,4.553892224721524,0.35896146121699724,0.4700388718790792,0.05770629035315971,10
929,phoneme,xgb,Meta_GA,20.0,30.0,17.0,0.055608443503614866,0.08158371582898659,16.085955002977236,8.275617281399322,0.769552796790449,0.0600752718118867,10
930,phoneme,xgb,Meta_GA,20.0,50.0,17.0,0.052491995489184595,0.11438036999339957,16.94173748432423,8.989428178615192,0.741012104120369,0.06619698059838021,10
931,phoneme,xgb,Meta_GA,50.0,30.0,17.0,0.0021332218658584564,0.08446942347226262,8.10380528988091,4.60101670432247,0.6428539144014335,0.05922113601971257,10
932,phoneme,xgb,Meta_GA,50.0,50.0,17.0,0.09542183395526244,0.06698133154842759,11.82188430186914,5.461198130611234,0.6242327396664588,0.0621885820088386,10
933,phoneme,xgb,Meta_GWO,20.0,30.0,17.0,0.08858577190958315,0.08193946009531977,19.507664827179042,5.617115329045542,0.8071311200398317,0.09708745361000512,10
934,phoneme,xgb,Meta_GWO,20.0,50.0,17.0,0.05145869894709214,0.08244397517978772,18.71165334370675,4.608650027092801,0.841899005542609,0.1088894517430971,10
935,phoneme,xgb,Meta_GWO,50.0,30.0,17.0,0.07456406830664211,0.07253804343219869,17.642686756864155,6.207015369073772,0.7843174314575029,0.10425757771026029,10
936,phoneme,xgb,Meta_GWO,50.0,50.0,17.0,0.08673316106055566,0.0697661132372261,19.486370975744357,4.845718560963885,0.7636640958039073,0.11694944698115456,10
937,phoneme,xgb,Meta_PSO,20.0,30.0,17.0,0.06336965549251847,0.06747836655068705,19.502422590952186,6.496189320043781,0.8740583200624096,0.07011730263793971,10
938,phoneme,xgb,Meta_PSO,20.0,50.0,17.0,0.06622771514663513,0.06205163668113005,18.70988543258007,6.52083622850219,0.8861056185046982,0.06973075587490855,10
939,phoneme,xgb,Meta_PSO,50.0,30.0,17.0,0.10210345414157651,0.08642699659080949,21.181513476278795,9.081548902617415,0.8511943908772317,0.0526357803691772,10
940,phoneme,xgb,Meta_PSO,50.0,50.0,17.0,0.06233990046031429,0.08281517299749037,19.864043373217775,7.307345340557516,0.8217941714153454,0.038685183150124675,10
941,phoneme,xgb,Meta_WOA,20.0,30.0,17.0,0.2314277526402429,0.1752424691966059,12.339009876943818,9.851544116525725,0.6553377287153138,0.2058809963325692,10
942,phoneme,xgb,Meta_WOA,20.0,50.0,17.0,0.17238190931088698,0.1398670700499399,6.033303508005281,4.567591524561401,0.6116038982314789,0.1278751587029657,10
943,phoneme,xgb,Meta_WOA,50.0,30.0,17.0,0.30561097184601616,0.15432467485851686,4.169330392794066,0.44357471282205985,0.4913515386768686,0.06928023558706602,10
944,phoneme,xgb,Meta_WOA,50.0,50.0,17.0,0.3456616842554677,0.08990559903781764,4.130710253123252,0.4663505557920771,0.4792855417637524,0.046121575286208506,10
945,usps_bin,rf,AffinityPropagation,,,3.0,0.06177523685650573,0.0,1.5306474599218627,0.0,1.1268611442022598,0.0,10
946,usps_bin,rf,EvoCluster_PSO,20.0,30.0,3.0,0.04132266771835145,0.016361579523068222,1.5036396687994873,0.017196918203970735,0.6390871429289918,0.010354610124843693,10
947,usps_bin,rf,EvoCluster_PSO,20.0,50.0,3.0,0.05082788646992518,0.010019380304371724,1.5136301754709978,0.010530918687026875,0.6330716580434932,0.006340877822830878,10
948,usps_bin,rf,EvoCluster_PSO,50.0,30.0,3.0,0.05399629272044974,0.0,1.5169603443615014,1.6550227688315153e-16,0.6310664964149937,3.700743415417188e-17,10
949,usps_bin,rf,EvoCluster_PSO,50.0,50.0,3.0,0.05399629272044974,0.0,1.5169603443615014,1.6550227688315153e-16,0.6310664964149937,0.0,10
950,usps_bin,rf,Meta_GA,20.0,30.0,3.0,0.05082788646992518,0.010019380304371724,1.5136301754709978,0.010530918687026965,0.6330716580434932,0.006340877822830878,10
951,usps_bin,rf,Meta_GA,20.0,50.0,3.0,0.05399629272044974,0.0,1.5169603443615014,1.6550227688315153e-16,0.6310664964149937,0.0,10
952,usps_bin,rf,Meta_GA,50.0,30.0,3.0,0.05399629272044974,0.0,1.5169603443615014,1.9582493486507355e-16,0.6310664964149937,3.700743415417188e-17,10
953,usps_bin,rf,Meta_GA,50.0,50.0,3.0,0.05399629272044974,0.0,1.5169603443615014,1.4802973661668753e-16,0.6310664964149937,0.0,10
954,usps_bin,rf,Meta_GWO,20.0,30.0,3.0,0.05399629272044974,0.0,1.5169603443615012,1.2819751242557092e-16,0.6310664964149937,3.700743415417188e-17,10
955,usps_bin,rf,Meta_GWO,20.0,50.0,3.0,0.05399629272044974,0.0,1.5169603443615012,1.2819751242557092e-16,0.6310664964149937,5.233641528945917e-17,10
956,usps_bin,rf,Meta_GWO,50.0,30.0,3.0,0.05399629272044974,0.0,1.5169603443615014,1.6550227688315153e-16,0.6310664964149937,3.700743415417188e-17,10
957,usps_bin,rf,Meta_GWO,50.0,50.0,3.0,0.05399629272044974,0.0,1.5169603443615014,1.8129866073473578e-16,0.6310664964149937,0.0,10
958,usps_bin,rf,Meta_PSO,20.0,30.0,3.0,0.05399629272044974,0.0,1.5169603443615014,1.4802973661668753e-16,0.6310664964149937,3.700743415417188e-17,10
959,usps_bin,rf,Meta_PSO,20.0,50.0,3.0,0.05399629272044974,0.0,1.5169603443615014,0.0,0.6310664964149937,0.0,10
960,usps_bin,rf,Meta_PSO,50.0,30.0,3.0,0.05399629272044974,0.0,1.5169603443615014,1.0467283057891834e-16,0.6310664964149937,0.0,10
961,usps_bin,rf,Meta_PSO,50.0,50.0,3.0,0.05399629272044974,0.0,1.5169603443615014,1.8129866073473578e-16,0.6310664964149937,0.0,10
962,usps_bin,rf,Meta_WOA,20.0,30.0,3.0,0.043808788647839735,0.023316186195055134,1.4699774927416027,0.13727134117339182,0.643875848418286,0.034049515078411675,10
963,usps_bin,rf,Meta_WOA,20.0,50.0,3.0,0.05399629272044974,0.0,1.5169603443615012,1.2819751242557092e-16,0.6310664964149937,6.409875621278546e-17,10
964,usps_bin,rf,Meta_WOA,50.0,30.0,3.0,0.05399629272044974,0.0,1.5169603443615012,1.0467283057891834e-16,0.6310664964149937,3.700743415417188e-17,10
965,usps_bin,rf,Meta_WOA,50.0,50.0,3.0,0.05399629272044974,0.0,1.5169603443615014,1.4802973661668753e-16,0.6310664964149937,3.700743415417188e-17,10
966,usps_bin,svm,AffinityPropagation,,,4.0,0.1456739384983931,0.0,2.7250473199992387,0.0,0.5527313529900697,0.0,10
967,usps_bin,svm,EvoCluster_PSO,20.0,30.0,2.0,0.28224362989157625,0.0,2.7977125185313567,0.0,0.5213615774138873,0.0,10
968,usps_bin,svm,EvoCluster_PSO,20.0,50.0,2.0,0.28224362989157625,0.0,2.7977125185313567,0.0,0.5213615774138873,0.0,10
969,usps_bin,svm,EvoCluster_PSO,50.0,30.0,2.0,0.28224362989157625,0.0,2.7977125185313567,0.0,0.5213615774138873,0.0,10
970,usps_bin,svm,EvoCluster_PSO,50.0,50.0,2.0,0.28224362989157625,0.0,2.7977125185313567,0.0,0.5213615774138873,0.0,10
971,usps_bin,svm,Meta_GA,20.0,30.0,4.0,0.28224362989157625,0.0,2.7977125185313567,0.0,0.5213615774138873,0.0,10
972,usps_bin,svm,Meta_GA,20.0,50.0,4.0,0.28224362989157625,0.0,2.7977125185313567,0.0,0.5213615774138873,0.0,10
973,usps_bin,svm,Meta_GA,50.0,30.0,4.0,0.28224362989157625,0.0,2.7977125185313567,0.0,0.5213615774138873,0.0,10
974,usps_bin,svm,Meta_GA,50.0,50.0,4.0,0.28224362989157625,0.0,2.7977125185313567,0.0,0.5213615774138873,0.0,10
975,usps_bin,svm,Meta_GWO,20.0,30.0,4.0,0.28224362989157625,0.0,2.7977125185313567,0.0,0.5213615774138873,0.0,10
976,usps_bin,svm,Meta_GWO,20.0,50.0,4.0,0.28224362989157625,0.0,2.7977125185313567,0.0,0.5213615774138873,0.0,10
977,usps_bin,svm,Meta_GWO,50.0,30.0,4.0,0.28224362989157625,0.0,2.7977125185313567,0.0,0.5213615774138873,0.0,10
978,usps_bin,svm,Meta_GWO,50.0,50.0,4.0,0.28224362989157625,0.0,2.7977125185313567,0.0,0.5213615774138873,0.0,10
979,usps_bin,svm,Meta_PSO,20.0,30.0,4.0,0.28224362989157625,0.0,2.7977125185313567,0.0,0.5213615774138873,0.0,10
980,usps_bin,svm,Meta_PSO,20.0,50.0,4.0,0.28224362989157625,0.0,2.7977125185313567,0.0,0.5213615774138873,0.0,10
981,usps_bin,svm,Meta_PSO,50.0,30.0,4.0,0.28224362989157625,0.0,2.7977125185313567,0.0,0.5213615774138873,0.0,10
982,usps_bin,svm,Meta_PSO,50.0,50.0,4.0,0.28224362989157625,0.0,2.7977125185313567,0.0,0.5213615774138873,0.0,10
983,usps_bin,svm,Meta_WOA,20.0,30.0,4.0,0.2685866607522579,0.04318712841487527,2.790445998678145,0.02297875339898185,0.5244985549715055,0.009919994050905752,10
984,usps_bin,svm,Meta_WOA,20.0,50.0,4.0,0.28224362989157625,0.0,2.7977125185313567,0.0,0.5213615774138873,0.0,10
985,usps_bin,svm,Meta_WOA,50.0,30.0,4.0,0.28224362989157625,0.0,2.7977125185313567,0.0,0.5213615774138873,0.0,10
986,usps_bin,svm,Meta_WOA,50.0,50.0,4.0,0.28224362989157625,0.0,2.7977125185313567,0.0,0.5213615774138873,0.0,10
987,usps_bin,xgb,AffinityPropagation,,,3.0,0.11516868867052646,0.0,1.9492584930773122,0.0,1.1071941348057435,0.0,10
988,usps_bin,xgb,EvoCluster_PSO,20.0,30.0,2.0,0.15016933295406712,0.0,1.8821128476334619,0.0,0.627312985458152,0.0,10
989,usps_bin,xgb,EvoCluster_PSO,20.0,50.0,2.0,0.15016933295406712,0.0,1.8821128476334619,0.0,0.627312985458152,0.0,10
990,usps_bin,xgb,EvoCluster_PSO,50.0,30.0,2.0,0.15016933295406712,0.0,1.8821128476334619,0.0,0.627312985458152,0.0,10
991,usps_bin,xgb,EvoCluster_PSO,50.0,50.0,2.0,0.15016933295406712,0.0,1.8821128476334619,0.0,0.627312985458152,0.0,10
992,usps_bin,xgb,Meta_GA,20.0,30.0,3.0,0.15016933295406712,0.0,1.8821128476334619,0.0,0.627312985458152,0.0,10
993,usps_bin,xgb,Meta_GA,20.0,50.0,3.0,0.15016933295406712,0.0,1.8821128476334619,0.0,0.627312985458152,0.0,10
994,usps_bin,xgb,Meta_GA,50.0,30.0,3.0,0.15016933295406712,0.0,1.8821128476334619,0.0,0.627312985458152,0.0,10
995,usps_bin,xgb,Meta_GA,50.0,50.0,3.0,0.15016933295406712,0.0,1.8821128476334619,0.0,0.627312985458152,0.0,10
996,usps_bin,xgb,Meta_GWO,20.0,30.0,3.0,0.15016933295406712,0.0,1.8821128476334619,0.0,0.627312985458152,0.0,10
997,usps_bin,xgb,Meta_GWO,20.0,50.0,3.0,0.15016933295406712,0.0,1.8821128476334619,0.0,0.627312985458152,0.0,10
998,usps_bin,xgb,Meta_GWO,50.0,30.0,3.0,0.15016933295406712,0.0,1.8821128476334619,0.0,0.627312985458152,0.0,10
999,usps_bin,xgb,Meta_GWO,50.0,50.0,3.0,0.15016933295406712,0.0,1.8821128476334619,0.0,0.627312985458152,0.0,10
1000,usps_bin,xgb,Meta_PSO,20.0,30.0,3.0,0.15016933295406712,0.0,1.8821128476334619,0.0,0.627312985458152,0.0,10
1001,usps_bin,xgb,Meta_PSO,20.0,50.0,3.0,0.15016933295406712,0.0,1.8821128476334619,0.0,0.627312985458152,0.0,10
1002,usps_bin,xgb,Meta_PSO,50.0,30.0,3.0,0.15016933295406712,0.0,1.8821128476334619,0.0,0.627312985458152,0.0,10
1003,usps_bin,xgb,Meta_PSO,50.0,50.0,3.0,0.15016933295406712,0.0,1.8821128476334619,0.0,0.627312985458152,0.0,10
1004,usps_bin,xgb,Meta_WOA,20.0,30.0,3.0,0.15016933295406712,0.0,1.8821128476334619,0.0,0.627312985458152,0.0,10
1005,usps_bin,xgb,Meta_WOA,20.0,50.0,3.0,0.15016933295406712,0.0,1.8821128476334619,0.0,0.627312985458152,0.0,10
1006,usps_bin,xgb,Meta_WOA,50.0,30.0,3.0,0.15016933295406712,0.0,1.8821128476334619,0.0,0.627312985458152,0.0,10
1007,usps_bin,xgb,Meta_WOA,50.0,50.0,3.0,0.15016933295406712,0.0,1.8821128476334619,0.0,0.627312985458152,0.0,10
1008,wdbc,rf,AffinityPropagation,,,3.0,0.16355050613175373,0.0,3.487406690808645,0.0,1.0352108889088356,0.0,10
1009,wdbc,rf,EvoCluster_PSO,20.0,30.0,2.0,0.20491021826902803,0.0,2.5758482302950974,0.0,0.549119322894502,0.0,10
1010,wdbc,rf,EvoCluster_PSO,20.0,50.0,2.0,0.20491021826902803,0.0,2.5758482302950974,0.0,0.549119322894502,0.0,10
1011,wdbc,rf,EvoCluster_PSO,50.0,30.0,2.0,0.20491021826902803,0.0,2.5758482302950974,0.0,0.549119322894502,0.0,10
1012,wdbc,rf,EvoCluster_PSO,50.0,50.0,2.0,0.20491021826902803,0.0,2.5758482302950974,0.0,0.549119322894502,0.0,10
1013,wdbc,rf,Meta_GA,20.0,30.0,3.0,0.18602535669463527,0.03981278391471625,2.4988282111188442,0.16237245735120348,0.5543862074574899,0.011103567594814828,10
1014,wdbc,rf,Meta_GA,20.0,50.0,3.0,0.20491021826902803,0.0,2.5758482302950974,0.0,0.549119322894502,0.0,10
1015,wdbc,rf,Meta_GA,50.0,30.0,3.0,0.20491021826902803,0.0,2.5758482302950974,0.0,0.549119322894502,0.0,10
1016,wdbc,rf,Meta_GA,50.0,50.0,3.0,0.20491021826902803,0.0,2.5758482302950974,0.0,0.549119322894502,0.0,10
1017,wdbc,rf,Meta_GWO,20.0,30.0,3.0,0.18933969006953938,0.033742314717482916,2.4726403105035937,0.22616741469767995,0.5592329679244207,0.02418904017855586,10
1018,wdbc,rf,Meta_GWO,20.0,50.0,3.0,0.19546778748183163,0.029859587936037192,2.537338220706971,0.12177934301340258,0.551752765175996,0.008327675696111125,10
1019,wdbc,rf,Meta_GWO,50.0,30.0,3.0,0.20491021826902803,0.0,2.5758482302950974,0.0,0.549119322894502,0.0,10
1020,wdbc,rf,Meta_GWO,50.0,50.0,3.0,0.20491021826902803,0.0,2.5758482302950974,0.0,0.549119322894502,0.0,10
1021,wdbc,rf,Meta_PSO,20.0,30.0,3.0,0.19640652044019175,0.026891053672951193,2.574517922504994,0.004206802605791855,0.5505919394041032,0.004656822290306938,10
1022,wdbc,rf,Meta_PSO,20.0,50.0,3.0,0.20491021826902803,0.0,2.5758482302950974,0.0,0.549119322894502,0.0,10
1023,wdbc,rf,Meta_PSO,50.0,30.0,3.0,0.20491021826902803,0.0,2.5758482302950974,0.0,0.549119322894502,0.0,10
1024,wdbc,rf,Meta_PSO,50.0,50.0,3.0,0.20491021826902803,0.0,2.5758482302950974,0.0,0.549119322894502,0.0,10
1025,wdbc,rf,Meta_WOA,20.0,30.0,3.0,0.20491021826902803,0.0,2.5758482302950974,0.0,0.549119322894502,0.0,10
1026,wdbc,rf,Meta_WOA,20.0,50.0,3.0,0.20491021826902803,0.0,2.5758482302950974,0.0,0.549119322894502,0.0,10
1027,wdbc,rf,Meta_WOA,50.0,30.0,3.0,0.19640652044019175,0.026891053672951193,2.574517922504994,0.0042068026057918585,0.5505919394041032,0.0046568222903069275,10
1028,wdbc,rf,Meta_WOA,50.0,50.0,3.0,0.20491021826902803,0.0,2.5758482302950974,0.0,0.549119322894502,0.0,10
1029,wdbc,xgb,AffinityPropagation,,,3.0,0.19878491671644982,0.0,3.7999723171024926,0.0,0.875348704268975,0.0,10
1030,wdbc,xgb,EvoCluster_PSO,20.0,30.0,3.0,0.11277843201585983,0.0,2.58323168197903,0.0,0.5402715937509598,0.0,10
1031,wdbc,xgb,EvoCluster_PSO,20.0,50.0,3.0,0.11277843201585983,0.0,2.58323168197903,0.0,0.5402715937509598,0.0,10
1032,wdbc,xgb,EvoCluster_PSO,50.0,30.0,3.0,0.11277843201585983,0.0,2.58323168197903,0.0,0.5402715937509598,0.0,10
1033,wdbc,xgb,EvoCluster_PSO,50.0,50.0,3.0,0.11277843201585983,0.0,2.58323168197903,0.0,0.5402715937509598,0.0,10
1034,wdbc,xgb,Meta_GA,20.0,30.0,3.0,0.120366160301054,0.02399450364769725,2.5732934184267595,0.031427548812210764,0.540792059144247,0.0016458560860829771,10
1035,wdbc,xgb,Meta_GA,20.0,50.0,3.0,0.11325050976743226,0.0014928409276600233,2.539393213130597,0.13862941069538628,0.5410071758773349,0.002326114925455352,10
1036,wdbc,xgb,Meta_GA,50.0,30.0,3.0,0.11277843201585983,0.0,2.58323168197903,0.0,0.5402715937509598,0.0,10
1037,wdbc,xgb,Meta_GA,50.0,50.0,3.0,0.11277843201585983,0.0,2.58323168197903,0.0,0.5402715937509598,0.0,10
1038,wdbc,xgb,Meta_GWO,20.0,30.0,3.0,0.11277843201585983,0.0,2.58323168197903,0.0,0.5402715937509598,0.0,10
1039,wdbc,xgb,Meta_GWO,20.0,50.0,3.0,0.120366160301054,0.02399450364769725,2.5732934184267595,0.031427548812210805,0.540792059144247,0.00164585608608299,10
1040,wdbc,xgb,Meta_GWO,50.0,30.0,3.0,0.11277843201585983,0.0,2.58323168197903,0.0,0.5402715937509598,0.0,10
1041,wdbc,xgb,Meta_GWO,50.0,50.0,3.0,0.11277843201585983,0.0,2.58323168197903,0.0,0.5402715937509598,0.0,10
1042,wdbc,xgb,Meta_PSO,20.0,30.0,3.0,0.11277843201585983,0.0,2.58323168197903,0.0,0.5402715937509598,0.0,10
1043,wdbc,xgb,Meta_PSO,20.0,50.0,3.0,0.11277843201585983,0.0,2.58323168197903,0.0,0.5402715937509598,0.0,10
1044,wdbc,xgb,Meta_PSO,50.0,30.0,3.0,0.11277843201585983,0.0,2.58323168197903,0.0,0.5402715937509598,0.0,10
1045,wdbc,xgb,Meta_PSO,50.0,50.0,3.0,0.11277843201585983,0.0,2.58323168197903,0.0,0.5402715937509598,0.0,10
1046,wdbc,xgb,Meta_WOA,20.0,30.0,3.0,0.15830480172702485,0.03918286037880531,2.523602100665407,0.05132097230421866,0.5433943861106832,0.0026876717339716907,10
1047,wdbc,xgb,Meta_WOA,20.0,50.0,3.0,0.1431293451566365,0.039182860378805306,2.543478627769948,0.05132097230421865,0.5423534553241087,0.0026876717339716777,10
1048,wdbc,xgb,Meta_WOA,50.0,30.0,3.0,0.11277843201585983,0.0,2.58323168197903,0.0,0.5402715937509598,0.0,10
1049,wdbc,xgb,Meta_WOA,50.0,50.0,3.0,0.11277843201585983,0.0,2.58323168197903,0.0,0.5402715937509598,0.0,10
