accuracy,precision,recall,f1,tn,fp,fn,tp
0.821656050955414,0.5769230769230769,0.46875,0.5172413793103449,114,11,17,15
