accuracy,precision,recall,f1,tn,fp,fn,tp
0.8921071687183201,0.9414225941422594,0.7880910683012259,0.8579599618684461,782,28,121,450
