accuracy,precision,recall,f1,tn,fp,fn,tp
0.8641390205371248,0.5454545454545454,0.32967032967032966,0.410958904109589,517,25,61,30
