accuracy,precision,recall,f1,tn,fp,fn,tp
0.9279279279279279,0.5,0.375,0.42857142857142855,300,9,15,9
