accuracy,precision,recall,f1,tn,fp,fn,tp
0.9473684210526315,0.9333333333333333,0.9180327868852459,0.9256198347107438,106,4,5,56
