accuracy,precision,recall,f1,tn,fp,fn,tp
0.5274725274725275,0.8,0.08695652173913043,0.1568627450980392,176,4,168,16
