accuracy,precision,recall,f1,tn,fp,fn,tp
0.9722222222222222,0.9777777777777777,0.9777777777777777,0.9777777777777777,26,1,1,44
