accuracy,precision,recall,f1,tn,fp,fn,tp
0.8343949044585988,0.6153846153846154,0.5,0.5517241379310345,115,10,16,16
