accuracy,precision,recall,f1,tn,fp,fn,tp
0.8602150537634409,0.8709677419354839,0.9152542372881356,0.8925619834710744,26,8,5,54
