accuracy,precision,recall,f1,tn,fp,fn,tp
0.945691527878349,0.9444444444444444,0.9229422066549913,0.933569530558016,779,31,44,527
