accuracy,precision,recall,f1,tn,fp,fn,tp
0.9369369369369369,0.6363636363636364,0.2916666666666667,0.4,305,4,17,7
