{"false_positives_values": [[0.036544850498338874, 0.014814814814814815, 0.0, 0.016393442622950817, 0.02622126436781609, 0.014262206425008354, 0.06, 0.029963792211630823, 0.07616198418932696, 0.0007019410292846582, 0.013872832369942197, 0.0007019339881745006, 0.03666666666666667, 0.0, 0.0, 0.06222222222222222, 0.1020408163265306, 0.03903345724907063, 0.025609756097560974, 0.027097902097902096, 0.01702127659574468], [0.42026578073089704, 0.23703703703703705, 0.09836065573770493, 0.21311475409836067, 0.37823275862068967, 0.3084664697454273, 0.005, 0.268787408556861, 0.18382832216335465, 0.13604101534865018, 0.3086705202312139, 0.13604102332882173, 0.36333333333333334, 1.0, 0.7291666666666666, 0.07555555555555556, 0.4693877551020408, 0.27137546468401486, 0.36646341463414633, 0.3951048951048951, 0.2127659574468085], [0.036544850498338874, 0.014814814814814815, 0.0, 0.016393442622950817, 0.02622126436781609, 0.014262206425008354, 0.06, 0.029963792211630823, 0.07616198418932696, 0.0007019410292846582, 0.013872832369942197, 0.0007019339881745006, 0.03666666666666667, 0.0, 0.0, 0.06666666666666667, 0.1020408163265306, 0.03903345724907063, 0.025609756097560974, 0.027097902097902096, 0.01702127659574468], [0.05647840531561462, 0.037037037037037035, 0.040983606557377046, 0.040983606557377046, 0.06285919540229885, 0.03957106992374345, 0.03, 0.06280942880366511, 0.1009309244062641, 0.004077922092670277, 0.03930635838150289, 0.004077938268167469, 0.05666666666666667, 0.031446540880503145, 0.0, 0.08444444444444445, 0.18367346938775508, 0.07063197026022304, 0.06524390243902439, 0.05944055944055944, 0.0425531914893617]], "false_negatives_values": [[0.10631229235880399, 0.05185185185185186, 0.0, 0.05737704918032787, 0.07076149425287356, 0.0452647740076299, 0.02, 0.08231729845562698, 0.08807848511690873, 0.0061139588228384095, 0.04508670520231214, 0.006113963224698791, 0.08, 0.4591194968553459, 0.3333333333333333, 0.14222222222222222, 0.21428571428571425, 0.0724907063197026, 0.07195121951219512, 0.06905594405594405, 0.04680851063829788], [0.019933554817275746, 0.007407407407407408, 0.0, 0.00819672131147541, 0.014367816091954023, 0.007245971793981272, 0.08, 0.022426660755191015, 0.05174402085805492, 0.00026668875516501353, 0.006936416184971098, 0.0002667004265692677, 0.02, 0.0, 0.0, 0.035555555555555556, 0.09183673469387754, 0.026022304832713755, 0.014024390243902438, 0.01486013986013986, 0.008510638297872342], [0.053156146179401995, 0.037037037037037035, 0.0, 0.03278688524590164, 0.06645114942528735, 0.04301789829813331, 0.015, 0.11350033252050541, 0.060719001220062505, 0.00801143460663231, 0.04277456647398844, 0.008011443597549435, 0.05, 0.03773584905660378, 0.041666666666666664, 0.04888888888888889, 0.2755102040816326, 0.06691449814126393, 0.06463414634146342, 0.06905594405594405, 0.0425531914893617], [0.03820598006644518, 0.029629629629629627, 0.02459016393442623, 0.016393442622950817, 0.040229885057471264, 0.025066791454548466, 0.025, 0.07485406044483854, 0.05364932395166547, 0.003078355076058262, 0.025433526011560695, 0.003078347929444047, 0.035, 0.050314465408805034, 0.041666666666666664, 0.04, 0.24489795918367346, 0.05390334572490706, 0.039634146341463415, 0.04108391608391608, 0.03404255319148936], [0.04817275747508306, 0.007407407407407408, 0.0, 0.00819672131147541, 0.04992816091954023, 0.027680244415671622, 0.05, 0.03668809576590556, 0.12091989370414319, 0.0016655166420449683, 0.027745664739884393, 0.0016655212413998473, 0.04666666666666667, 0.01886792452830189, 0.020833333333333332, 0.035555555555555556, 0.07142857142857142, 0.05018587360594795, 0.04390243902439024, 0.05856643356643357, 0.008510638297872342], [0.08139534883720931, 0.05925925925925926, 0.0, 0.05737704918032787, 0.0682471264367816, 0.044973362438513506, 0.025, 0.0787334663415355, 0.09152140123343305, 0.0058087387264077585, 0.04508670520231214, 0.005808736131872236, 0.07666666666666667, 0.006289308176100629, 0.0625, 0.044444444444444446, 0.24489795918367346, 0.08178438661710037, 0.07012195121951219, 0.06555944055944056, 0.04680851063829788], [0.04817275747508306, 0.029629629629629627, 0.03278688524590164, 0.03278688524590164, 0.05854885057471264, 0.03549400621138363, 0.025, 0.07614719574373752, 0.07465779753647653, 0.004435104588559101, 0.03583815028901734, 0.004435109064954446, 0.04833333333333334, 0.05660377358490566, 0.0, 0.03111111111111111, 0.173469387755102, 0.05762081784386617, 0.05609756097560976, 0.062062937062937064, 0.03404255319148936], [0.06312292358803986, 0.037037037037037035, 0.040983606557377046, 0.040983606557377046, 0.08728448275862069, 0.05578064572332322, 0.025, 0.08021133525456292, 0.11137666505105878, 0.007342391257983124, 0.055491329479768786, 0.007342400278603316, 0.06333333333333334, 0.03773584905660378, 0.0, 0.08888888888888889, 0.18367346938775508, 0.07806691449814127, 0.08963414634146341, 0.08391608391608392, 0.0425531914893617], [0.17607973421926912, 0.2074074074074074, 0.1557377049180328, 0.03278688524590164, 0.19324712643678163, 0.14170003187795868, 0.015, 0.14726963718318184, 0.1541457055471061, 0.03423753383937937, 0.1421965317919075, 0.03423754633925169, 0.17666666666666667, 0.24528301886792453, 0.0, 0.14222222222222222, 0.2755102040816326, 0.15799256505576206, 0.18048780487804877, 0.21153846153846154, 0.23829787234042554], [0.18272425249169436, 0.17777777777777778, 0.16393442622950818, 0.06557377049180328, 0.2377873563218391, 0.16979272388484, 0.01, 0.16662971994384096, 0.16322096501930372, 0.0464238638069576, 0.1699421965317919, 0.04642387576580162, 0.16166666666666668, 0.14465408805031446, 0.2708333333333333, 0.16444444444444445, 0.22448979591836732, 0.14312267657992564, 0.21951219512195122, 0.263986013986014, 0.20425531914893616], [0.03156146179401993, 0.007407407407407408, 0.0, 0.00819672131147541, 0.02514367816091954, 0.01355873272972078, 0.04, 0.046774551097317665, 0.046445941203015054, 0.0010402317183734408, 0.013872832369942197, 0.0010402199889467164, 0.030000000000000002, 0.15723270440251574, 0.020833333333333332, 0.04, 0.14285714285714282, 0.02973977695167286, 0.02621951219512195, 0.0236013986013986, 0.008510638297872342], [0.0049833887043189366, 0.0, 0.0, 0.0, 0.003232758620689655, 0.001280514857942642, 0.165, 0.011084016847705607, 0.018501495830060336, 2.3287043484132767e-05, 0.0011560693641618498, 2.330106234338027e-05, 0.005, 0.0, 0.0, 0.0044444444444444444, 0.05102040816326531, 0.007434944237918215, 0.0030487804878048777, 0.0034965034965034965, 0.0], [0.13953488372093023, 0.05925925925925926, 0.0, 0.016393442622950817, 0.31429597701149425, 0.25047672388638187, 0.01, 0.17139584718835438, 0.23411829592365418, 0.0704358012230586, 0.2508670520231214, 0.07043578874937227, 0.14, 0.12578616352201258, 0.0, 0.12, 0.3061224489795918, 0.26022304832713755, 0.2780487804878049, 0.36625874125874125, 0.06808510638297872], [0.0016611295681063123, 0.0, 0.0, 0.0, 0.0, 3.854650385137393e-05, 0.5, 0.003694672282568536, 0.0016713185031671486, 2.3366489548598e-07, 0.11560693641618497, 4.2059679320181e-06, 0.0016666666666666668, 0.006289308176100629, 0.020833333333333332, 0.0044444444444444444, 0.0, 0.0018587360594795538, 0.0, 0.0008741258741258741, 0.0], [0.18106312292358803, 0.14074074074074072, 0.09016393442622951, 0.02459016393442623, 0.07974137931034482, 0.05097967866863459, 0.02, 0.08833961427621369, 0.09245733959520666, 0.007388364826169991, 0.05086705202312139, 0.007388371508100275, 0.14833333333333334, 0.20125786163522014, 0.41666666666666663, 0.07555555555555556, 0.22448979591836732, 0.07063197026022304, 0.0871951219512195, 0.06905594405594405, 0.16170212765957445], [0.10465116279069768, 0.11851851851851854, 0.06557377049180328, 0.04918032786885246, 0.15373563218390807, 0.10962587148826894, 0.015, 0.11822951304219315, 0.1485300753764645, 0.021265330412057925, 0.10982658959537571, 0.02126533180460419, 0.095, 0.03773584905660378, 0.125, 0.022222222222222223, 0.2346938775510204, 0.13940520446096655, 0.13902439024390245, 0.17482517482517482, 