accuracy,precision,recall,f1,tn,fp,fn,tp
0.7155555555555555,0.3684210526315789,0.25925925925925924,0.30434782608695654,147,24,40,14
