{"false_positives_values": [[0.05405405405405406, 0.08163265306122448, 0.0816326530612245, 0.21874999999999997], [0.02702702702702703, 0.22448979591836735, 0.22448979591836735, 0.5208333333333333], [0.02702702702702703, 0.16326530612244897, 0.163265306122449, 0.3541666666666667], [0.02702702702702703, 0.02040816326530612, 0.02040816326530612, 0.08333333333333333], [0.05405405405405406, 0.2040816326530612, 0.20408163265306123, 0.6145833333333333], [0.02702702702702703, 0.02040816326530612, 0.02040816326530612, 0.020833333333333332], [0.04054054054054054, 0.26530612244897955, 0.26530612244897955, 0.34375], [0.02702702702702703, 0.2040816326530612, 0.20408163265306123, 0.4583333333333333], [0.21621621621621623, 0.10204081632653061, 0.10204081632653061, 0.34375], [0.17567567567567569, 0.04081632653061225, 0.04081632653061225, 0.14583333333333331], [0.02702702702702703, 0.02040816326530612, 0.02040816326530612, 0.020833333333333332], [0.08108108108108109, 0.32653061224489793, 0.32653061224489793, 0.7083333333333333], [0.1891891891891892, 0.04081632653061225, 0.04081632653061225, 0.19791666666666666], [0.02702702702702703, 0.10204081632653061, 0.10204081632653061, 0.2708333333333333], [0.02702702702702703, 0.10204081632653061, 0.10204081632653061, 0.4479166666666667], [0.14864864864864866, 0.04081632653061225, 0.04081632653061225, 0.13541666666666666], [0.013513513513513514, 0.22448979591836735, 0.22448979591836735, 0.34375], [0.05405405405405406, 0.061224489795918366, 0.061224489795918366, 0.14583333333333331], [0.02702702702702703, 0.061224489795918366, 0.061224489795918366, 0.09375], [0.05405405405405406, 0.061224489795918366, 0.061224489795918366, 0.24999999999999997], [0.05405405405405406, 0.10204081632653061, 0.10204081632653061, 0.34375], [0.13513513513513514, 0.14285714285714285, 0.14285714285714285, 0.3854166666666667], [0.05405405405405406, 0.2040816326530612, 0.20408163265306123, 0.2708333333333333], [0.13513513513513514, 0.061224489795918366, 0.061224489795918366, 0.14583333333333331]], "false_negatives_values": [[0.02702702702702703, 0.16326530612244897, 0.163265306122449, 0.20833333333333331], [0.1891891891891892, 0.02040816326530612, 0.02040816326530612, 0.34375], [0.35135135135135137, 0.08163265306122448, 0.0816326530612245, 0.4895833333333333], [0.14864864864864866, 0.02040816326530612, 0.02040816326530612, 0.375], [0.28378378378378377, 0.02040816326530612, 0.02040816326530612, 0.19791666666666666], [0.05405405405405406, 0.0, 0.0, 0.020833333333333332], [0.05405405405405406, 0.061224489795918366, 0.061224489795918366, 0.3333333333333333], [0.05405405405405406, 0.061224489795918366, 0.061224489795918366, 0.020833333333333332], [0.02702702702702703, 0.14285714285714285, 0.14285714285714285, 0.2708333333333333], [0.02702702702702703, 0.04081632653061225, 0.04081632653061225, 0.375], [0.21621621621621623, 0.08163265306122448, 0.0816326530612245, 0.3958333333333333], [0.21621621621621623, 0.12244897959183673, 0.12244897959183673, 0.8854166666666666], [0.1891891891891892, 0.04081632653061225, 0.04081632653061225, 0.17708333333333331], [0.02702702702702703, 0.0, 0.0, 0.0], [0.21621621621621623, 0.04081632653061225, 0.04081632653061225, 0.19791666666666666], [0.02702702702702703, 0.0, 0.0, 0.0], [0.14864864864864866, 0.32653061224489793, 0.32653061224489793, 0.8020833333333333], [0.05405405405405406, 0.0, 0.0, 0.020833333333333332], [0.0, 0.24489795918367344, 0.2448979591836735, 0.2708333333333333], [0.2972972972972973, 0.0, 0.0, 0.20833333333333331], [0.05405405405405406, 0.08163265306122448, 0.0816326530612245, 0.12499999999999999], [0.05405405405405406, 0.0, 0.0, 0.020833333333333332], [0.05405405405405406, 0.08163265306122448, 0.0816326530612245, 0.34375], [0.14864864864864866, 0.04081632653061225, 0.04081632653061225, 0.3958333333333333], [0.05405405405405406, 0.3061224489795918, 0.3061224489795918, 0.9999999999999999], [0.013513513513513514, 0.18367346938775508, 0.1836734693877551, 0.4270833333333333], [0.05405405405405406, 0.08163265306122448, 0.0816326530612245, 0.3229166666666667], [0.02702702702702703, 0.08163265306122448, 0.0816326530612245, 0.3229166666666667], [0.05405405405405406, 0.10204081632653061, 0.10204081632653061, 0.375], [0.02702702702702703, 0.2040816326530612, 0.20408163265306123, 0.3958333333333333], [0.05405405405405406, 0.061224489795918366, 0.061224489795918366, 0.12499999999999999], [0.05405405405405406, 0.16326530612244897, 0.163265306122449, 0.24999999999999997], [0.14864864864864866, 0.0, 0.0, 0.09375], [0.05405405405405406, 0.02040816326530612, 0.02040816326530612, 0.020833333333333332], [0.2702702702702703, 0.26530612244897955, 0.26530612244897955, 0.6979166666666666], [0.1891891891891892, 0.14285714285714285, 0.14285714285714285, 0.49999999999999994], [0.05405405405405406, 0.14285714285714285, 0.14285714285714285, 0.24999999999999997], [0.05405405405405406, 0.16326530612244897, 0.163265306122449, 0.2708333333333333], [0.02702702702702703, 0.02040816326530612, 0.02040816326530612, 0.09375], [0.02702702702702703, 0.08163265306122448, 0.0816326530612245, 0.14583333333333331]], "data_columns": ["V1", "V2", "V3", "V4", "Class"]}