accuracy,precision,recall,f1,tn,fp,fn,tp
0.7316017316017316,0.6395348837209303,0.6395348837209303,0.6395348837209303,114,31,31,55
