accuracy,precision,recall,f1,tn,fp,fn,tp
0.9766355140186916,0.9855769230769231,0.9669811320754716,0.9761904761904762,213,3,7,205
