accuracy,precision,recall,f1,tn,fp,fn,tp
0.7288888888888889,0.41025641025641024,0.2962962962962963,0.34408602150537637,148,23,38,16
