accuracy,precision,recall,f1,tn,fp,fn,tp
0.9883040935672515,0.9836065573770492,0.9836065573770492,0.9836065573770492,109,1,1,60
