{"false_positives_values": [[0.35444176250650766, 0.5167399391274939, 0.3594775758413379, 0.21756097560975607, 0.3226505371490476, 0.3178332617630821, 0.23641049671977504, 0.19333996023856856, 0.4101010101010102, 0.2832771693344567, 0.05167481441245698, 0.15885785007072134, 0.08754652970833532, 0.030459583338002756, 0.18441717374307373, 0.33254724066452374, 0.09669191919191918, 0.2201174464860769, 0.18008104913603873, 0.18020383485921576, 0.29491284240483806, 0.5253198294243071, 0.3142088749439714, 0.15328843885174986, 0.41491118008320677, 0.38120324824635454, 0.32268370607028757, 0.41408934707903783, 0.31973191405479995, 0.3099829463465828]], "false_negatives_values": [[0.27398362440248, 0.43151843084206953, 0.26211042775205584, 0.15389183457051964, 0.34233095603502767, 0.11726274461689468, 0.11037956888472351, 0.13439363817097416, 0.26515151515151525, 0.22514743049705155, 0.045337678797754834, 0.2253801272984441, 0.03298308438957736, 0.024408010489392944, 0.19668898935989393, 0.07336197314266832, 0.058888888888888886, 0.1689713960977458, 0.12084201046884673, 0.05990671964069787, 0.23336890786197084, 0.5690298507462687, 0.20733104238258881, 0.11511993708218639, 0.4670804992405732, 0.12128532758971972, 0.1738817891373802, 0.32065292096219933, 0.2491622314212497, 0.16810966810966815]], "data_columns": ["V1", "V2", "V3", "V4", "V5", "V6", "V7", "V8", "V9", "V10", "V11", "V12", "V13", "V14", "V15", "V16", "V17", "V18", "V19", "V20", "V21", "V22", "V23", "V24", "V25", "V26", "V27", "V28", "V29", "V30", "Class"]}