accuracy,precision,recall,f1,tn,fp,fn,tp
0.8927444794952681,0.8556701030927835,0.8058252427184466,0.83,200,14,20,83
