accuracy,precision,recall,f1,tn,fp,fn,tp
0.8751974723538705,0.6153846153846154,0.3516483516483517,0.44755244755244755,522,20,59,32
