accuracy,precision,recall,f1,tn,fp,fn,tp
0.8706624605678234,0.8163265306122449,0.7766990291262136,0.7960199004975125,196,18,23,80
