accuracy,precision,recall,f1,tn,fp,fn,tp
0.7619047619047619,0.7246376811594203,0.5813953488372093,0.6451612903225806,126,19,36,50
