accuracy,precision,recall,f1,tn,fp,fn,tp
0.9013563501849569,0.8271604938271605,0.8410041841004184,0.8340248962655602,1060,84,76,402
