accuracy,precision,recall,f1,tn,fp,fn,tp
0.8751668891855807,0.875452196382429,0.8411122144985105,0.8579387186629527,2239,241,320,1694
