accuracy,precision,recall,f1,tn,fp,fn,tp
0.9888888888888889,0.9767441860465116,1.0,0.9882352941176471,94,2,0,84
