accuracy,precision,recall,f1,tn,fp,fn,tp
0.5934065934065934,0.5947368421052631,0.6141304347826086,0.6042780748663101,103,77,71,113
