accuracy,precision,recall,f1,tn,fp,fn,tp
0.985981308411215,0.9904761904761905,0.9811320754716981,0.985781990521327,214,2,4,208
