accuracy,precision,recall,f1,tn,fp,fn,tp
0.9421813403416557,0.7777777777777778,0.14285714285714285,0.2413793103448276,710,2,42,7
