accuracy,precision,recall,f1,tn,fp,fn,tp
0.8280254777070064,0.7777777777777778,0.21875,0.34146341463414637,123,2,25,7
