{"false_positives_values": [[0.14678178963893249, 0.03910614525139665, 0.024193548387096774, 0.028169014084507043, 0.1276061291132881, 0.10207762573282043, 0.025, 0.18448758813870375, 0.4353105575097576, 0.030707037190746654, 0.1020408163265306, 0.023937024316907595, 0.12285456187895212, 0.20454545454545456, 0.3305785123966942, 0.0, 0.391304347826087, 0.28, 0.13168557536466774, 0.1209517514871117, 0.038888888888888896], [0.1357927786499215, 0.1564245810055866, 0.04838709677419355, 0.09154929577464789, 0.11680482290881687, 0.08687263711253378, 0.015, 0.3848159953636627, 0.17766106105141422, 0.05449650829470347, 0.08695652173913043, 0.04248165318616809, 0.12014453477868112, 0.09090909090909091, 0.2644628099173554, 0.18181818181818182, 0.4782608695652174, 0.1723076923076923, 0.10980551053484602, 0.12822207534699273, 0.15555555555555556]], "false_negatives_values": [[0.010204081632653062, 0.011173184357541898, 0.0, 0.01408450704225352, 0.010298919869379553, 0.0056185856033613936, 0.075, 0.06317009562445668, 0.07001397388329397, 0.0005784630797001089, 0.005323868677905945, 0.00045090720818394297, 0.009033423667570008, 0.0, 0.01652892561983471, 0.0, 0.19565217391304346, 0.04, 0.009724473257698542, 0.011235955056179775, 0.011111111111111112], [0.02433281004709576, 0.027932960893854747, 0.0, 0.035211267605633804, 0.021602612408942477, 0.013196977869888002, 0.03, 0.16362407031778228, 0.06346070447646122, 0.0035203807187094566, 0.013309671694764862, 0.002744254853459731, 0.024390243902439022, 0.022727272727272728, 0.01652892561983471, 0.0, 0.3695652173913043, 0.052307692307692305, 0.021880064829821716, 0.021150033046926635, 0.02777777777777778], [0.04866562009419153, 0.0223463687150838, 0.0, 0.02112676056338028, 0.039939713639788994, 0.02583236333697674, 0.03, 0.16005022698734664, 0.12704187346407747, 0.006738645049701054, 0.025732031943212066, 0.005252961165330835, 0.045167118337850046, 0.022727272727272728, 0.08264462809917356, 0.0, 0.28260869565217395, 0.09230769230769231, 0.03565640194489465, 0.04692663582286847, 0.022222222222222223], [0.043171114599686033, 0.01675977653631285, 0.0, 0.02112676056338028, 0.026124089424767644, 0.016176167899271794, 0.035, 0.1350333236742973, 0.09427552642991374, 0.003560194758922587, 0.015971606033717833, 0.002775291069064335, 0.03974706413730804, 0.06818181818181818, 0.024793388429752067, 0.0, 0.30434782608695654, 0.06769230769230769, 0.02552674230145867, 0.02709847984137475, 0.016666666666666666], [0.025902668759811617, 0.027932960893854747, 0.04032258064516129, 0.035211267605633804, 0.019844260236121576, 0.011934208222730091, 0.03, 0.1573456968994494, 0.059702211728424805, 0.00306038187094175, 0.011535048802129548, 0.0023856722192743263, 0.024390243902439022, 0.022727272727272728, 0.03305785123966942, 0.0, 0.391304347826087, 0.043076923076923075, 0.022285251215559156, 0.015862524785194974, 0.02777777777777778], [0.03453689167974883, 0.0446927374301676, 0.0, 0.02112676056338028, 0.04923386083898518, 0.03427162736998501, 0.02, 0.22534531053800827, 0.11966944538139064, 0.012591737369417166, 0.03460514640638864, 0.009815611556214002, 0.03252032520325203, 0.045454545454545456, 0.03305785123966942, 0.09090909090909091, 0.41304347826086957, 0.12, 0.04254457050243112, 0.06014540647719762, 0.044444444444444446], [0.0282574568288854, 0.03910614525139665, 0.0, 0.02112676056338028, 0.02461693041949259, 0.014074706280371534, 0.045, 0.11252776972858108, 0.09844359851587721, 0.0025812350309686177, 0.01419698314108252, 0.0020121268621974384, 0.02168021680216802, 0.09090909090909091, 0.05785123966942149, 0.0, 0.2173913043478261, 0.052307692307692305, 0.02512155591572123, 0.023793787177792465, 0.038888888888888896], [0.044740973312401885, 0.01675977653631285, 0.0, 0.01408450704225352, 0.03491585028887214, 0.022325294192797423, 0.03, 0.15831160050226986, 0.11097190767599865, 0.005761333762710295, 0.022182786157941437, 0.004491103746489395, 0.03974706413730804, 0.022727272727272728, 0.08264462809917356, 0.0, 0.30434782608695654, 0.08307692307692308, 0.03241491085899514, 0.038995373430270985, 0.016666666666666666], [0.06907378335949764, 0.06703910614525141, 0.04032258064516129, 0.04225352112676057, 0.05978397387591057, 0.041918333404308686, 0.025, 0.19607843137254902, 0.16821664337686115, 0.01340054446235502, 0.0417036379769299, 0.010446136778497012, 0.06142728093947606, 0.13636363636363635, 0.09917355371900827, 0.09090909090909091, 0.3695652173913043, 0.13230769230769232, 0.05713128038897893, 0.06411103767349637, 0.06666666666666667], [0.03218210361067504, 0.01675977653631285, 0.0, 0.01408450704225352, 0.019341873901029892, 0.011635816050837274, 0.04, 0.12102772143340093, 0.07567580590757962, 0.0022950768556262435, 0.011535048802129548, 0.001789058146251926, 0.02077687443541102, 0.11363636363636365, 0.0743801652892562, 0.09090909090909091, 0.28260869565217395, 0.05846153846153846, 0.017423014586709886, 0.02247191011235955, 0.016666666666666666], [0.0023547880690737836, 0.0, 0.0, 0.0, 0.0007535795026375283, 0.00023658447721928072, 0.335, 0.014488554042306576, 0.012841516889124464, 5.587935468509553e-06, 0.0, 4.377739885281e-06, 0.0018066847335140017, 0.0, 0.0, 0.0, 0.043478260869565216, 0.003076923076923077, 0.0008103727714748783, 0.0006609385327164573, 0.0], [0.09497645211930926, 0.027932960893854747, 0.03225806451612903, 0.028169014084507043, 0.08841999497613663, 0.06191267903530315, 0.015, 0.3651115618661257, 0.1334264925552932, 0.03685066490192214, 0.06211180124223602, 0.028726206412003737, 0.08220415537488708, 0.09090909090909091, 0.18181818181818182, 0.0, 0.43478260869565216, 0.12307692307692308, 0.08427876823338736, 0.09517514871116986, 0.02777777777777778], [0.005494505494505495, 0.0, 0.0, 0.0, 0.0022607385079125844, 0.0008871917895723027, 0.15, 0.0321645899739206, 0.021683612007902472, 4.656612890424627e-05, 0.0008873114463176575, 3.6328707107705005e-05, 0.0036133694670280035, 0.0, 0.008264462809917356, 0.0, 0.08695652173913043, 0.00923076923076923, 0.002025931928687196, 0.0026437541308658294, 0.0], [0.05180533751962324, 0.0223463687150838, 0.0, 0.028169014084507043, 0.053252951519718664, 0.03555095793054827, 0.03, 0.15782864870085964, 0.1772755746157182, 0.009145769324696695, 0.0354924578527063, 0.007129378091084563, 0.045167118337850046, 0.09090909090909091, 0.0743801652892562, 0.18181818181818182, 0.2608695652173913, 0.11384615384615385, 0.048217179902755265, 0.061467283542630535, 0.022222222222222223], [0.0015698587127158559, 0.0, 0.0, 0.0, 0.0, 0.0, 0.0, 0.0, 0.0, 0.0, 0.0, 0.0, 0.0009033423667570009, 0.0, 0.0, 0.0, 0.0, 0.0, 0.0, 0.0, 0.0], [0.007849293563579279, 0.011173184357541898, 0.0, 0.007042253521126761, 0.008289374529012811, 0.004483867304498418, 0.07, 0.06954505940307157, 0.05073965209849178, 0.0005083484594089853, 0.0044365572315882874, 0.00039628346871983973, 0.008130081300813007, 0.0, 0.0, 0.0, 0.2391304347826087, 0.03076923076923077, 0.008508914100486225, 0.007931262392597487, 0.011111111111111112], [0.06279434850863422, 0.0335195530726257, 0.0, 0.04225352112676057, 0.051745792514443605, 0.033618949943456315, 0.02, 0.21993625036221381, 0.12029586083939671, 0.012052622668641145, 0.03371783496007098, 0.009395348527227027, 0.05600722673893405, 0.09090909090909091, 0.09090909090909091, 0.0, 0.34782608695652173, 0.08615384615384615, 0.053079416531604535, 0.0495703899537343, 0.03333333333333334], [0.04003139717425432, 0.0335195530726257, 0.0, 0.02112676056338028, 0.033157498116051246, 0.020489990110768855, 0.04, 0.12054476963199072, 0.13376379318652726, 0.004026507973769709, 0.020408163265306124, 0.0031387741583452037, 0.02981029810298103, 0.13636363636363635, 0.0743801652892562, 0.0, 0.2391304347826087, 0.07692307692307693, 0.03241491085899514, 0.03436880370125578, 0.03333333333333334], [0.0, 0.0, 0.0, 0.0, 0.0, 2.957305965241009e-05, 0.5, 0.009659036028204384, 0.0024092902231002745, 4.6566128904246273e-07, 0.08873114463176575, 6.533940127285074e-06, 0.0009033423667570009, 0.022727272727272728, 0.008264462809917356, 