accuracy,precision,recall,f1,tn,fp,fn,tp
0.8871763255240444,0.8004073319755601,0.8221757322175732,0.8111455108359134,1046,98,85,393
