accuracy,precision,recall,f1,tn,fp,fn,tp
0.6236559139784946,0.6333333333333333,0.9661016949152542,0.7651006711409396,1,33,2,57
