accuracy,precision,recall,f1,tn,fp,fn,tp
0.8720516243880729,0.8866200967221923,0.8192651439920556,0.8516129032258064,2269,211,364,1650
