accuracy,precision,recall,f1,tn,fp,fn,tp
0.9833333333333333,0.9655172413793104,1.0,0.9824561403508771,93,3,0,84
