accuracy,precision,recall,f1,tn,fp,fn,tp
0.7748917748917749,0.8269230769230769,0.5,0.6231884057971014,136,9,43,43
