{"false_positives_values": [[0.4117647058823529, 0.7537688442211056, 0.5409836065573771, 0.42424242424242425, 0.40425531914893614, 0.5171385991058123, 0.27327070879590093, 0.35], [0.4117647058823529, 0.7135678391959799, 0.49180327868852464, 0.33333333333333337, 0.22458628841607564, 0.429210134128167, 0.2600341588385995, 0.6666666666666666], [0.058823529411764705, 0.9698492462311558, 0.4098360655737705, 0.16161616161616163, 0.4432624113475177, 0.3859910581222057, 0.24637062339880444, 0.050000000000000044], [0.3529411764705882, 0.8291457286432161, 0.5573770491803279, 0.26262626262626265, 0.19858156028368795, 0.5007451564828614, 0.23612297181895814, 0.4666666666666667], [0.6470588235294118, 0.6934673366834171, 0.6229508196721312, 0.0, 0.0, 0.4947839046199703, 0.14602903501280956, 0.2333333333333334], [0.3529411764705882, 0.7587939698492463, 0.5081967213114754, 0.31313131313131315, 0.14184397163120566, 0.5290611028315947, 0.26216908625106744, 0.1166666666666667], [0.0, 0.8291457286432161, 0.7377049180327869, 0.33333333333333337, 0.8037825059101654, 0.7794336810730254, 0.1490179333902647, 0.033333333333333326], [0.0, 0.8291457286432161, 0.6229508196721312, 0.43434343434343436, 0.30141843971631205, 0.7138599105812221, 0.07728437233134074, 0.08333333333333337], [0.5882352941176471, 0.577889447236181, 0.0, 0.0, 0.0, 0.526080476900149, 0.02391118701964133, 0.13333333333333336]], "false_negatives_values": [[0.058823529411764705, 0.6432160804020101, 0.39344262295081966, 0.4545454545454546, 0.2293144208037825, 0.6035767511177348, 0.22843723313407344, 0.050000000000000044], [0.23529411764705882, 0.7437185929648241, 0.49180327868852464, 0.27272727272727276, 0.375886524822695, 0.4605067064083458, 0.03074295473953885, 0.13333333333333336], [0.47058823529411764, 0.6231155778894473, 0.6229508196721312, 0.24242424242424243, 0.7092198581560284, 0.42771982116244417, 0.2600341588385995, 0.5166666666666667], [0.058823529411764705, 0.7236180904522613, 0.6721311475409837, 0.4646464646464647, 0.2127659574468085, 0.6870342771982118, 0.10973526900085397, 0.41666666666666663], [0.23529411764705882, 0.5477386934673367, 0.5245901639344263, 0.4444444444444445, 0.11702127659574468, 0.518628912071535, 0.35311699402220326, 0.08333333333333337], [0.11764705882352941, 0.7939698492462312, 0.7377049180327869, 0.0, 0.0, 0.4709388971684054, 0.3104184457728437, 0.7500000000000001], [0.4117647058823529, 0.6482412060301508, 0.5573770491803279, 0.494949494949495, 0.14775413711583923, 0.5737704918032788, 0.15414175918018785, 0.3666666666666667], [0.5294117647058824, 0.5628140703517588, 0.6721311475409837, 0.24242424242424243, 0.0, 0.42026825633383014, 0.5140905209222886, 0.4833333333333334], [0.11764705882352941, 0.542713567839196, 0.6557377049180328, 0.0, 0.0, 0.4023845007451565, 0.07728437233134074, 0.5166666666666667], [0.23529411764705882, 0.7286432160804021, 0.6721311475409837, 0.18181818181818182, 0.0, 0.48435171385991066, 0.06703672075149444, 0.8166666666666668], [0.23529411764705882, 0.628140703517588, 0.6557377049180328, 0.0, 0.0, 0.481371087928465, 0.19555935098206662, 0.10000000000000003], [0.11764705882352941, 0.7336683417085427, 0.5737704918032788, 0.38383838383838387, 0.425531914893617, 0.41728763040238454, 0.11058923996584115, 0.13333333333333336], [0.3529411764705882, 0.7386934673366834, 0.6557377049180328, 0.0, 0.0, 0.4396423248882266, 0.04269854824935951, 0.4833333333333334], [0.23529411764705882, 0.628140703517588, 0.5737704918032788, 0.18181818181818182, 0.1442080378250591, 0.43070044709388977, 0.45516652433817245, 0.4], [0.8235294117647058, 0.5025125628140703, 0.639344262295082, 0.25252525252525254, 0.21749408983451535, 0.5454545454545455, 0.14261315115286077, 0.41666666666666663], [0.0, 0.6582914572864321, 0.0, 0.0, 0.0, 0.6438152011922504, 0.08198121263877028, 0.08333333333333337], [0.4117647058823529, 0.5477386934673367, 0.6557377049180328, 0.31313131313131315, 0.0, 0.5350223546944859, 0.4479077711357814, 0.3666666666666667], [0.47058823529411764, 0.6030150753768845, 0.7049180327868853, 0.0, 0.0, 0.42324888226527574, 0.07728437233134074, 0.016666666666666663], [0.058823529411764705, 0.5678391959798995, 0.5245901639344263, 0.3535353535353536, 0.0, 0.5007451564828614, 0.19854824935952176, 0.0], [0.058823529411764705, 0.6432160804020101, 0.8032786885245902, 0.4141414141414142, 0.06855791962174941, 0.4769001490312966, 0.5307429547395388, 0.20000000000000007], [0.3529411764705882, 0.5226130653266332, 0.6065573770491803, 0.18181818181818182, 0.18439716312056736, 0.4456035767511178, 0.2749786507258753, 0.33333333333333337], [0.0, 0.5678391959798995, 0.6229508196721312, 0.0, 0.0, 0.496274217585693, 0.08539709649871904, 0.033333333333333326], [0.47058823529411764, 0.5276381909547738, 0.819672131147541, 0.36363636363636365, 0.0, 0.6453055141579732, 0.06874466268146882, 0.4], [0.0, 0.7336683417085427, 0.5737704918032788, 0.0, 0.0, 0.5648286140089419, 0.10930828351836037, 0.1166666666666667], [0.4117647058823529, 0.5728643216080402, 0.5409836065573771, 0.0, 0.0, 0.488822652757079, 0.07685738684884713, 0.35], [0.1764705882352941, 0.6080402010050251, 0.42622950819672134, 0.0, 0.0, 0.5365126676602087, 0.020922288642186163, 0.06666666666666671], [0.3529411764705882, 0.5979899497487438, 0.4098360655737705, 0.22222222222222224, 0.20803782505910165, 0.40387481371087935, 0.529461998292058, 0.20000000000000007], [0.0, 0.6432160804020101, 0.5573770491803279, 0.19191919191919193, 0.2127659574468085, 0.4545454545454546, 0.5606319385140904, 0.06666666666666671], [0.11764705882352941, 0.7788944723618091, 0.6065573770491803, 0.17171717171717174, 0.11347517730496454, 0.3964232488822653, 0.1515798462852263, 0.10000000000000003], [0.4117647058823529, 0.5175879396984925, 0.5409836065573771, 0.32323232323232326, 0.0, 0.5827123695976156, 0.11357813834329632, 0.16666666666666663], [0.29411764705882354, 0.6984924623115578, 0.6557377049180328, 0.3535353535353536, 0.18912529550827423, 0.4709388971684054, 0.12083689154568743, 0.06666666666666671], [0.058823529411764705, 0.6331658291457286, 0.49180327868852464, 0.0, 0.0, 0.44858420268256344, 0.11571306575576427, 0.43333333333333335], [0.29411764705882354, 0.6231155778894473, 0.6065573770491803, 0.0, 0.0, 0.5067064083457526, 0.060631938514090516, 0.2833333333333333], [0.11764705882352941, 0.45226130653266333, 0.5573770491803279, 0.42424242424242425, 0.0, 0.5692995529061103, 0.18146883005977793, 0.10000000000000003], [0.0, 0.6180904522613065, 0.5901639344262295, 0.0, 0.0, 0.5409836065573771, 0.07685738684884713, 0.5166666666666667], [0.23529411764705882, 0.47738693467336685, 0.5245901639344263, 0.0, 0.0, 0.4769001490312966, 0.0354397950469684, 0.16666666666666663], [0.058823529411764705, 0.8391959798994975, 0.6065573770491803, 0.17171717171717174, 0.1702127659574468, 0.34873323397913564, 0.15755764304013664, 0.20000000000000007], [0.29411764705882354, 0.5628140703517588, 0.5409836065573771, 0.0, 0.0, 0.5633383010432191, 0.07813834329632792, 0.33333333333333337], [0.5882352941176471, 0.5577889447236181, 0.5737704918032788, 0.27272727272727276, 0.0, 0.40983606557377056, 0.026900085397096492, 0.31666666666666665], [0.7058823529411764, 0.4623115577889447, 0.5081967213114754, 0.07070707070707072, 0.3049645390070922, 0.4113263785394934, 0.36208368915456873, 0.3833333333333333], [0.0, 0.47738693467336685, 0.6967213114754098, 0.25252525252525254, 0.0425531914893617, 0.5573770491803279, 0.07216054654141758, 0.050000000000000044], [0.11764705882352941, 0.7336683417085427, 0.0, 0.0, 0.0, 0.40983606557377056, 0.06917164816396242, 0.1166666666666667], [0.058823529411764705, 0.6683417085427136, 0.8360655737704918, 0.2828282828282829, 0.16548463356973994, 0.488822652757079, 0.06660973526900085, 0.4]], "data_columns": ["preg", "plas", "pres", "skin", "insu", "mass", "pedi", "age", "class"]}