accuracy,precision,recall,f1,tn,fp,fn,tp
0.9742990654205608,0.9808612440191388,0.9669811320754716,0.9738717339667459,212,4,7,205
