accuracy,precision,recall,f1,tn,fp,fn,tp
0.8578199052132701,0.6,0.03296703296703297,0.0625,540,2,88,3
