dataset,classifier,fp-fn,silhouette,calinski,davies,num_clusters
usps_bin,rf,fp,,,,2
usps_bin,rf,fn,,,,1
usps_bin,svm,fp,,,,1
usps_bin,svm,fn,0.0787882850608173,1.9398726231086796,1.1811595114119124,3
usps_bin,xgb,fp,0.0955312832107277,1.4868962283318068,0.47347716954629243,2
usps_bin,xgb,fn,0.3902568948420101,6.374887992298015,0.8640672784465583,2
