accuracy,precision,recall,f1,tn,fp,fn,tp
0.9434954007884363,0.7142857142857143,0.20408163265306123,0.31746031746031744,708,4,39,10
