accuracy,precision,recall,f1,tn,fp,fn,tp
0.935672514619883,0.9166666666666666,0.9016393442622951,0.9090909090909091,105,5,6,55
