accuracy,precision,recall,f1,tn,fp,fn,tp
0.7688039457459926,0.6136865342163356,0.5815899581589958,0.5972073039742213,969,175,200,278
