accuracy,precision,recall,f1,tn,fp,fn,tp
0.8738170347003155,0.8247422680412371,0.7766990291262136,0.8,197,17,23,80
